"equipment_name","serial_number","equipment_type","contract_id","allocation_date","expected_return_date","actual_return_date","equipment_value","status","observations","qr_code_url","patrimony_url","cnpj","created_by","updated_by","deleted_by","deleted_at","id","created_date","updated_date","created_by_id","is_sample"
"GARRAFA TERMICA MAGIC PUMP PTO 1L","GPS14412","outros","6890f388f3819f21201abd21","2025-01-01","","2026-01-29","57.92","devolvido","","https://api.qrserver.com/v1/create-qr-code/?size=200x200&data=https%3A%2F%2Ffacilitagestor360.com.br%2Fpatrimony%2FGPS14412","https://facilitagestor360.com.br/patrimony/GPS14412","14842018000145","rafael.lobato@gpsfacility.com","","","","692703c85eb77c1365b9371e","2025-11-26T13:42:32.965000","2026-01-29T17:17:15.070000","6890c7d607b2a1cba40dc72a","false"
"Amazon Fire Tv Stick 4k Max 16gb","GPS14409","eletronico","6899f22a877c5ab49c2d1c2d","2025-01-01","","","469","em_uso","","https://api.qrserver.com/v1/create-qr-code/?size=200x200&data=https%3A%2F%2Ffacilitagestor360.com.br%2Fpatrimony%2FGPS14409","https://facilitagestor360.com.br/patrimony/GPS14409","14842018000145","rafael.lobato@gpsfacility.com","","","","6927039e8356b1c3cc92d233","2025-11-26T13:41:50.584000","2025-11-26T13:41:50.584000","6890c7d607b2a1cba40dc72a","false"
"ALEXA ECHO DOT 5 GERACAO","GPS14408","eletronico","6899f22a877c5ab49c2d1c2d","2025-01-01","","","390","em_uso","","https://api.qrserver.com/v1/create-qr-code/?size=200x200&data=https%3A%2F%2Ffacilitagestor360.com.br%2Fpatrimony%2FGPS14408","https://facilitagestor360.com.br/patrimony/GPS14408","14842018000145","rafael.lobato@gpsfacility.com","","","","6927038392328b20d1722996","2025-11-26T13:41:23.178000","2025-11-26T13:41:23.178000","6890c7d607b2a1cba40dc72a","false"
"PARAFUSO SEXTAVADO 1/4 X 3/4"" 7","GPS14407-007","outros","6899f22a877c5ab49c2d1c2d","2025-01-01","","","0.25","em_uso","","https://api.qrserver.com/v1/create-qr-code/?size=200x200&data=https%3A%2F%2Ffacilitagestor360.com.br%2Fpatrimony%2FGPS14407-007","https://facilitagestor360.com.br/patrimony/GPS14407-007","14842018000145","rafael.lobato@gpsfacility.com","","","","692703638fb7706628b00d8e","2025-11-26T13:40:51.160000","2025-11-26T13:40:51.160000","6890c7d607b2a1cba40dc72a","false"
"PARAFUSO SEXTAVADO 1/4 X 3/4"" 3","GPS14407-003","outros","6899f22a877c5ab49c2d1c2d","2025-01-01","","","0.25","em_uso","","https://api.qrserver.com/v1/create-qr-code/?size=200x200&data=https%3A%2F%2Ffacilitagestor360.com.br%2Fpatrimony%2FGPS14407-003","https://facilitagestor360.com.br/patrimony/GPS14407-003","14842018000145","rafael.lobato@gpsfacility.com","","","","692703638fb7706628b00d8a","2025-11-26T13:40:51.160000","2025-11-26T13:40:51.160000","6890c7d607b2a1cba40dc72a","false"
"PARAFUSO SEXTAVADO 1/4 X 3/4"" 10","GPS14407-010","outros","6899f22a877c5ab49c2d1c2d","2025-01-01","","","0.25","em_uso","","https://api.qrserver.com/v1/create-qr-code/?size=200x200&data=https%3A%2F%2Ffacilitagestor360.com.br%2Fpatrimony%2FGPS14407-010","https://facilitagestor360.com.br/patrimony/GPS14407-010","14842018000145","rafael.lobato@gpsfacility.com","","","","692703638fb7706628b00d91","2025-11-26T13:40:51.160000","2025-11-26T13:40:51.160000","6890c7d607b2a1cba40dc72a","false"
"PARAFUSO SEXTAVADO 1/4 X 3/4"" 9","GPS14407-009","outros","6899f22a877c5ab49c2d1c2d","2025-01-01","","","0.25","em_uso","","https://api.qrserver.com/v1/create-qr-code/?size=200x200&data=https%3A%2F%2Ffacilitagestor360.com.br%2Fpatrimony%2FGPS14407-009","https://facilitagestor360.com.br/patrimony/GPS14407-009","14842018000145","rafael.lobato@gpsfacility.com","","","","692703638fb7706628b00d90","2025-11-26T13:40:51.160000","2025-11-26T13:40:51.160000","6890c7d607b2a1cba40dc72a","false"
"PARAFUSO SEXTAVADO 1/4 X 3/4"" 4","GPS14407-004","outros","6899f22a877c5ab49c2d1c2d","2025-01-01","","","0.25","em_uso","","https://api.qrserver.com/v1/create-qr-code/?size=200x200&data=https%3A%2F%2Ffacilitagestor360.com.br%2Fpatrimony%2FGPS14407-004","https://facilitagestor360.com.br/patrimony/GPS14407-004","14842018000145","rafael.lobato@gpsfacility.com","","","","692703638fb7706628b00d8b","2025-11-26T13:40:51.160000","2025-11-26T13:40:51.160000","6890c7d607b2a1cba40dc72a","false"
"PARAFUSO SEXTAVADO 1/4 X 3/4"" 6","GPS14407-006","outros","6899f22a877c5ab49c2d1c2d","2025-01-01","","","0.25","em_uso","","https://api.qrserver.com/v1/create-qr-code/?size=200x200&data=https%3A%2F%2Ffacilitagestor360.com.br%2Fpatrimony%2FGPS14407-006","https://facilitagestor360.com.br/patrimony/GPS14407-006","14842018000145","rafael.lobato@gpsfacility.com","","","","692703638fb7706628b00d8d","2025-11-26T13:40:51.160000","2025-11-26T13:40:51.160000","6890c7d607b2a1cba40dc72a","false"
"PARAFUSO SEXTAVADO 1/4 X 3/4"" 11","GPS14407-011","outros","6899f22a877c5ab49c2d1c2d","2025-01-01","","","0.25","em_uso","","https://api.qrserver.com/v1/create-qr-code/?size=200x200&data=https%3A%2F%2Ffacilitagestor360.com.br%2Fpatrimony%2FGPS14407-011","https://facilitagestor360.com.br/patrimony/GPS14407-011","14842018000145","rafael.lobato@gpsfacility.com","","","","692703638fb7706628b00d92","2025-11-26T13:40:51.160000","2025-11-26T13:40:51.160000","6890c7d607b2a1cba40dc72a","false"
"PARAFUSO SEXTAVADO 1/4 X 3/4"" 2","GPS14407-002","outros","6899f22a877c5ab49c2d1c2d","2025-01-01","","","0.25","em_uso","","https://api.qrserver.com/v1/create-qr-code/?size=200x200&data=https%3A%2F%2Ffacilitagestor360.com.br%2Fpatrimony%2FGPS14407-002","https://facilitagestor360.com.br/patrimony/GPS14407-002","14842018000145","rafael.lobato@gpsfacility.com","","","","692703638fb7706628b00d89","2025-11-26T13:40:51.160000","2025-11-26T13:40:51.160000","6890c7d607b2a1cba40dc72a","false"
"PARAFUSO SEXTAVADO 1/4 X 3/4"" 8","GPS14407-008","outros","6899f22a877c5ab49c2d1c2d","2025-01-01","","","0.25","em_uso","","https://api.qrserver.com/v1/create-qr-code/?size=200x200&data=https%3A%2F%2Ffacilitagestor360.com.br%2Fpatrimony%2FGPS14407-008","https://facilitagestor360.com.br/patrimony/GPS14407-008","14842018000145","rafael.lobato@gpsfacility.com","","","","692703638fb7706628b00d8f","2025-11-26T13:40:51.160000","2025-11-26T13:40:51.160000","6890c7d607b2a1cba40dc72a","false"
"PARAFUSO SEXTAVADO 1/4 X 3/4"" 12","GPS14407-012","outros","6899f22a877c5ab49c2d1c2d","2025-01-01","","","0.25","em_uso","","https://api.qrserver.com/v1/create-qr-code/?size=200x200&data=https%3A%2F%2Ffacilitagestor360.com.br%2Fpatrimony%2FGPS14407-012","https://facilitagestor360.com.br/patrimony/GPS14407-012","14842018000145","rafael.lobato@gpsfacility.com","","","","692703638fb7706628b00d93","2025-11-26T13:40:51.160000","2025-11-26T13:40:51.160000","6890c7d607b2a1cba40dc72a","false"
"PARAFUSO SEXTAVADO 1/4 X 3/4"" 5","GPS14407-005","outros","6899f22a877c5ab49c2d1c2d","2025-01-01","","","0.25","em_uso","","https://api.qrserver.com/v1/create-qr-code/?size=200x200&data=https%3A%2F%2Ffacilitagestor360.com.br%2Fpatrimony%2FGPS14407-005","https://facilitagestor360.com.br/patrimony/GPS14407-005","14842018000145","rafael.lobato@gpsfacility.com","","","","692703638fb7706628b00d8c","2025-11-26T13:40:51.160000","2025-11-26T13:40:51.160000","6890c7d607b2a1cba40dc72a","false"
"PARAFUSO SEXTAVADO 1/4 X 3/4"" 1","GPS14407-001","outros","6899f22a877c5ab49c2d1c2d","2025-01-01","","","0.25","em_uso","","https://api.qrserver.com/v1/create-qr-code/?size=200x200&data=https%3A%2F%2Ffacilitagestor360.com.br%2Fpatrimony%2FGPS14407-001","https://facilitagestor360.com.br/patrimony/GPS14407-001","14842018000145","rafael.lobato@gpsfacility.com","","","","692703638fb7706628b00d88","2025-11-26T13:40:51.160000","2025-11-26T13:40:51.160000","6890c7d607b2a1cba40dc72a","false"
"BASE DIRETOR GIRATORIA PRETA 2","GPS14406-002","mobiliario","6899f22a877c5ab49c2d1c2d","2025-01-01","","","161.5","em_uso","","https://api.qrserver.com/v1/create-qr-code/?size=200x200&data=https%3A%2F%2Ffacilitagestor360.com.br%2Fpatrimony%2FGPS14406-002","https://facilitagestor360.com.br/patrimony/GPS14406-002","14842018000145","rafael.lobato@gpsfacility.com","","","","692703410590ed3929e16930","2025-11-26T13:40:17.826000","2025-11-26T13:40:17.826000","6890c7d607b2a1cba40dc72a","false"
"BASE DIRETOR GIRATORIA PRETA 1","GPS14406-001","mobiliario","6899f22a877c5ab49c2d1c2d","2025-01-01","","","161.5","em_uso","","https://api.qrserver.com/v1/create-qr-code/?size=200x200&data=https%3A%2F%2Ffacilitagestor360.com.br%2Fpatrimony%2FGPS14406-001","https://facilitagestor360.com.br/patrimony/GPS14406-001","14842018000145","rafael.lobato@gpsfacility.com","","","","692703410590ed3929e1692f","2025-11-26T13:40:17.826000","2025-11-26T13:40:17.826000","6890c7d607b2a1cba40dc72a","false"
"BASE DIRETOR GIRATORIA PRETA 3","GPS14406-003","mobiliario","6899f22a877c5ab49c2d1c2d","2025-01-01","","","161.5","em_uso","","https://api.qrserver.com/v1/create-qr-code/?size=200x200&data=https%3A%2F%2Ffacilitagestor360.com.br%2Fpatrimony%2FGPS14406-003","https://facilitagestor360.com.br/patrimony/GPS14406-003","14842018000145","rafael.lobato@gpsfacility.com","","","","692703410590ed3929e16931","2025-11-26T13:40:17.826000","2025-11-26T13:40:17.826000","6890c7d607b2a1cba40dc72a","false"
"PAR DE BRACO LICI REGULAVEL PTO 3","GPS14405-003","ferramenta","6899f22a877c5ab49c2d1c2d","2025-01-01","","","32","em_uso","","https://api.qrserver.com/v1/create-qr-code/?size=200x200&data=https%3A%2F%2Ffacilitagestor360.com.br%2Fpatrimony%2FGPS14405-003","https://facilitagestor360.com.br/patrimony/GPS14405-003","14842018000145","rafael.lobato@gpsfacility.com","","","","69270323a570a4a82251548c","2025-11-26T13:39:47.195000","2025-11-26T13:39:47.195000","6890c7d607b2a1cba40dc72a","false"
"PAR DE BRACO LICI REGULAVEL PTO 2","GPS14405-002","ferramenta","6899f22a877c5ab49c2d1c2d","2025-01-01","","","32","em_uso","","https://api.qrserver.com/v1/create-qr-code/?size=200x200&data=https%3A%2F%2Ffacilitagestor360.com.br%2Fpatrimony%2FGPS14405-002","https://facilitagestor360.com.br/patrimony/GPS14405-002","14842018000145","rafael.lobato@gpsfacility.com","","","","69270323a570a4a82251548b","2025-11-26T13:39:47.195000","2025-11-26T13:39:47.195000","6890c7d607b2a1cba40dc72a","false"
"PAR DE BRACO LICI REGULAVEL PTO 1","GPS14405-001","ferramenta","6899f22a877c5ab49c2d1c2d","2025-01-01","","","32","em_uso","","https://api.qrserver.com/v1/create-qr-code/?size=200x200&data=https%3A%2F%2Ffacilitagestor360.com.br%2Fpatrimony%2FGPS14405-001","https://facilitagestor360.com.br/patrimony/GPS14405-001","14842018000145","rafael.lobato@gpsfacility.com","","","","69270323a570a4a82251548a","2025-11-26T13:39:47.195000","2025-11-26T13:39:47.195000","6890c7d607b2a1cba40dc72a","false"
"A/E PRESIDENTE BAIXO KOMANCHE PT 1","GPS14404-001","mobiliario","6899f22a877c5ab49c2d1c2d","2025-01-01","","","231.4","em_uso","","https://api.qrserver.com/v1/create-qr-code/?size=200x200&data=https%3A%2F%2Ffacilitagestor360.com.br%2Fpatrimony%2FGPS14404-001","https://facilitagestor360.com.br/patrimony/GPS14404-001","14842018000145","rafael.lobato@gpsfacility.com","","","","692703054050e2444a527239","2025-11-26T13:39:17.113000","2025-11-26T13:39:17.113000","6890c7d607b2a1cba40dc72a","false"
"A/E PRESIDENTE BAIXO KOMANCHE PT 2","GPS14404-002","mobiliario","6899f22a877c5ab49c2d1c2d","2025-01-01","","","231.4","em_uso","","https://api.qrserver.com/v1/create-qr-code/?size=200x200&data=https%3A%2F%2Ffacilitagestor360.com.br%2Fpatrimony%2FGPS14404-002","https://facilitagestor360.com.br/patrimony/GPS14404-002","14842018000145","rafael.lobato@gpsfacility.com","","","","692703054050e2444a52723a","2025-11-26T13:39:17.113000","2025-11-26T13:39:17.113000","6890c7d607b2a1cba40dc72a","false"
"A/E PRESIDENTE BAIXO KOMANCHE PT 3","GPS14404-003","mobiliario","6899f22a877c5ab49c2d1c2d","2025-01-01","","","231.4","em_uso","","https://api.qrserver.com/v1/create-qr-code/?size=200x200&data=https%3A%2F%2Ffacilitagestor360.com.br%2Fpatrimony%2FGPS14404-003","https://facilitagestor360.com.br/patrimony/GPS14404-003","14842018000145","rafael.lobato@gpsfacility.com","","","","692703054050e2444a52723b","2025-11-26T13:39:17.113000","2025-11-26T13:39:17.113000","6890c7d607b2a1cba40dc72a","false"
"PONTEIRO SEXTAVADO","GPS14401","ferramenta","6899f22a877c5ab49c2d1c2d","2025-01-01","","","127.43","em_uso","","https://api.qrserver.com/v1/create-qr-code/?size=200x200&data=https%3A%2F%2Ffacilitagestor360.com.br%2Fpatrimony%2FGPS14401","https://facilitagestor360.com.br/patrimony/GPS14401","14842018000145","rafael.lobato@gpsfacility.com","","","","692702e1bb409c98a6589d05","2025-11-26T13:38:41.740000","2025-11-26T13:38:41.740000","6890c7d607b2a1cba40dc72a","false"
" TALHADEIRA SEXTAVADO 28X520MM","GPS14400","ferramenta","6899f22a877c5ab49c2d1c2d","2025-01-01","","","150","em_uso","","https://api.qrserver.com/v1/create-qr-code/?size=200x200&data=https%3A%2F%2Ffacilitagestor360.com.br%2Fpatrimony%2FGPS14400","https://facilitagestor360.com.br/patrimony/GPS14400","14842018000145","rafael.lobato@gpsfacility.com","","","","692702aa942fe9cffc729fa3","2025-11-26T13:37:46.005000","2025-11-26T13:37:46.005000","6890c7d607b2a1cba40dc72a","false"
"XICARA CAFE 228 BRASILIA 058 SCHMIDT 2","GPS14394-002","outros","6899f22a877c5ab49c2d1c2d","2025-01-01","","","21.3","em_uso","","https://api.qrserver.com/v1/create-qr-code/?size=200x200&data=https%3A%2F%2Ffacilitagestor360.com.br%2Fpatrimony%2FGPS14394-002","https://facilitagestor360.com.br/patrimony/GPS14394-002","14842018000145","rafael.lobato@gpsfacility.com","","","","6927025a5c652c9b1594c426","2025-11-26T13:36:26.021000","2025-11-26T13:36:26.021000","6890c7d607b2a1cba40dc72a","false"
"XICARA CAFE 228 BRASILIA 058 SCHMIDT 3","GPS14394-003","outros","6899f22a877c5ab49c2d1c2d","2025-01-01","","","21.3","em_uso","","https://api.qrserver.com/v1/create-qr-code/?size=200x200&data=https%3A%2F%2Ffacilitagestor360.com.br%2Fpatrimony%2FGPS14394-003","https://facilitagestor360.com.br/patrimony/GPS14394-003","14842018000145","rafael.lobato@gpsfacility.com","","","","6927025a5c652c9b1594c427","2025-11-26T13:36:26.021000","2025-11-26T13:36:26.021000","6890c7d607b2a1cba40dc72a","false"
"XICARA CAFE 228 BRASILIA 058 SCHMIDT 5","GPS14394-005","outros","6899f22a877c5ab49c2d1c2d","2025-01-01","","","21.3","em_uso","","https://api.qrserver.com/v1/create-qr-code/?size=200x200&data=https%3A%2F%2Ffacilitagestor360.com.br%2Fpatrimony%2FGPS14394-005","https://facilitagestor360.com.br/patrimony/GPS14394-005","14842018000145","rafael.lobato@gpsfacility.com","","","","6927025a5c652c9b1594c429","2025-11-26T13:36:26.021000","2025-11-26T13:36:26.021000","6890c7d607b2a1cba40dc72a","false"
"XICARA CAFE 228 BRASILIA 058 SCHMIDT 1","GPS14394-001","outros","6899f22a877c5ab49c2d1c2d","2025-01-01","","","21.3","em_uso","","https://api.qrserver.com/v1/create-qr-code/?size=200x200&data=https%3A%2F%2Ffacilitagestor360.com.br%2Fpatrimony%2FGPS14394-001","https://facilitagestor360.com.br/patrimony/GPS14394-001","14842018000145","rafael.lobato@gpsfacility.com","","","","6927025a5c652c9b1594c425","2025-11-26T13:36:26.021000","2025-11-26T13:36:26.021000","6890c7d607b2a1cba40dc72a","false"
"XICARA CAFE 228 BRASILIA 058 SCHMIDT 7","GPS14394-007","outros","6899f22a877c5ab49c2d1c2d","2025-01-01","","","21.3","em_uso","","https://api.qrserver.com/v1/create-qr-code/?size=200x200&data=https%3A%2F%2Ffacilitagestor360.com.br%2Fpatrimony%2FGPS14394-007","https://facilitagestor360.com.br/patrimony/GPS14394-007","14842018000145","rafael.lobato@gpsfacility.com","","","","6927025a5c652c9b1594c42b","2025-11-26T13:36:26.021000","2025-11-26T13:36:26.021000","6890c7d607b2a1cba40dc72a","false"
"XICARA CAFE 228 BRASILIA 058 SCHMIDT 4","GPS14394-004","outros","6899f22a877c5ab49c2d1c2d","2025-01-01","","","21.3","em_uso","","https://api.qrserver.com/v1/create-qr-code/?size=200x200&data=https%3A%2F%2Ffacilitagestor360.com.br%2Fpatrimony%2FGPS14394-004","https://facilitagestor360.com.br/patrimony/GPS14394-004","14842018000145","rafael.lobato@gpsfacility.com","","","","6927025a5c652c9b1594c428","2025-11-26T13:36:26.021000","2025-11-26T13:36:26.021000","6890c7d607b2a1cba40dc72a","false"
"XICARA CAFE 228 BRASILIA 058 SCHMIDT 6","GPS14394-006","outros","6899f22a877c5ab49c2d1c2d","2025-01-01","","","21.3","em_uso","","https://api.qrserver.com/v1/create-qr-code/?size=200x200&data=https%3A%2F%2Ffacilitagestor360.com.br%2Fpatrimony%2FGPS14394-006","https://facilitagestor360.com.br/patrimony/GPS14394-006","14842018000145","rafael.lobato@gpsfacility.com","","","","6927025a5c652c9b1594c42a","2025-11-26T13:36:26.021000","2025-11-26T13:36:26.021000","6890c7d607b2a1cba40dc72a","false"
"BULE C/BICO 700ML 1204 FORMA","GPS14393","outros","6890f1bca3dba7a7a0d73095","2025-01-01","","2026-01-19","241.6","devolvido","","https://api.qrserver.com/v1/create-qr-code/?size=200x200&data=https%3A%2F%2Ffacilitagestor360.com.br%2Fpatrimony%2FGPS14393","https://facilitagestor360.com.br/patrimony/GPS14393","14842018000145","rafael.lobato@gpsfacility.com","","","","69270234cbdc587b32d5a59a","2025-11-26T13:35:48.817000","2026-01-19T18:19:44.927000","6890c7d607b2a1cba40dc72a","false"
"FORRO AMERIC CROCHE 30X45 BRC 3074 KOMEC 1","GPS14392-001","outros","6890f1bca3dba7a7a0d73095","2025-01-01","","2026-01-19","7.2","devolvido","","https://api.qrserver.com/v1/create-qr-code/?size=200x200&data=https%3A%2F%2Ffacilitagestor360.com.br%2Fpatrimony%2FGPS14392-001","https://facilitagestor360.com.br/patrimony/GPS14392-001","14842018000145","rafael.lobato@gpsfacility.com","","","","69270217ad228efb9c898a6a","2025-11-26T13:35:19.500000","2026-01-19T18:21:17.068000","6890c7d607b2a1cba40dc72a","false"
"FORRO AMERIC CROCHE 30X45 BRC 3074 KOMEC 5","GPS14392-005","outros","6890f1bca3dba7a7a0d73095","2025-01-01","","2026-01-19","7.2","devolvido","","https://api.qrserver.com/v1/create-qr-code/?size=200x200&data=https%3A%2F%2Ffacilitagestor360.com.br%2Fpatrimony%2FGPS14392-005","https://facilitagestor360.com.br/patrimony/GPS14392-005","14842018000145","rafael.lobato@gpsfacility.com","","","","69270217ad228efb9c898a6e","2025-11-26T13:35:19.500000","2026-01-19T18:21:12.055000","6890c7d607b2a1cba40dc72a","false"
"FORRO AMERIC CROCHE 30X45 BRC 3074 KOMEC 7","GPS14392-007","outros","6890f1bca3dba7a7a0d73095","2025-01-01","","2026-01-19","7.2","devolvido","","https://api.qrserver.com/v1/create-qr-code/?size=200x200&data=https%3A%2F%2Ffacilitagestor360.com.br%2Fpatrimony%2FGPS14392-007","https://facilitagestor360.com.br/patrimony/GPS14392-007","14842018000145","rafael.lobato@gpsfacility.com","","","","69270217ad228efb9c898a70","2025-11-26T13:35:19.500000","2026-01-19T18:20:59.015000","6890c7d607b2a1cba40dc72a","false"
"FORRO AMERIC CROCHE 30X45 BRC 3074 KOMEC 3","GPS14392-003","outros","6890f1bca3dba7a7a0d73095","2025-01-01","","2026-01-19","7.2","devolvido","","https://api.qrserver.com/v1/create-qr-code/?size=200x200&data=https%3A%2F%2Ffacilitagestor360.com.br%2Fpatrimony%2FGPS14392-003","https://facilitagestor360.com.br/patrimony/GPS14392-003","14842018000145","rafael.lobato@gpsfacility.com","","","","69270217ad228efb9c898a6c","2025-11-26T13:35:19.500000","2026-01-19T18:20:00.172000","6890c7d607b2a1cba40dc72a","false"
"FORRO AMERIC CROCHE 30X45 BRC 3074 KOMEC 2","GPS14392-002","outros","6890f1bca3dba7a7a0d73095","2025-01-01","","2026-01-19","7.2","devolvido","","https://api.qrserver.com/v1/create-qr-code/?size=200x200&data=https%3A%2F%2Ffacilitagestor360.com.br%2Fpatrimony%2FGPS14392-002","https://facilitagestor360.com.br/patrimony/GPS14392-002","14842018000145","rafael.lobato@gpsfacility.com","","","","69270217ad228efb9c898a6b","2025-11-26T13:35:19.500000","2026-01-19T18:20:47.271000","6890c7d607b2a1cba40dc72a","false"
"FORRO AMERIC CROCHE 30X45 BRC 3074 KOMEC 6","GPS14392-006","outros","6890f1bca3dba7a7a0d73095","2025-01-01","","2026-01-19","7.2","devolvido","","https://api.qrserver.com/v1/create-qr-code/?size=200x200&data=https%3A%2F%2Ffacilitagestor360.com.br%2Fpatrimony%2FGPS14392-006","https://facilitagestor360.com.br/patrimony/GPS14392-006","14842018000145","rafael.lobato@gpsfacility.com","","","","69270217ad228efb9c898a6f","2025-11-26T13:35:19.500000","2026-01-19T18:20:40.425000","6890c7d607b2a1cba40dc72a","false"
"FORRO AMERIC CROCHE 30X45 BRC 3074 KOMEC 8","GPS14392-008","outros","6890f1bca3dba7a7a0d73095","2025-01-01","","2026-01-19","7.2","devolvido","","https://api.qrserver.com/v1/create-qr-code/?size=200x200&data=https%3A%2F%2Ffacilitagestor360.com.br%2Fpatrimony%2FGPS14392-008","https://facilitagestor360.com.br/patrimony/GPS14392-008","14842018000145","rafael.lobato@gpsfacility.com","","","","69270217ad228efb9c898a71","2025-11-26T13:35:19.500000","2026-01-19T18:21:06.031000","6890c7d607b2a1cba40dc72a","false"
"FORRO AMERIC CROCHE 30X45 BRC 3074 KOMEC 4","GPS14392-004","outros","6890f1bca3dba7a7a0d73095","2025-01-01","","2026-01-19","7.2","devolvido","","https://api.qrserver.com/v1/create-qr-code/?size=200x200&data=https%3A%2F%2Ffacilitagestor360.com.br%2Fpatrimony%2FGPS14392-004","https://facilitagestor360.com.br/patrimony/GPS14392-004","14842018000145","rafael.lobato@gpsfacility.com","","","","69270217ad228efb9c898a6d","2025-11-26T13:35:19.500000","2026-01-19T18:20:06.853000","6890c7d607b2a1cba40dc72a","false"
"CHALEIRA ELET 1,8L ATACAMA 220V","GPS14391","mobiliario","6899f22a877c5ab49c2d1c2d","2025-01-01","","2026-01-19","89.4","em_uso","","https://api.qrserver.com/v1/create-qr-code/?size=200x200&data=https%3A%2F%2Ffacilitagestor360.com.br%2Fpatrimony%2FGPS14391","https://facilitagestor360.com.br/patrimony/GPS14391","14842018000145","rafael.lobato@gpsfacility.com","","","","692701f2ee71b16de7943523","2025-11-26T13:34:42.022000","2026-01-19T18:25:56.527000","6890c7d607b2a1cba40dc72a","false"
"JARRA TPA FGELO 309 5LT PLASUTIL  3","GPS14390-003","outros","6890f430af56e52f005ac934","2025-01-01","","2026-01-19","44.7","em_uso","","https://api.qrserver.com/v1/create-qr-code/?size=200x200&data=https%3A%2F%2Ffacilitagestor360.com.br%2Fpatrimony%2FGPS14390-003","https://facilitagestor360.com.br/patrimony/GPS14390-003","14842018000145","rafael.lobato@gpsfacility.com","","","","692701ca90943a790889b514","2025-11-26T13:34:02.365000","2026-01-19T18:26:59.453000","6890c7d607b2a1cba40dc72a","false"
"JARRA TPA FGELO 309 5LT PLASUTIL  1","GPS14390-001","outros","6890f430af56e52f005ac934","2025-01-01","","2026-01-19","44.7","em_uso","","https://api.qrserver.com/v1/create-qr-code/?size=200x200&data=https%3A%2F%2Ffacilitagestor360.com.br%2Fpatrimony%2FGPS14390-001","https://facilitagestor360.com.br/patrimony/GPS14390-001","14842018000145","rafael.lobato@gpsfacility.com","","","","692701ca90943a790889b512","2025-11-26T13:34:02.365000","2026-01-19T18:27:09.929000","6890c7d607b2a1cba40dc72a","false"
"JARRA TPA FGELO 309 5LT PLASUTIL  2","GPS14390-002","outros","6890f430af56e52f005ac934","2025-01-01","","2026-01-19","44.7","em_uso","","https://api.qrserver.com/v1/create-qr-code/?size=200x200&data=https%3A%2F%2Ffacilitagestor360.com.br%2Fpatrimony%2FGPS14390-002","https://facilitagestor360.com.br/patrimony/GPS14390-002","14842018000145","rafael.lobato@gpsfacility.com","","","","692701ca90943a790889b513","2025-11-26T13:34:02.365000","2026-01-19T18:25:31.358000","6890c7d607b2a1cba40dc72a","false"
"JARRA TPA FGELO 309 5LT PLASUTIL  2","GPS14390-002","outros","6890f4b7060d99856d4d819a","2025-01-01","","2026-01-19","44.7","devolvido","","https://api.qrserver.com/v1/create-qr-code/?size=200x200&data=https%3A%2F%2Ffacilitagestor360.com.br%2Fpatrimony%2FGPS14390-002","https://facilitagestor360.com.br/patrimony/GPS14390-002","14842018000145","rafael.lobato@gpsfacility.com","","","","6927010e26cdd7ba018fdb88","2025-11-26T13:30:54.427000","2026-01-29T17:17:57.443000","6890c7d607b2a1cba40dc72a","false"
"JARRA TPA FGELO 309 5LT PLASUTIL  3","GPS14390-003","outros","6890f4b7060d99856d4d819a","2025-01-01","","2026-01-29","44.7","devolvido","","https://api.qrserver.com/v1/create-qr-code/?size=200x200&data=https%3A%2F%2Ffacilitagestor360.com.br%2Fpatrimony%2FGPS14390-003","https://facilitagestor360.com.br/patrimony/GPS14390-003","14842018000145","rafael.lobato@gpsfacility.com","","","","6927010e26cdd7ba018fdb89","2025-11-26T13:30:54.427000","2026-01-29T17:25:55.632000","6890c7d607b2a1cba40dc72a","false"
"JARRA TPA FGELO 309 5LT PLASUTIL  1","GPS14390-001","outros","6890f4b7060d99856d4d819a","2025-01-01","","2026-01-29","44.7","devolvido","","https://api.qrserver.com/v1/create-qr-code/?size=200x200&data=https%3A%2F%2Ffacilitagestor360.com.br%2Fpatrimony%2FGPS14390-001","https://facilitagestor360.com.br/patrimony/GPS14390-001","14842018000145","rafael.lobato@gpsfacility.com","","","","6927010e26cdd7ba018fdb87","2025-11-26T13:30:54.427000","2026-01-29T17:26:02.593000","6890c7d607b2a1cba40dc72a","false"
"FUNIL PLASTICO GRANDE 278 PLASUTIL 1","GPS14389-001","outros","6890f430af56e52f005ac934","2025-01-01","","","6.9","em_uso","","https://api.qrserver.com/v1/create-qr-code/?size=200x200&data=https%3A%2F%2Ffacilitagestor360.com.br%2Fpatrimony%2FGPS14389-001","https://facilitagestor360.com.br/patrimony/GPS14389-001","14842018000145","rafael.lobato@gpsfacility.com","","","","692700ee79428b3ce4a1b440","2025-11-26T13:30:22.944000","2025-11-26T13:32:12.520000","6890c7d607b2a1cba40dc72a","false"
"FUNIL PLASTICO GRANDE 278 PLASUTIL 2","GPS14389-002","outros","6890f430af56e52f005ac934","2025-01-01","","","6.9","em_uso","","https://api.qrserver.com/v1/create-qr-code/?size=200x200&data=https%3A%2F%2Ffacilitagestor360.com.br%2Fpatrimony%2FGPS14389-002","https://facilitagestor360.com.br/patrimony/GPS14389-002","14842018000145","rafael.lobato@gpsfacility.com","","","","692700ee79428b3ce4a1b441","2025-11-26T13:30:22.944000","2025-11-26T13:32:23.013000","6890c7d607b2a1cba40dc72a","false"
"FUNIL PLASTICO GRANDE 278 PLASUTIL 3","GPS14389-003","outros","6890f430af56e52f005ac934","2025-01-01","","","6.9","em_uso","","https://api.qrserver.com/v1/create-qr-code/?size=200x200&data=https%3A%2F%2Ffacilitagestor360.com.br%2Fpatrimony%2FGPS14389-003","https://facilitagestor360.com.br/patrimony/GPS14389-003","14842018000145","rafael.lobato@gpsfacility.com","","","","692700ee79428b3ce4a1b442","2025-11-26T13:30:22.944000","2025-11-26T13:32:33.262000","6890c7d607b2a1cba40dc72a","false"
"CANECA SUPER 16 3,2L 1","GPS14388-001","outros","6890f430af56e52f005ac934","2025-01-01","","","54.2","em_uso","","https://api.qrserver.com/v1/create-qr-code/?size=200x200&data=https%3A%2F%2Ffacilitagestor360.com.br%2Fpatrimony%2FGPS14388-001","https://facilitagestor360.com.br/patrimony/GPS14388-001","14842018000145","rafael.lobato@gpsfacility.com","","","","692700ce605f03b08aa9388c","2025-11-26T13:29:50.319000","2025-11-26T13:31:25.940000","6890c7d607b2a1cba40dc72a","false"
"CANECA SUPER 16 3,2L 2","GPS14388-002","outros","6890f430af56e52f005ac934","2025-01-01","","","54.2","em_uso","","https://api.qrserver.com/v1/create-qr-code/?size=200x200&data=https%3A%2F%2Ffacilitagestor360.com.br%2Fpatrimony%2FGPS14388-002","https://facilitagestor360.com.br/patrimony/GPS14388-002","14842018000145","rafael.lobato@gpsfacility.com","","","","692700ce605f03b08aa9388d","2025-11-26T13:29:50.319000","2025-11-26T13:31:36.040000","6890c7d607b2a1cba40dc72a","false"
"XICARA CHA C/PIRES POMERODE  10","GPS14387-010","outros","6890f4b7060d99856d4d819a","2025-01-01","","","32.2","em_uso","","https://api.qrserver.com/v1/create-qr-code/?size=200x200&data=https%3A%2F%2Ffacilitagestor360.com.br%2Fpatrimony%2FGPS14387-010","https://facilitagestor360.com.br/patrimony/GPS14387-010","14842018000145","rafael.lobato@gpsfacility.com","","","","692700ad8a96b60d2546743e","2025-11-26T13:29:17.264000","2025-11-26T13:29:17.264000","6890c7d607b2a1cba40dc72a","false"
"XICARA CHA C/PIRES POMERODE  5","GPS14387-005","outros","6890f4b7060d99856d4d819a","2025-01-01","","","32.2","em_uso","","https://api.qrserver.com/v1/create-qr-code/?size=200x200&data=https%3A%2F%2Ffacilitagestor360.com.br%2Fpatrimony%2FGPS14387-005","https://facilitagestor360.com.br/patrimony/GPS14387-005","14842018000145","rafael.lobato@gpsfacility.com","","","","692700ad8a96b60d25467439","2025-11-26T13:29:17.264000","2025-11-26T13:29:17.264000","6890c7d607b2a1cba40dc72a","false"
"XICARA CHA C/PIRES POMERODE  2","GPS14387-002","outros","6890f4b7060d99856d4d819a","2025-01-01","","","32.2","em_uso","","https://api.qrserver.com/v1/create-qr-code/?size=200x200&data=https%3A%2F%2Ffacilitagestor360.com.br%2Fpatrimony%2FGPS14387-002","https://facilitagestor360.com.br/patrimony/GPS14387-002","14842018000145","rafael.lobato@gpsfacility.com","","","","692700ad8a96b60d25467436","2025-11-26T13:29:17.264000","2025-11-26T13:29:17.264000","6890c7d607b2a1cba40dc72a","false"
"XICARA CHA C/PIRES POMERODE  4","GPS14387-004","outros","6890f4b7060d99856d4d819a","2025-01-01","","","32.2","em_uso","","https://api.qrserver.com/v1/create-qr-code/?size=200x200&data=https%3A%2F%2Ffacilitagestor360.com.br%2Fpatrimony%2FGPS14387-004","https://facilitagestor360.com.br/patrimony/GPS14387-004","14842018000145","rafael.lobato@gpsfacility.com","","","","692700ad8a96b60d25467438","2025-11-26T13:29:17.264000","2025-11-26T13:29:17.264000","6890c7d607b2a1cba40dc72a","false"
"XICARA CHA C/PIRES POMERODE  7","GPS14387-007","outros","6890f4b7060d99856d4d819a","2025-01-01","","","32.2","em_uso","","https://api.qrserver.com/v1/create-qr-code/?size=200x200&data=https%3A%2F%2Ffacilitagestor360.com.br%2Fpatrimony%2FGPS14387-007","https://facilitagestor360.com.br/patrimony/GPS14387-007","14842018000145","rafael.lobato@gpsfacility.com","","","","692700ad8a96b60d2546743b","2025-11-26T13:29:17.264000","2025-11-26T13:29:17.264000","6890c7d607b2a1cba40dc72a","false"
"XICARA CHA C/PIRES POMERODE  1","GPS14387-001","outros","6890f4b7060d99856d4d819a","2025-01-01","","","32.2","em_uso","","https://api.qrserver.com/v1/create-qr-code/?size=200x200&data=https%3A%2F%2Ffacilitagestor360.com.br%2Fpatrimony%2FGPS14387-001","https://facilitagestor360.com.br/patrimony/GPS14387-001","14842018000145","rafael.lobato@gpsfacility.com","","","","692700ad8a96b60d25467435","2025-11-26T13:29:17.264000","2025-11-26T13:29:17.264000","6890c7d607b2a1cba40dc72a","false"
"XICARA CHA C/PIRES POMERODE  6","GPS14387-006","outros","6890f4b7060d99856d4d819a","2025-01-01","","","32.2","em_uso","","https://api.qrserver.com/v1/create-qr-code/?size=200x200&data=https%3A%2F%2Ffacilitagestor360.com.br%2Fpatrimony%2FGPS14387-006","https://facilitagestor360.com.br/patrimony/GPS14387-006","14842018000145","rafael.lobato@gpsfacility.com","","","","692700ad8a96b60d2546743a","2025-11-26T13:29:17.264000","2025-11-26T13:29:17.264000","6890c7d607b2a1cba40dc72a","false"
"XICARA CHA C/PIRES POMERODE  3","GPS14387-003","outros","6890f4b7060d99856d4d819a","2025-01-01","","","32.2","em_uso","","https://api.qrserver.com/v1/create-qr-code/?size=200x200&data=https%3A%2F%2Ffacilitagestor360.com.br%2Fpatrimony%2FGPS14387-003","https://facilitagestor360.com.br/patrimony/GPS14387-003","14842018000145","rafael.lobato@gpsfacility.com","","","","692700ad8a96b60d25467437","2025-11-26T13:29:17.264000","2025-11-26T13:29:17.264000","6890c7d607b2a1cba40dc72a","false"
"XICARA CHA C/PIRES POMERODE  8","GPS14387-008","outros","6890f4b7060d99856d4d819a","2025-01-01","","","32.2","em_uso","","https://api.qrserver.com/v1/create-qr-code/?size=200x200&data=https%3A%2F%2Ffacilitagestor360.com.br%2Fpatrimony%2FGPS14387-008","https://facilitagestor360.com.br/patrimony/GPS14387-008","14842018000145","rafael.lobato@gpsfacility.com","","","","692700ad8a96b60d2546743c","2025-11-26T13:29:17.264000","2025-11-26T13:29:17.264000","6890c7d607b2a1cba40dc72a","false"
"XICARA CHA C/PIRES POMERODE  9","GPS14387-009","outros","6890f4b7060d99856d4d819a","2025-01-01","","","32.2","em_uso","","https://api.qrserver.com/v1/create-qr-code/?size=200x200&data=https%3A%2F%2Ffacilitagestor360.com.br%2Fpatrimony%2FGPS14387-009","https://facilitagestor360.com.br/patrimony/GPS14387-009","14842018000145","rafael.lobato@gpsfacility.com","","","","692700ad8a96b60d2546743d","2025-11-26T13:29:17.264000","2025-11-26T13:29:17.264000","6890c7d607b2a1cba40dc72a","false"
"XICARA CAFE C/PIRES POMERODE 5","GPS14386-005","outros","6890f4b7060d99856d4d819a","2025-01-01","","","22.3","em_uso","","https://api.qrserver.com/v1/create-qr-code/?size=200x200&data=https%3A%2F%2Ffacilitagestor360.com.br%2Fpatrimony%2FGPS14386-005","https://facilitagestor360.com.br/patrimony/GPS14386-005","14842018000145","rafael.lobato@gpsfacility.com","","","","69270036f5086b2aa9a4ebd7","2025-11-26T13:27:18.104000","2025-11-26T13:27:18.104000","6890c7d607b2a1cba40dc72a","false"
"XICARA CAFE C/PIRES POMERODE 9","GPS14386-009","outros","6890f4b7060d99856d4d819a","2025-01-01","","","22.3","em_uso","","https://api.qrserver.com/v1/create-qr-code/?size=200x200&data=https%3A%2F%2Ffacilitagestor360.com.br%2Fpatrimony%2FGPS14386-009","https://facilitagestor360.com.br/patrimony/GPS14386-009","14842018000145","rafael.lobato@gpsfacility.com","","","","69270036f5086b2aa9a4ebdb","2025-11-26T13:27:18.104000","2025-11-26T13:27:18.104000","6890c7d607b2a1cba40dc72a","false"
"XICARA CAFE C/PIRES POMERODE 1","GPS14386-001","outros","6890f4b7060d99856d4d819a","2025-01-01","","","22.3","em_uso","","https://api.qrserver.com/v1/create-qr-code/?size=200x200&data=https%3A%2F%2Ffacilitagestor360.com.br%2Fpatrimony%2FGPS14386-001","https://facilitagestor360.com.br/patrimony/GPS14386-001","14842018000145","rafael.lobato@gpsfacility.com","","","","69270036f5086b2aa9a4ebd3","2025-11-26T13:27:18.104000","2025-11-26T13:27:18.104000","6890c7d607b2a1cba40dc72a","false"
"XICARA CAFE C/PIRES POMERODE 10","GPS14386-010","outros","6890f4b7060d99856d4d819a","2025-01-01","","","22.3","em_uso","","https://api.qrserver.com/v1/create-qr-code/?size=200x200&data=https%3A%2F%2Ffacilitagestor360.com.br%2Fpatrimony%2FGPS14386-010","https://facilitagestor360.com.br/patrimony/GPS14386-010","14842018000145","rafael.lobato@gpsfacility.com","","","","69270036f5086b2aa9a4ebdc","2025-11-26T13:27:18.104000","2025-11-26T13:27:18.104000","6890c7d607b2a1cba40dc72a","false"
"XICARA CAFE C/PIRES POMERODE 4","GPS14386-004","outros","6890f4b7060d99856d4d819a","2025-01-01","","","22.3","em_uso","","https://api.qrserver.com/v1/create-qr-code/?size=200x200&data=https%3A%2F%2Ffacilitagestor360.com.br%2Fpatrimony%2FGPS14386-004","https://facilitagestor360.com.br/patrimony/GPS14386-004","14842018000145","rafael.lobato@gpsfacility.com","","","","69270036f5086b2aa9a4ebd6","2025-11-26T13:27:18.104000","2025-11-26T13:27:18.104000","6890c7d607b2a1cba40dc72a","false"
"XICARA CAFE C/PIRES POMERODE 8","GPS14386-008","outros","6890f4b7060d99856d4d819a","2025-01-01","","","22.3","em_uso","","https://api.qrserver.com/v1/create-qr-code/?size=200x200&data=https%3A%2F%2Ffacilitagestor360.com.br%2Fpatrimony%2FGPS14386-008","https://facilitagestor360.com.br/patrimony/GPS14386-008","14842018000145","rafael.lobato@gpsfacility.com","","","","69270036f5086b2aa9a4ebda","2025-11-26T13:27:18.104000","2025-11-26T13:27:18.104000","6890c7d607b2a1cba40dc72a","false"
"XICARA CAFE C/PIRES POMERODE 2","GPS14386-002","outros","6890f4b7060d99856d4d819a","2025-01-01","","","22.3","em_uso","","https://api.qrserver.com/v1/create-qr-code/?size=200x200&data=https%3A%2F%2Ffacilitagestor360.com.br%2Fpatrimony%2FGPS14386-002","https://facilitagestor360.com.br/patrimony/GPS14386-002","14842018000145","rafael.lobato@gpsfacility.com","","","","69270036f5086b2aa9a4ebd4","2025-11-26T13:27:18.104000","2025-11-26T13:27:18.104000","6890c7d607b2a1cba40dc72a","false"
"XICARA CAFE C/PIRES POMERODE 3","GPS14386-003","outros","6890f4b7060d99856d4d819a","2025-01-01","","","22.3","em_uso","","https://api.qrserver.com/v1/create-qr-code/?size=200x200&data=https%3A%2F%2Ffacilitagestor360.com.br%2Fpatrimony%2FGPS14386-003","https://facilitagestor360.com.br/patrimony/GPS14386-003","14842018000145","rafael.lobato@gpsfacility.com","","","","69270036f5086b2aa9a4ebd5","2025-11-26T13:27:18.104000","2025-11-26T13:27:18.104000","6890c7d607b2a1cba40dc72a","false"
"XICARA CAFE C/PIRES POMERODE 6","GPS14386-006","outros","6890f4b7060d99856d4d819a","2025-01-01","","","22.3","em_uso","","https://api.qrserver.com/v1/create-qr-code/?size=200x200&data=https%3A%2F%2Ffacilitagestor360.com.br%2Fpatrimony%2FGPS14386-006","https://facilitagestor360.com.br/patrimony/GPS14386-006","14842018000145","rafael.lobato@gpsfacility.com","","","","69270036f5086b2aa9a4ebd8","2025-11-26T13:27:18.104000","2025-11-26T13:27:18.104000","6890c7d607b2a1cba40dc72a","false"
"XICARA CAFE C/PIRES POMERODE 7","GPS14386-007","outros","6890f4b7060d99856d4d819a","2025-01-01","","","22.3","em_uso","","https://api.qrserver.com/v1/create-qr-code/?size=200x200&data=https%3A%2F%2Ffacilitagestor360.com.br%2Fpatrimony%2FGPS14386-007","https://facilitagestor360.com.br/patrimony/GPS14386-007","14842018000145","rafael.lobato@gpsfacility.com","","","","69270036f5086b2aa9a4ebd9","2025-11-26T13:27:18.104000","2025-11-26T13:27:18.104000","6890c7d607b2a1cba40dc72a","false"
"PORTA DETERGENTE PLAST VRM OR45730 ORDEN - 1","GPS14385-001","outros","6890f4b7060d99856d4d819a","2025-01-01","","","24.3","em_uso","","https://api.qrserver.com/v1/create-qr-code/?size=200x200&data=https%3A%2F%2Ffacilitagestor360.com.br%2Fpatrimony%2FGPS14385-001","https://facilitagestor360.com.br/patrimony/GPS14385-001","14842018000145","rafael.lobato@gpsfacility.com","","","","6927000b02194af1f75e10d9","2025-11-26T13:26:35.220000","2025-11-26T13:26:35.220000","6890c7d607b2a1cba40dc72a","false"
"PORTA DETERGENTE PLAST VRM OR45730 ORDEN - 2","GPS14385-002","outros","6890f4b7060d99856d4d819a","2025-01-01","","","24.3","em_uso","","https://api.qrserver.com/v1/create-qr-code/?size=200x200&data=https%3A%2F%2Ffacilitagestor360.com.br%2Fpatrimony%2FGPS14385-002","https://facilitagestor360.com.br/patrimony/GPS14385-002","14842018000145","rafael.lobato@gpsfacility.com","","","","6927000b02194af1f75e10da","2025-11-26T13:26:35.220000","2025-11-26T13:26:35.220000","6890c7d607b2a1cba40dc72a","false"
"PORTA COPO INOX LISO UNITARIO PROMATE 19","GPS14384-019","outros","6890f4b7060d99856d4d819a","2025-01-01","","","5.6","em_uso","","https://api.qrserver.com/v1/create-qr-code/?size=200x200&data=https%3A%2F%2Ffacilitagestor360.com.br%2Fpatrimony%2FGPS14384-019","https://facilitagestor360.com.br/patrimony/GPS14384-019","14842018000145","rafael.lobato@gpsfacility.com","","","","6926ffeffdd29d9c138055d3","2025-11-26T13:26:07.687000","2025-11-26T13:26:07.687000","6890c7d607b2a1cba40dc72a","false"
"PORTA COPO INOX LISO UNITARIO PROMATE 20","GPS14384-020","outros","6890f4b7060d99856d4d819a","2025-01-01","","","5.6","em_uso","","https://api.qrserver.com/v1/create-qr-code/?size=200x200&data=https%3A%2F%2Ffacilitagestor360.com.br%2Fpatrimony%2FGPS14384-020","https://facilitagestor360.com.br/patrimony/GPS14384-020","14842018000145","rafael.lobato@gpsfacility.com","","","","6926ffeffdd29d9c138055d4","2025-11-26T13:26:07.687000","2025-11-26T13:26:07.687000","6890c7d607b2a1cba40dc72a","false"
"PORTA COPO INOX LISO UNITARIO PROMATE 2","GPS14384-002","outros","6890f4b7060d99856d4d819a","2025-01-01","","","5.6","em_uso","","https://api.qrserver.com/v1/create-qr-code/?size=200x200&data=https%3A%2F%2Ffacilitagestor360.com.br%2Fpatrimony%2FGPS14384-002","https://facilitagestor360.com.br/patrimony/GPS14384-002","14842018000145","rafael.lobato@gpsfacility.com","","","","6926ffeffdd29d9c138055c2","2025-11-26T13:26:07.686000","2025-11-26T13:26:07.686000","6890c7d607b2a1cba40dc72a","false"
"PORTA COPO INOX LISO UNITARIO PROMATE 12","GPS14384-012","outros","6890f4b7060d99856d4d819a","2025-01-01","","","5.6","em_uso","","https://api.qrserver.com/v1/create-qr-code/?size=200x200&data=https%3A%2F%2Ffacilitagestor360.com.br%2Fpatrimony%2FGPS14384-012","https://facilitagestor360.com.br/patrimony/GPS14384-012","14842018000145","rafael.lobato@gpsfacility.com","","","","6926ffeffdd29d9c138055cc","2025-11-26T13:26:07.686000","2025-11-26T13:26:07.686000","6890c7d607b2a1cba40dc72a","false"
"PORTA COPO INOX LISO UNITARIO PROMATE 9","GPS14384-009","outros","6890f4b7060d99856d4d819a","2025-01-01","","","5.6","em_uso","","https://api.qrserver.com/v1/create-qr-code/?size=200x200&data=https%3A%2F%2Ffacilitagestor360.com.br%2Fpatrimony%2FGPS14384-009","https://facilitagestor360.com.br/patrimony/GPS14384-009","14842018000145","rafael.lobato@gpsfacility.com","","","","6926ffeffdd29d9c138055c9","2025-11-26T13:26:07.686000","2025-11-26T13:26:07.686000","6890c7d607b2a1cba40dc72a","false"
"PORTA COPO INOX LISO UNITARIO PROMATE 6","GPS14384-006","outros","6890f4b7060d99856d4d819a","2025-01-01","","","5.6","em_uso","","https://api.qrserver.com/v1/create-qr-code/?size=200x200&data=https%3A%2F%2Ffacilitagestor360.com.br%2Fpatrimony%2FGPS14384-006","https://facilitagestor360.com.br/patrimony/GPS14384-006","14842018000145","rafael.lobato@gpsfacility.com","","","","6926ffeffdd29d9c138055c6","2025-11-26T13:26:07.686000","2025-11-26T13:26:07.686000","6890c7d607b2a1cba40dc72a","false"
"PORTA COPO INOX LISO UNITARIO PROMATE 8","GPS14384-008","outros","6890f4b7060d99856d4d819a","2025-01-01","","","5.6","em_uso","","https://api.qrserver.com/v1/create-qr-code/?size=200x200&data=https%3A%2F%2Ffacilitagestor360.com.br%2Fpatrimony%2FGPS14384-008","https://facilitagestor360.com.br/patrimony/GPS14384-008","14842018000145","rafael.lobato@gpsfacility.com","","","","6926ffeffdd29d9c138055c8","2025-11-26T13:26:07.686000","2025-11-26T13:26:07.686000","6890c7d607b2a1cba40dc72a","false"
"PORTA COPO INOX LISO UNITARIO PROMATE 15","GPS14384-015","outros","6890f4b7060d99856d4d819a","2025-01-01","","","5.6","em_uso","","https://api.qrserver.com/v1/create-qr-code/?size=200x200&data=https%3A%2F%2Ffacilitagestor360.com.br%2Fpatrimony%2FGPS14384-015","https://facilitagestor360.com.br/patrimony/GPS14384-015","14842018000145","rafael.lobato@gpsfacility.com","","","","6926ffeffdd29d9c138055cf","2025-11-26T13:26:07.686000","2025-11-26T13:26:07.686000","6890c7d607b2a1cba40dc72a","false"
"PORTA COPO INOX LISO UNITARIO PROMATE 17","GPS14384-017","outros","6890f4b7060d99856d4d819a","2025-01-01","","","5.6","em_uso","","https://api.qrserver.com/v1/create-qr-code/?size=200x200&data=https%3A%2F%2Ffacilitagestor360.com.br%2Fpatrimony%2FGPS14384-017","https://facilitagestor360.com.br/patrimony/GPS14384-017","14842018000145","rafael.lobato@gpsfacility.com","","","","6926ffeffdd29d9c138055d1","2025-11-26T13:26:07.686000","2025-11-26T13:26:07.686000","6890c7d607b2a1cba40dc72a","false"
"PORTA COPO INOX LISO UNITARIO PROMATE 3","GPS14384-003","outros","6890f4b7060d99856d4d819a","2025-01-01","","","5.6","em_uso","","https://api.qrserver.com/v1/create-qr-code/?size=200x200&data=https%3A%2F%2Ffacilitagestor360.com.br%2Fpatrimony%2FGPS14384-003","https://facilitagestor360.com.br/patrimony/GPS14384-003","14842018000145","rafael.lobato@gpsfacility.com","","","","6926ffeffdd29d9c138055c3","2025-11-26T13:26:07.686000","2025-11-26T13:26:07.686000","6890c7d607b2a1cba40dc72a","false"
"PORTA COPO INOX LISO UNITARIO PROMATE 11","GPS14384-011","outros","6890f4b7060d99856d4d819a","2025-01-01","","","5.6","em_uso","","https://api.qrserver.com/v1/create-qr-code/?size=200x200&data=https%3A%2F%2Ffacilitagestor360.com.br%2Fpatrimony%2FGPS14384-011","https://facilitagestor360.com.br/patrimony/GPS14384-011","14842018000145","rafael.lobato@gpsfacility.com","","","","6926ffeffdd29d9c138055cb","2025-11-26T13:26:07.686000","2025-11-26T13:26:07.686000","6890c7d607b2a1cba40dc72a","false"
"PORTA COPO INOX LISO UNITARIO PROMATE 5","GPS14384-005","outros","6890f4b7060d99856d4d819a","2025-01-01","","","5.6","em_uso","","https://api.qrserver.com/v1/create-qr-code/?size=200x200&data=https%3A%2F%2Ffacilitagestor360.com.br%2Fpatrimony%2FGPS14384-005","https://facilitagestor360.com.br/patrimony/GPS14384-005","14842018000145","rafael.lobato@gpsfacility.com","","","","6926ffeffdd29d9c138055c5","2025-11-26T13:26:07.686000","2025-11-26T13:26:07.686000","6890c7d607b2a1cba40dc72a","false"
"PORTA COPO INOX LISO UNITARIO PROMATE 10","GPS14384-010","outros","6890f4b7060d99856d4d819a","2025-01-01","","","5.6","em_uso","","https://api.qrserver.com/v1/create-qr-code/?size=200x200&data=https%3A%2F%2Ffacilitagestor360.com.br%2Fpatrimony%2FGPS14384-010","https://facilitagestor360.com.br/patrimony/GPS14384-010","14842018000145","rafael.lobato@gpsfacility.com","","","","6926ffeffdd29d9c138055ca","2025-11-26T13:26:07.686000","2025-11-26T13:26:07.686000","6890c7d607b2a1cba40dc72a","false"
"PORTA COPO INOX LISO UNITARIO PROMATE 13","GPS14384-013","outros","6890f4b7060d99856d4d819a","2025-01-01","","","5.6","em_uso","","https://api.qrserver.com/v1/create-qr-code/?size=200x200&data=https%3A%2F%2Ffacilitagestor360.com.br%2Fpatrimony%2FGPS14384-013","https://facilitagestor360.com.br/patrimony/GPS14384-013","14842018000145","rafael.lobato@gpsfacility.com","","","","6926ffeffdd29d9c138055cd","2025-11-26T13:26:07.686000","2025-11-26T13:26:07.686000","6890c7d607b2a1cba40dc72a","false"
"PORTA COPO INOX LISO UNITARIO PROMATE 14","GPS14384-014","outros","6890f4b7060d99856d4d819a","2025-01-01","","","5.6","em_uso","","https://api.qrserver.com/v1/create-qr-code/?size=200x200&data=https%3A%2F%2Ffacilitagestor360.com.br%2Fpatrimony%2FGPS14384-014","https://facilitagestor360.com.br/patrimony/GPS14384-014","14842018000145","rafael.lobato@gpsfacility.com","","","","6926ffeffdd29d9c138055ce","2025-11-26T13:26:07.686000","2025-11-26T13:26:07.686000","6890c7d607b2a1cba40dc72a","false"
"PORTA COPO INOX LISO UNITARIO PROMATE 16","GPS14384-016","outros","6890f4b7060d99856d4d819a","2025-01-01","","","5.6","em_uso","","https://api.qrserver.com/v1/create-qr-code/?size=200x200&data=https%3A%2F%2Ffacilitagestor360.com.br%2Fpatrimony%2FGPS14384-016","https://facilitagestor360.com.br/patrimony/GPS14384-016","14842018000145","rafael.lobato@gpsfacility.com","","","","6926ffeffdd29d9c138055d0","2025-11-26T13:26:07.686000","2025-11-26T13:26:07.686000","6890c7d607b2a1cba40dc72a","false"
"PORTA COPO INOX LISO UNITARIO PROMATE 4","GPS14384-004","outros","6890f4b7060d99856d4d819a","2025-01-01","","","5.6","em_uso","","https://api.qrserver.com/v1/create-qr-code/?size=200x200&data=https%3A%2F%2Ffacilitagestor360.com.br%2Fpatrimony%2FGPS14384-004","https://facilitagestor360.com.br/patrimony/GPS14384-004","14842018000145","rafael.lobato@gpsfacility.com","","","","6926ffeffdd29d9c138055c4","2025-11-26T13:26:07.686000","2025-11-26T13:26:07.686000","6890c7d607b2a1cba40dc72a","false"
"PORTA COPO INOX LISO UNITARIO PROMATE 1","GPS14384-001","outros","6890f4b7060d99856d4d819a","2025-01-01","","","5.6","em_uso","","https://api.qrserver.com/v1/create-qr-code/?size=200x200&data=https%3A%2F%2Ffacilitagestor360.com.br%2Fpatrimony%2FGPS14384-001","https://facilitagestor360.com.br/patrimony/GPS14384-001","14842018000145","rafael.lobato@gpsfacility.com","","","","6926ffeffdd29d9c138055c1","2025-11-26T13:26:07.686000","2025-11-26T13:26:07.686000","6890c7d607b2a1cba40dc72a","false"
"PORTA COPO INOX LISO UNITARIO PROMATE 18","GPS14384-018","outros","6890f4b7060d99856d4d819a","2025-01-01","","","5.6","em_uso","","https://api.qrserver.com/v1/create-qr-code/?size=200x200&data=https%3A%2F%2Ffacilitagestor360.com.br%2Fpatrimony%2FGPS14384-018","https://facilitagestor360.com.br/patrimony/GPS14384-018","14842018000145","rafael.lobato@gpsfacility.com","","","","6926ffeffdd29d9c138055d2","2025-11-26T13:26:07.686000","2025-11-26T13:26:07.686000","6890c7d607b2a1cba40dc72a","false"
"PORTA COPO INOX LISO UNITARIO PROMATE 7","GPS14384-007","outros","6890f4b7060d99856d4d819a","2025-01-01","","","5.6","em_uso","","https://api.qrserver.com/v1/create-qr-code/?size=200x200&data=https%3A%2F%2Ffacilitagestor360.com.br%2Fpatrimony%2FGPS14384-007","https://facilitagestor360.com.br/patrimony/GPS14384-007","14842018000145","rafael.lobato@gpsfacility.com","","","","6926ffeffdd29d9c138055c7","2025-11-26T13:26:07.686000","2025-11-26T13:26:07.686000","6890c7d607b2a1cba40dc72a","false"
"JARRA LUNA 2L VITTRA JL5600 NT MARTIP 2","GPS14383-002","outros","6890f4b7060d99856d4d819a","2025-01-01","","","41","em_uso","","https://api.qrserver.com/v1/create-qr-code/?size=200x200&data=https%3A%2F%2Ffacilitagestor360.com.br%2Fpatrimony%2FGPS14383-002","https://facilitagestor360.com.br/patrimony/GPS14383-002","14842018000145","rafael.lobato@gpsfacility.com","","","","6926ffd106a639fc01230fb6","2025-11-26T13:25:37.465000","2025-11-26T13:25:37.465000","6890c7d607b2a1cba40dc72a","false"
"JARRA LUNA 2L VITTRA JL5600 NT MARTIP 1","GPS14383-001","outros","6890f4b7060d99856d4d819a","2025-01-01","","","41","em_uso","","https://api.qrserver.com/v1/create-qr-code/?size=200x200&data=https%3A%2F%2Ffacilitagestor360.com.br%2Fpatrimony%2FGPS14383-001","https://facilitagestor360.com.br/patrimony/GPS14383-001","14842018000145","rafael.lobato@gpsfacility.com","","","","6926ffd106a639fc01230fb5","2025-11-26T13:25:37.465000","2025-11-26T13:25:37.465000","6890c7d607b2a1cba40dc72a","false"
"MAXITERMO C/TORNEIRA 6LT 2","GPS14382-002","outros","6890f4b7060d99856d4d819a","2025-01-01","","","259.9","em_uso","","https://api.qrserver.com/v1/create-qr-code/?size=200x200&data=https%3A%2F%2Ffacilitagestor360.com.br%2Fpatrimony%2FGPS14382-002","https://facilitagestor360.com.br/patrimony/GPS14382-002","14842018000145","rafael.lobato@gpsfacility.com","","","","6926ffb7047c9748497ea0d1","2025-11-26T13:25:11.016000","2025-11-26T13:25:11.016000","6890c7d607b2a1cba40dc72a","false"
"MAXITERMO C/TORNEIRA 6LT 3","GPS14382-003","outros","6890f4b7060d99856d4d819a","2025-01-01","","","259.9","em_uso","","https://api.qrserver.com/v1/create-qr-code/?size=200x200&data=https%3A%2F%2Ffacilitagestor360.com.br%2Fpatrimony%2FGPS14382-003","https://facilitagestor360.com.br/patrimony/GPS14382-003","14842018000145","rafael.lobato@gpsfacility.com","","","","6926ffb7047c9748497ea0d2","2025-11-26T13:25:11.016000","2025-11-26T13:25:11.016000","6890c7d607b2a1cba40dc72a","false"
"MAXITERMO C/TORNEIRA 6LT 4","GPS14382-004","outros","6890f4b7060d99856d4d819a","2025-01-01","","","259.9","em_uso","","https://api.qrserver.com/v1/create-qr-code/?size=200x200&data=https%3A%2F%2Ffacilitagestor360.com.br%2Fpatrimony%2FGPS14382-004","https://facilitagestor360.com.br/patrimony/GPS14382-004","14842018000145","rafael.lobato@gpsfacility.com","","","","6926ffb7047c9748497ea0d3","2025-11-26T13:25:11.016000","2025-11-26T13:25:11.016000","6890c7d607b2a1cba40dc72a","false"
"MAXITERMO C/TORNEIRA 6LT 1","GPS14382-001","outros","6890f4b7060d99856d4d819a","2025-01-01","","","259.9","em_uso","","https://api.qrserver.com/v1/create-qr-code/?size=200x200&data=https%3A%2F%2Ffacilitagestor360.com.br%2Fpatrimony%2FGPS14382-001","https://facilitagestor360.com.br/patrimony/GPS14382-001","14842018000145","rafael.lobato@gpsfacility.com","","","","6926ffb7047c9748497ea0d0","2025-11-26T13:25:11.016000","2025-11-26T13:25:11.016000","6890c7d607b2a1cba40dc72a","false"
"JARRA 2L C/TPA 6880 KEHOME  4","GPS14381-004","outros","6890f4b7060d99856d4d819a","2025-01-01","","","90.7","em_uso","","https://api.qrserver.com/v1/create-qr-code/?size=200x200&data=https%3A%2F%2Ffacilitagestor360.com.br%2Fpatrimony%2FGPS14381-004","https://facilitagestor360.com.br/patrimony/GPS14381-004","14842018000145","rafael.lobato@gpsfacility.com","","","","6926ff855cee88e71fe7980d","2025-11-26T13:24:21.779000","2025-11-26T13:24:21.779000","6890c7d607b2a1cba40dc72a","false"
"JARRA 2L C/TPA 6880 KEHOME  8","GPS14381-008","outros","6890f4b7060d99856d4d819a","2025-01-01","","","90.7","em_uso","","https://api.qrserver.com/v1/create-qr-code/?size=200x200&data=https%3A%2F%2Ffacilitagestor360.com.br%2Fpatrimony%2FGPS14381-008","https://facilitagestor360.com.br/patrimony/GPS14381-008","14842018000145","rafael.lobato@gpsfacility.com","","","","6926ff855cee88e71fe79811","2025-11-26T13:24:21.779000","2025-11-26T13:24:21.779000","6890c7d607b2a1cba40dc72a","false"
"JARRA 2L C/TPA 6880 KEHOME  5","GPS14381-005","outros","6890f4b7060d99856d4d819a","2025-01-01","","","90.7","em_uso","","https://api.qrserver.com/v1/create-qr-code/?size=200x200&data=https%3A%2F%2Ffacilitagestor360.com.br%2Fpatrimony%2FGPS14381-005","https://facilitagestor360.com.br/patrimony/GPS14381-005","14842018000145","rafael.lobato@gpsfacility.com","","","","6926ff855cee88e71fe7980e","2025-11-26T13:24:21.779000","2025-11-26T13:24:21.779000","6890c7d607b2a1cba40dc72a","false"
"JARRA 2L C/TPA 6880 KEHOME  2","GPS14381-002","outros","6890f4b7060d99856d4d819a","2025-01-01","","","90.7","em_uso","","https://api.qrserver.com/v1/create-qr-code/?size=200x200&data=https%3A%2F%2Ffacilitagestor360.com.br%2Fpatrimony%2FGPS14381-002","https://facilitagestor360.com.br/patrimony/GPS14381-002","14842018000145","rafael.lobato@gpsfacility.com","","","","6926ff855cee88e71fe7980b","2025-11-26T13:24:21.779000","2025-11-26T13:24:21.779000","6890c7d607b2a1cba40dc72a","false"
"JARRA 2L C/TPA 6880 KEHOME  7","GPS14381-007","outros","6890f4b7060d99856d4d819a","2025-01-01","","","90.7","em_uso","","https://api.qrserver.com/v1/create-qr-code/?size=200x200&data=https%3A%2F%2Ffacilitagestor360.com.br%2Fpatrimony%2FGPS14381-007","https://facilitagestor360.com.br/patrimony/GPS14381-007","14842018000145","rafael.lobato@gpsfacility.com","","","","6926ff855cee88e71fe79810","2025-11-26T13:24:21.779000","2025-11-26T13:24:21.779000","6890c7d607b2a1cba40dc72a","false"
"JARRA 2L C/TPA 6880 KEHOME  1","GPS14381-001","outros","6890f4b7060d99856d4d819a","2025-01-01","","","90.7","em_uso","","https://api.qrserver.com/v1/create-qr-code/?size=200x200&data=https%3A%2F%2Ffacilitagestor360.com.br%2Fpatrimony%2FGPS14381-001","https://facilitagestor360.com.br/patrimony/GPS14381-001","14842018000145","rafael.lobato@gpsfacility.com","","","","6926ff855cee88e71fe7980a","2025-11-26T13:24:21.779000","2025-11-26T13:24:21.779000","6890c7d607b2a1cba40dc72a","false"
"JARRA 2L C/TPA 6880 KEHOME  6","GPS14381-006","outros","6890f4b7060d99856d4d819a","2025-01-01","","","90.7","em_uso","","https://api.qrserver.com/v1/create-qr-code/?size=200x200&data=https%3A%2F%2Ffacilitagestor360.com.br%2Fpatrimony%2FGPS14381-006","https://facilitagestor360.com.br/patrimony/GPS14381-006","14842018000145","rafael.lobato@gpsfacility.com","","","","6926ff855cee88e71fe7980f","2025-11-26T13:24:21.779000","2025-11-26T13:24:21.779000","6890c7d607b2a1cba40dc72a","false"
"JARRA 2L C/TPA 6880 KEHOME  3","GPS14381-003","outros","6890f4b7060d99856d4d819a","2025-01-01","","","90.7","em_uso","","https://api.qrserver.com/v1/create-qr-code/?size=200x200&data=https%3A%2F%2Ffacilitagestor360.com.br%2Fpatrimony%2FGPS14381-003","https://facilitagestor360.com.br/patrimony/GPS14381-003","14842018000145","rafael.lobato@gpsfacility.com","","","","6926ff855cee88e71fe7980c","2025-11-26T13:24:21.779000","2025-11-26T13:24:21.779000","6890c7d607b2a1cba40dc72a","false"
"FUNIL C/PENEIRA INOX 11CM 6239 KEH  1","GPS14380-001","outros","6890f4b7060d99856d4d819a","2025-01-01","","","21.7","em_uso","","https://api.qrserver.com/v1/create-qr-code/?size=200x200&data=https%3A%2F%2Ffacilitagestor360.com.br%2Fpatrimony%2FGPS14380-001","https://facilitagestor360.com.br/patrimony/GPS14380-001","14842018000145","rafael.lobato@gpsfacility.com","","","","6926ff39ec077a7f4ce3844e","2025-11-26T13:23:05.594000","2025-11-26T13:23:05.594000","6890c7d607b2a1cba40dc72a","false"
"FUNIL C/PENEIRA INOX 11CM 6239 KEH  3","GPS14380-003","outros","6890f4b7060d99856d4d819a","2025-01-01","","","21.7","em_uso","","https://api.qrserver.com/v1/create-qr-code/?size=200x200&data=https%3A%2F%2Ffacilitagestor360.com.br%2Fpatrimony%2FGPS14380-003","https://facilitagestor360.com.br/patrimony/GPS14380-003","14842018000145","rafael.lobato@gpsfacility.com","","","","6926ff39ec077a7f4ce38450","2025-11-26T13:23:05.594000","2025-11-26T13:23:05.594000","6890c7d607b2a1cba40dc72a","false"
"FUNIL C/PENEIRA INOX 11CM 6239 KEH  4","GPS14380-004","outros","6890f4b7060d99856d4d819a","2025-01-01","","","21.7","em_uso","","https://api.qrserver.com/v1/create-qr-code/?size=200x200&data=https%3A%2F%2Ffacilitagestor360.com.br%2Fpatrimony%2FGPS14380-004","https://facilitagestor360.com.br/patrimony/GPS14380-004","14842018000145","rafael.lobato@gpsfacility.com","","","","6926ff39ec077a7f4ce38451","2025-11-26T13:23:05.594000","2025-11-26T13:23:05.594000","6890c7d607b2a1cba40dc72a","false"
"FUNIL C/PENEIRA INOX 11CM 6239 KEH  2","GPS14380-002","outros","6890f4b7060d99856d4d819a","2025-01-01","","","21.7","em_uso","","https://api.qrserver.com/v1/create-qr-code/?size=200x200&data=https%3A%2F%2Ffacilitagestor360.com.br%2Fpatrimony%2FGPS14380-002","https://facilitagestor360.com.br/patrimony/GPS14380-002","14842018000145","rafael.lobato@gpsfacility.com","","","","6926ff39ec077a7f4ce3844f","2025-11-26T13:23:05.594000","2025-11-26T13:23:05.594000","6890c7d607b2a1cba40dc72a","false"
"FUNIL C/PENEIRA INOX 11CM 6239 KEH  6","GPS14380-006","outros","6890f4b7060d99856d4d819a","2025-01-01","","","21.7","em_uso","","https://api.qrserver.com/v1/create-qr-code/?size=200x200&data=https%3A%2F%2Ffacilitagestor360.com.br%2Fpatrimony%2FGPS14380-006","https://facilitagestor360.com.br/patrimony/GPS14380-006","14842018000145","rafael.lobato@gpsfacility.com","","","","6926ff39ec077a7f4ce38453","2025-11-26T13:23:05.594000","2025-11-26T13:23:05.594000","6890c7d607b2a1cba40dc72a","false"
"FUNIL C/PENEIRA INOX 11CM 6239 KEH  5","GPS14380-005","outros","6890f4b7060d99856d4d819a","2025-01-01","","","21.7","em_uso","","https://api.qrserver.com/v1/create-qr-code/?size=200x200&data=https%3A%2F%2Ffacilitagestor360.com.br%2Fpatrimony%2FGPS14380-005","https://facilitagestor360.com.br/patrimony/GPS14380-005","14842018000145","rafael.lobato@gpsfacility.com","","","","6926ff39ec077a7f4ce38452","2025-11-26T13:23:05.594000","2025-11-26T13:23:05.594000","6890c7d607b2a1cba40dc72a","false"
"FORRO TOALHA BAND RED CROCHE 38/40CM KOM  8","GPS14379-008","outros","6890f4b7060d99856d4d819a","2025-01-01","","","6.3","em_uso","","https://api.qrserver.com/v1/create-qr-code/?size=200x200&data=https%3A%2F%2Ffacilitagestor360.com.br%2Fpatrimony%2FGPS14379-008","https://facilitagestor360.com.br/patrimony/GPS14379-008","14842018000145","rafael.lobato@gpsfacility.com","","","","6926ff125865d1a723effafe","2025-11-26T13:22:26.974000","2025-11-26T13:22:26.974000","6890c7d607b2a1cba40dc72a","false"
"FORRO TOALHA BAND RED CROCHE 38/40CM KOM  6","GPS14379-006","outros","6890f4b7060d99856d4d819a","2025-01-01","","","6.3","em_uso","","https://api.qrserver.com/v1/create-qr-code/?size=200x200&data=https%3A%2F%2Ffacilitagestor360.com.br%2Fpatrimony%2FGPS14379-006","https://facilitagestor360.com.br/patrimony/GPS14379-006","14842018000145","rafael.lobato@gpsfacility.com","","","","6926ff125865d1a723effafc","2025-11-26T13:22:26.974000","2025-11-26T13:22:26.974000","6890c7d607b2a1cba40dc72a","false"
"FORRO TOALHA BAND RED CROCHE 38/40CM KOM  1","GPS14379-001","outros","6890f4b7060d99856d4d819a","2025-01-01","","","6.3","em_uso","","https://api.qrserver.com/v1/create-qr-code/?size=200x200&data=https%3A%2F%2Ffacilitagestor360.com.br%2Fpatrimony%2FGPS14379-001","https://facilitagestor360.com.br/patrimony/GPS14379-001","14842018000145","rafael.lobato@gpsfacility.com","","","","6926ff125865d1a723effaf7","2025-11-26T13:22:26.974000","2025-11-26T13:22:26.974000","6890c7d607b2a1cba40dc72a","false"
"FORRO TOALHA BAND RED CROCHE 38/40CM KOM  10","GPS14379-010","outros","6890f4b7060d99856d4d819a","2025-01-01","","","6.3","em_uso","","https://api.qrserver.com/v1/create-qr-code/?size=200x200&data=https%3A%2F%2Ffacilitagestor360.com.br%2Fpatrimony%2FGPS14379-010","https://facilitagestor360.com.br/patrimony/GPS14379-010","14842018000145","rafael.lobato@gpsfacility.com","","","","6926ff125865d1a723effb00","2025-11-26T13:22:26.974000","2025-11-26T13:22:26.974000","6890c7d607b2a1cba40dc72a","false"
"FORRO TOALHA BAND RED CROCHE 38/40CM KOM  3","GPS14379-003","outros","6890f4b7060d99856d4d819a","2025-01-01","","","6.3","em_uso","","https://api.qrserver.com/v1/create-qr-code/?size=200x200&data=https%3A%2F%2Ffacilitagestor360.com.br%2Fpatrimony%2FGPS14379-003","https://facilitagestor360.com.br/patrimony/GPS14379-003","14842018000145","rafael.lobato@gpsfacility.com","","","","6926ff125865d1a723effaf9","2025-11-26T13:22:26.974000","2025-11-26T13:22:26.974000","6890c7d607b2a1cba40dc72a","false"
"FORRO TOALHA BAND RED CROCHE 38/40CM KOM  9","GPS14379-009","outros","6890f4b7060d99856d4d819a","2025-01-01","","","6.3","em_uso","","https://api.qrserver.com/v1/create-qr-code/?size=200x200&data=https%3A%2F%2Ffacilitagestor360.com.br%2Fpatrimony%2FGPS14379-009","https://facilitagestor360.com.br/patrimony/GPS14379-009","14842018000145","rafael.lobato@gpsfacility.com","","","","6926ff125865d1a723effaff","2025-11-26T13:22:26.974000","2025-11-26T13:22:26.974000","6890c7d607b2a1cba40dc72a","false"
"FORRO TOALHA BAND RED CROCHE 38/40CM KOM  5","GPS14379-005","outros","6890f4b7060d99856d4d819a","2025-01-01","","","6.3","em_uso","","https://api.qrserver.com/v1/create-qr-code/?size=200x200&data=https%3A%2F%2Ffacilitagestor360.com.br%2Fpatrimony%2FGPS14379-005","https://facilitagestor360.com.br/patrimony/GPS14379-005","14842018000145","rafael.lobato@gpsfacility.com","","","","6926ff125865d1a723effafb","2025-11-26T13:22:26.974000","2025-11-26T13:22:26.974000","6890c7d607b2a1cba40dc72a","false"
"FORRO TOALHA BAND RED CROCHE 38/40CM KOM  7","GPS14379-007","outros","6890f4b7060d99856d4d819a","2025-01-01","","","6.3","em_uso","","https://api.qrserver.com/v1/create-qr-code/?size=200x200&data=https%3A%2F%2Ffacilitagestor360.com.br%2Fpatrimony%2FGPS14379-007","https://facilitagestor360.com.br/patrimony/GPS14379-007","14842018000145","rafael.lobato@gpsfacility.com","","","","6926ff125865d1a723effafd","2025-11-26T13:22:26.974000","2025-11-26T13:22:26.974000","6890c7d607b2a1cba40dc72a","false"
"FORRO TOALHA BAND RED CROCHE 38/40CM KOM  2","GPS14379-002","outros","6890f4b7060d99856d4d819a","2025-01-01","","","6.3","em_uso","","https://api.qrserver.com/v1/create-qr-code/?size=200x200&data=https%3A%2F%2Ffacilitagestor360.com.br%2Fpatrimony%2FGPS14379-002","https://facilitagestor360.com.br/patrimony/GPS14379-002","14842018000145","rafael.lobato@gpsfacility.com","","","","6926ff125865d1a723effaf8","2025-11-26T13:22:26.974000","2025-11-26T13:22:26.974000","6890c7d607b2a1cba40dc72a","false"
"FORRO TOALHA BAND RED CROCHE 38/40CM KOM  4","GPS14379-004","outros","6890f4b7060d99856d4d819a","2025-01-01","","","6.3","em_uso","","https://api.qrserver.com/v1/create-qr-code/?size=200x200&data=https%3A%2F%2Ffacilitagestor360.com.br%2Fpatrimony%2FGPS14379-004","https://facilitagestor360.com.br/patrimony/GPS14379-004","14842018000145","rafael.lobato@gpsfacility.com","","","","6926ff125865d1a723effafa","2025-11-26T13:22:26.974000","2025-11-26T13:22:26.974000","6890c7d607b2a1cba40dc72a","false"
"FORRO AMERIC CROCHE 30X45 BRC 3075 KOMECO 8","GPS14378-008","ferramenta","6890f4b7060d99856d4d819a","2025-01-01","","","7.2","em_uso","","https://api.qrserver.com/v1/create-qr-code/?size=200x200&data=https%3A%2F%2Ffacilitagestor360.com.br%2Fpatrimony%2FGPS14378-008","https://facilitagestor360.com.br/patrimony/GPS14378-008","14842018000145","rafael.lobato@gpsfacility.com","","","","6926fef9a570a4a822515213","2025-11-26T13:22:01.861000","2025-11-26T13:22:01.861000","6890c7d607b2a1cba40dc72a","false"
"FORRO AMERIC CROCHE 30X45 BRC 3075 KOMECO 5","GPS14378-005","ferramenta","6890f4b7060d99856d4d819a","2025-01-01","","","7.2","em_uso","","https://api.qrserver.com/v1/create-qr-code/?size=200x200&data=https%3A%2F%2Ffacilitagestor360.com.br%2Fpatrimony%2FGPS14378-005","https://facilitagestor360.com.br/patrimony/GPS14378-005","14842018000145","rafael.lobato@gpsfacility.com","","","","6926fef9a570a4a822515210","2025-11-26T13:22:01.861000","2025-11-26T13:22:01.861000","6890c7d607b2a1cba40dc72a","false"
"FORRO AMERIC CROCHE 30X45 BRC 3075 KOMECO 2","GPS14378-002","ferramenta","6890f4b7060d99856d4d819a","2025-01-01","","","7.2","em_uso","","https://api.qrserver.com/v1/create-qr-code/?size=200x200&data=https%3A%2F%2Ffacilitagestor360.com.br%2Fpatrimony%2FGPS14378-002","https://facilitagestor360.com.br/patrimony/GPS14378-002","14842018000145","rafael.lobato@gpsfacility.com","","","","6926fef9a570a4a82251520d","2025-11-26T13:22:01.861000","2025-11-26T13:22:01.861000","6890c7d607b2a1cba40dc72a","false"
"FORRO AMERIC CROCHE 30X45 BRC 3075 KOMECO 3","GPS14378-003","ferramenta","6890f4b7060d99856d4d819a","2025-01-01","","","7.2","em_uso","","https://api.qrserver.com/v1/create-qr-code/?size=200x200&data=https%3A%2F%2Ffacilitagestor360.com.br%2Fpatrimony%2FGPS14378-003","https://facilitagestor360.com.br/patrimony/GPS14378-003","14842018000145","rafael.lobato@gpsfacility.com","","","","6926fef9a570a4a82251520e","2025-11-26T13:22:01.861000","2025-11-26T13:22:01.861000","6890c7d607b2a1cba40dc72a","false"
"FORRO AMERIC CROCHE 30X45 BRC 3075 KOMECO 4","GPS14378-004","ferramenta","6890f4b7060d99856d4d819a","2025-01-01","","","7.2","em_uso","","https://api.qrserver.com/v1/create-qr-code/?size=200x200&data=https%3A%2F%2Ffacilitagestor360.com.br%2Fpatrimony%2FGPS14378-004","https://facilitagestor360.com.br/patrimony/GPS14378-004","14842018000145","rafael.lobato@gpsfacility.com","","","","6926fef9a570a4a82251520f","2025-11-26T13:22:01.861000","2025-11-26T13:22:01.861000","6890c7d607b2a1cba40dc72a","false"
"FORRO AMERIC CROCHE 30X45 BRC 3075 KOMECO 6","GPS14378-006","ferramenta","6890f4b7060d99856d4d819a","2025-01-01","","","7.2","em_uso","","https://api.qrserver.com/v1/create-qr-code/?size=200x200&data=https%3A%2F%2Ffacilitagestor360.com.br%2Fpatrimony%2FGPS14378-006","https://facilitagestor360.com.br/patrimony/GPS14378-006","14842018000145","rafael.lobato@gpsfacility.com","","","","6926fef9a570a4a822515211","2025-11-26T13:22:01.861000","2025-11-26T13:22:01.861000","6890c7d607b2a1cba40dc72a","false"
"FORRO AMERIC CROCHE 30X45 BRC 3075 KOMECO 7","GPS14378-007","ferramenta","6890f4b7060d99856d4d819a","2025-01-01","","","7.2","em_uso","","https://api.qrserver.com/v1/create-qr-code/?size=200x200&data=https%3A%2F%2Ffacilitagestor360.com.br%2Fpatrimony%2FGPS14378-007","https://facilitagestor360.com.br/patrimony/GPS14378-007","14842018000145","rafael.lobato@gpsfacility.com","","","","6926fef9a570a4a822515212","2025-11-26T13:22:01.861000","2025-11-26T13:22:01.861000","6890c7d607b2a1cba40dc72a","false"
"FORRO AMERIC CROCHE 30X45 BRC 3075 KOMECO 9","GPS14378-009","ferramenta","6890f4b7060d99856d4d819a","2025-01-01","","","7.2","em_uso","","https://api.qrserver.com/v1/create-qr-code/?size=200x200&data=https%3A%2F%2Ffacilitagestor360.com.br%2Fpatrimony%2FGPS14378-009","https://facilitagestor360.com.br/patrimony/GPS14378-009","14842018000145","rafael.lobato@gpsfacility.com","","","","6926fef9a570a4a822515214","2025-11-26T13:22:01.861000","2025-11-26T13:22:01.861000","6890c7d607b2a1cba40dc72a","false"
"FORRO AMERIC CROCHE 30X45 BRC 3075 KOMECO 1","GPS14378-001","ferramenta","6890f4b7060d99856d4d819a","2025-01-01","","","7.2","em_uso","","https://api.qrserver.com/v1/create-qr-code/?size=200x200&data=https%3A%2F%2Ffacilitagestor360.com.br%2Fpatrimony%2FGPS14378-001","https://facilitagestor360.com.br/patrimony/GPS14378-001","14842018000145","rafael.lobato@gpsfacility.com","","","","6926fef9a570a4a82251520c","2025-11-26T13:22:01.861000","2025-11-26T13:22:01.861000","6890c7d607b2a1cba40dc72a","false"
"FORRO AMERIC CROCHE 30X45 BRC 3075 KOMECO 10","GPS14378-010","ferramenta","6890f4b7060d99856d4d819a","2025-01-01","","","7.2","em_uso","","https://api.qrserver.com/v1/create-qr-code/?size=200x200&data=https%3A%2F%2Ffacilitagestor360.com.br%2Fpatrimony%2FGPS14378-010","https://facilitagestor360.com.br/patrimony/GPS14378-010","14842018000145","rafael.lobato@gpsfacility.com","","","","6926fef9a570a4a822515215","2025-11-26T13:22:01.861000","2025-11-26T13:22:01.861000","6890c7d607b2a1cba40dc72a","false"
"DISPENSER SLIM PP VRM UZ399 VRM MOVEIS K1 8","GPS14377-008","outros","6890f4b7060d99856d4d819a","2025-01-01","","","26.45","em_uso","","https://api.qrserver.com/v1/create-qr-code/?size=200x200&data=https%3A%2F%2Ffacilitagestor360.com.br%2Fpatrimony%2FGPS14377-008","https://facilitagestor360.com.br/patrimony/GPS14377-008","14842018000145","rafael.lobato@gpsfacility.com","","","","6926fed02a2eae851ec3f45d","2025-11-26T13:21:20.679000","2025-11-26T13:21:20.679000","6890c7d607b2a1cba40dc72a","false"
"DISPENSER SLIM PP VRM UZ399 VRM MOVEIS K1 1","GPS14377-001","outros","6890f4b7060d99856d4d819a","2025-01-01","","","26.45","em_uso","","https://api.qrserver.com/v1/create-qr-code/?size=200x200&data=https%3A%2F%2Ffacilitagestor360.com.br%2Fpatrimony%2FGPS14377-001","https://facilitagestor360.com.br/patrimony/GPS14377-001","14842018000145","rafael.lobato@gpsfacility.com","","","","6926fed02a2eae851ec3f456","2025-11-26T13:21:20.679000","2025-11-26T13:21:20.679000","6890c7d607b2a1cba40dc72a","false"
"DISPENSER SLIM PP VRM UZ399 VRM MOVEIS K1 4","GPS14377-004","outros","6890f4b7060d99856d4d819a","2025-01-01","","","26.45","em_uso","","https://api.qrserver.com/v1/create-qr-code/?size=200x200&data=https%3A%2F%2Ffacilitagestor360.com.br%2Fpatrimony%2FGPS14377-004","https://facilitagestor360.com.br/patrimony/GPS14377-004","14842018000145","rafael.lobato@gpsfacility.com","","","","6926fed02a2eae851ec3f459","2025-11-26T13:21:20.679000","2025-11-26T13:21:20.679000","6890c7d607b2a1cba40dc72a","false"
"DISPENSER SLIM PP VRM UZ399 VRM MOVEIS K1 6","GPS14377-006","outros","6890f4b7060d99856d4d819a","2025-01-01","","","26.45","em_uso","","https://api.qrserver.com/v1/create-qr-code/?size=200x200&data=https%3A%2F%2Ffacilitagestor360.com.br%2Fpatrimony%2FGPS14377-006","https://facilitagestor360.com.br/patrimony/GPS14377-006","14842018000145","rafael.lobato@gpsfacility.com","","","","6926fed02a2eae851ec3f45b","2025-11-26T13:21:20.679000","2025-11-26T13:21:20.679000","6890c7d607b2a1cba40dc72a","false"
"DISPENSER SLIM PP VRM UZ399 VRM MOVEIS K1 2","GPS14377-002","outros","6890f4b7060d99856d4d819a","2025-01-01","","","26.45","em_uso","","https://api.qrserver.com/v1/create-qr-code/?size=200x200&data=https%3A%2F%2Ffacilitagestor360.com.br%2Fpatrimony%2FGPS14377-002","https://facilitagestor360.com.br/patrimony/GPS14377-002","14842018000145","rafael.lobato@gpsfacility.com","","","","6926fed02a2eae851ec3f457","2025-11-26T13:21:20.679000","2025-11-26T13:21:20.679000","6890c7d607b2a1cba40dc72a","false"
"DISPENSER SLIM PP VRM UZ399 VRM MOVEIS K1 3","GPS14377-003","outros","6890f4b7060d99856d4d819a","2025-01-01","","","26.45","em_uso","","https://api.qrserver.com/v1/create-qr-code/?size=200x200&data=https%3A%2F%2Ffacilitagestor360.com.br%2Fpatrimony%2FGPS14377-003","https://facilitagestor360.com.br/patrimony/GPS14377-003","14842018000145","rafael.lobato@gpsfacility.com","","","","6926fed02a2eae851ec3f458","2025-11-26T13:21:20.679000","2025-11-26T13:21:20.679000","6890c7d607b2a1cba40dc72a","false"
"DISPENSER SLIM PP VRM UZ399 VRM MOVEIS K1 5","GPS14377-005","outros","6890f4b7060d99856d4d819a","2025-01-01","","","26.45","em_uso","","https://api.qrserver.com/v1/create-qr-code/?size=200x200&data=https%3A%2F%2Ffacilitagestor360.com.br%2Fpatrimony%2FGPS14377-005","https://facilitagestor360.com.br/patrimony/GPS14377-005","14842018000145","rafael.lobato@gpsfacility.com","","","","6926fed02a2eae851ec3f45a","2025-11-26T13:21:20.679000","2025-11-26T13:21:20.679000","6890c7d607b2a1cba40dc72a","false"
"DISPENSER SLIM PP VRM UZ399 VRM MOVEIS K1 7","GPS14377-007","outros","6890f4b7060d99856d4d819a","2025-01-01","","","26.45","em_uso","","https://api.qrserver.com/v1/create-qr-code/?size=200x200&data=https%3A%2F%2Ffacilitagestor360.com.br%2Fpatrimony%2FGPS14377-007","https://facilitagestor360.com.br/patrimony/GPS14377-007","14842018000145","rafael.lobato@gpsfacility.com","","","","6926fed02a2eae851ec3f45c","2025-11-26T13:21:20.679000","2025-11-26T13:21:20.679000","6890c7d607b2a1cba40dc72a","false"
"DISPENSER SLIM PP BRC UZ399 PRT MOVEIS K1 5","GPS14376-005","outros","6890f4b7060d99856d4d819a","2025-01-01","","","26.45","em_uso","","https://api.qrserver.com/v1/create-qr-code/?size=200x200&data=https%3A%2F%2Ffacilitagestor360.com.br%2Fpatrimony%2FGPS14376-005","https://facilitagestor360.com.br/patrimony/GPS14376-005","14842018000145","rafael.lobato@gpsfacility.com","","","","6926fe6ead228efb9c898887","2025-11-26T13:19:42.361000","2025-11-26T13:19:42.361000","6890c7d607b2a1cba40dc72a","false"
"DISPENSER SLIM PP BRC UZ399 PRT MOVEIS K1 7","GPS14376-007","outros","6890f4b7060d99856d4d819a","2025-01-01","","","26.45","em_uso","","https://api.qrserver.com/v1/create-qr-code/?size=200x200&data=https%3A%2F%2Ffacilitagestor360.com.br%2Fpatrimony%2FGPS14376-007","https://facilitagestor360.com.br/patrimony/GPS14376-007","14842018000145","rafael.lobato@gpsfacility.com","","","","6926fe6ead228efb9c898889","2025-11-26T13:19:42.361000","2025-11-26T13:19:42.361000","6890c7d607b2a1cba40dc72a","false"
"DISPENSER SLIM PP BRC UZ399 PRT MOVEIS K1 6","GPS14376-006","outros","6890f4b7060d99856d4d819a","2025-01-01","","","26.45","em_uso","","https://api.qrserver.com/v1/create-qr-code/?size=200x200&data=https%3A%2F%2Ffacilitagestor360.com.br%2Fpatrimony%2FGPS14376-006","https://facilitagestor360.com.br/patrimony/GPS14376-006","14842018000145","rafael.lobato@gpsfacility.com","","","","6926fe6ead228efb9c898888","2025-11-26T13:19:42.361000","2025-11-26T13:19:42.361000","6890c7d607b2a1cba40dc72a","false"
"DISPENSER SLIM PP BRC UZ399 PRT MOVEIS K1 2","GPS14376-002","outros","6890f4b7060d99856d4d819a","2025-01-01","","","26.45","em_uso","","https://api.qrserver.com/v1/create-qr-code/?size=200x200&data=https%3A%2F%2Ffacilitagestor360.com.br%2Fpatrimony%2FGPS14376-002","https://facilitagestor360.com.br/patrimony/GPS14376-002","14842018000145","rafael.lobato@gpsfacility.com","","","","6926fe6ead228efb9c898884","2025-11-26T13:19:42.361000","2025-11-26T13:19:42.361000","6890c7d607b2a1cba40dc72a","false"
"DISPENSER SLIM PP BRC UZ399 PRT MOVEIS K1 4","GPS14376-004","outros","6890f4b7060d99856d4d819a","2025-01-01","","","26.45","em_uso","","https://api.qrserver.com/v1/create-qr-code/?size=200x200&data=https%3A%2F%2Ffacilitagestor360.com.br%2Fpatrimony%2FGPS14376-004","https://facilitagestor360.com.br/patrimony/GPS14376-004","14842018000145","rafael.lobato@gpsfacility.com","","","","6926fe6ead228efb9c898886","2025-11-26T13:19:42.361000","2025-11-26T13:19:42.361000","6890c7d607b2a1cba40dc72a","false"
"DISPENSER SLIM PP BRC UZ399 PRT MOVEIS K1 3","GPS14376-003","outros","6890f4b7060d99856d4d819a","2025-01-01","","","26.45","em_uso","","https://api.qrserver.com/v1/create-qr-code/?size=200x200&data=https%3A%2F%2Ffacilitagestor360.com.br%2Fpatrimony%2FGPS14376-003","https://facilitagestor360.com.br/patrimony/GPS14376-003","14842018000145","rafael.lobato@gpsfacility.com","","","","6926fe6ead228efb9c898885","2025-11-26T13:19:42.361000","2025-11-26T13:19:42.361000","6890c7d607b2a1cba40dc72a","false"
"DISPENSER SLIM PP BRC UZ399 PRT MOVEIS K1 1","GPS14376-001","outros","6890f4b7060d99856d4d819a","2025-01-01","","","26.45","em_uso","","https://api.qrserver.com/v1/create-qr-code/?size=200x200&data=https%3A%2F%2Ffacilitagestor360.com.br%2Fpatrimony%2FGPS14376-001","https://facilitagestor360.com.br/patrimony/GPS14376-001","14842018000145","rafael.lobato@gpsfacility.com","","","","6926fe6ead228efb9c898883","2025-11-26T13:19:42.361000","2025-11-26T13:19:42.361000","6890c7d607b2a1cba40dc72a","false"
"DISPENSER SLIM PP BRC UZ399 PRT MOVEIS K1 8","GPS14376-008","outros","6890f4b7060d99856d4d819a","2025-01-01","","","26.45","em_uso","","https://api.qrserver.com/v1/create-qr-code/?size=200x200&data=https%3A%2F%2Ffacilitagestor360.com.br%2Fpatrimony%2FGPS14376-008","https://facilitagestor360.com.br/patrimony/GPS14376-008","14842018000145","rafael.lobato@gpsfacility.com","","","","6926fe6ead228efb9c89888a","2025-11-26T13:19:42.361000","2025-11-26T13:19:42.361000","6890c7d607b2a1cba40dc72a","false"
"COLHER CAFE LAGUNA 63906/080 TRAMONT PROM 3","GPS14375-003","ferramenta","6890f4b7060d99856d4d819a","2025-01-01","","2026-01-29","3.15","devolvido","","https://api.qrserver.com/v1/create-qr-code/?size=200x200&data=https%3A%2F%2Ffacilitagestor360.com.br%2Fpatrimony%2FGPS14375-003","https://facilitagestor360.com.br/patrimony/GPS14375-003","14842018000145","rafael.lobato@gpsfacility.com","","","","6926fe462b42ee39416f45e5","2025-11-26T13:19:02.380000","2026-01-29T17:53:53.757000","6890c7d607b2a1cba40dc72a","false"
"COLHER CAFE LAGUNA 63906/080 TRAMONT PROM 2","GPS14375-002","ferramenta","6890f4b7060d99856d4d819a","2025-01-01","","2026-01-29","3.15","devolvido","","https://api.qrserver.com/v1/create-qr-code/?size=200x200&data=https%3A%2F%2Ffacilitagestor360.com.br%2Fpatrimony%2FGPS14375-002","https://facilitagestor360.com.br/patrimony/GPS14375-002","14842018000145","rafael.lobato@gpsfacility.com","","","","6926fe462b42ee39416f45e4","2025-11-26T13:19:02.380000","2026-01-29T17:54:52.473000","6890c7d607b2a1cba40dc72a","false"
"COLHER CAFE LAGUNA 63906/080 TRAMONT PROM 8","GPS14375-008","ferramenta","6890f4b7060d99856d4d819a","2025-01-01","","2026-01-29","3.15","devolvido","","https://api.qrserver.com/v1/create-qr-code/?size=200x200&data=https%3A%2F%2Ffacilitagestor360.com.br%2Fpatrimony%2FGPS14375-008","https://facilitagestor360.com.br/patrimony/GPS14375-008","14842018000145","rafael.lobato@gpsfacility.com","","","","6926fe462b42ee39416f45ea","2025-11-26T13:19:02.380000","2026-01-29T17:55:03.299000","6890c7d607b2a1cba40dc72a","false"
"COLHER CAFE LAGUNA 63906/080 TRAMONT PROM 5","GPS14375-005","ferramenta","6890f4b7060d99856d4d819a","2025-01-01","","2026-01-29","3.15","devolvido","","https://api.qrserver.com/v1/create-qr-code/?size=200x200&data=https%3A%2F%2Ffacilitagestor360.com.br%2Fpatrimony%2FGPS14375-005","https://facilitagestor360.com.br/patrimony/GPS14375-005","14842018000145","rafael.lobato@gpsfacility.com","","","","6926fe462b42ee39416f45e7","2025-11-26T13:19:02.380000","2026-01-29T17:55:07.744000","6890c7d607b2a1cba40dc72a","false"
"COLHER CAFE LAGUNA 63906/080 TRAMONT PROM 1","GPS14375-001","ferramenta","6890f4b7060d99856d4d819a","2025-01-01","","2026-01-29","3.15","devolvido","","https://api.qrserver.com/v1/create-qr-code/?size=200x200&data=https%3A%2F%2Ffacilitagestor360.com.br%2Fpatrimony%2FGPS14375-001","https://facilitagestor360.com.br/patrimony/GPS14375-001","14842018000145","rafael.lobato@gpsfacility.com","","","","6926fe462b42ee39416f45e3","2025-11-26T13:19:02.380000","2026-01-29T17:55:14.327000","6890c7d607b2a1cba40dc72a","false"
"COLHER CAFE LAGUNA 63906/080 TRAMONT PROM 7","GPS14375-007","ferramenta","6890f4b7060d99856d4d819a","2025-01-01","","2026-01-29","3.15","devolvido","","https://api.qrserver.com/v1/create-qr-code/?size=200x200&data=https%3A%2F%2Ffacilitagestor360.com.br%2Fpatrimony%2FGPS14375-007","https://facilitagestor360.com.br/patrimony/GPS14375-007","14842018000145","rafael.lobato@gpsfacility.com","","","","6926fe462b42ee39416f45e9","2025-11-26T13:19:02.380000","2026-01-29T17:55:21.310000","6890c7d607b2a1cba40dc72a","false"
"COLHER CAFE LAGUNA 63906/080 TRAMONT PROM 10","GPS14375-010","ferramenta","6890f4b7060d99856d4d819a","2025-01-01","","2026-01-29","3.15","devolvido","","https://api.qrserver.com/v1/create-qr-code/?size=200x200&data=https%3A%2F%2Ffacilitagestor360.com.br%2Fpatrimony%2FGPS14375-010","https://facilitagestor360.com.br/patrimony/GPS14375-010","14842018000145","rafael.lobato@gpsfacility.com","","","","6926fe462b42ee39416f45ec","2025-11-26T13:19:02.380000","2026-01-29T17:55:28.309000","6890c7d607b2a1cba40dc72a","false"
"COLHER CAFE LAGUNA 63906/080 TRAMONT PROM 9","GPS14375-009","ferramenta","6890f4b7060d99856d4d819a","2025-01-01","","2026-01-29","3.15","devolvido","","https://api.qrserver.com/v1/create-qr-code/?size=200x200&data=https%3A%2F%2Ffacilitagestor360.com.br%2Fpatrimony%2FGPS14375-009","https://facilitagestor360.com.br/patrimony/GPS14375-009","14842018000145","rafael.lobato@gpsfacility.com","","","","6926fe462b42ee39416f45eb","2025-11-26T13:19:02.380000","2026-01-29T17:55:33.831000","6890c7d607b2a1cba40dc72a","false"
"COLHER CAFE LAGUNA 63906/080 TRAMONT PROM 6","GPS14375-006","ferramenta","6890f4b7060d99856d4d819a","2025-01-01","","2026-01-29","3.15","devolvido","","https://api.qrserver.com/v1/create-qr-code/?size=200x200&data=https%3A%2F%2Ffacilitagestor360.com.br%2Fpatrimony%2FGPS14375-006","https://facilitagestor360.com.br/patrimony/GPS14375-006","14842018000145","rafael.lobato@gpsfacility.com","","","","6926fe462b42ee39416f45e8","2025-11-26T13:19:02.380000","2026-01-29T17:55:40.575000","6890c7d607b2a1cba40dc72a","false"
"COLHER CAFE LAGUNA 63906/080 TRAMONT PROM 4","GPS14375-004","ferramenta","6890f4b7060d99856d4d819a","2025-01-01","","2026-01-29","3.15","devolvido","","https://api.qrserver.com/v1/create-qr-code/?size=200x200&data=https%3A%2F%2Ffacilitagestor360.com.br%2Fpatrimony%2FGPS14375-004","https://facilitagestor360.com.br/patrimony/GPS14375-004","14842018000145","rafael.lobato@gpsfacility.com","","","","6926fe462b42ee39416f45e6","2025-11-26T13:19:02.380000","2026-01-29T17:55:45.805000","6890c7d607b2a1cba40dc72a","false"
"COPO REFRESCO OCA 400ML 7629 NADIR 8","GPS14374-008","outros","6890f4b7060d99856d4d819a","2025-01-01","","","8.9","em_uso","","https://api.qrserver.com/v1/create-qr-code/?size=200x200&data=https%3A%2F%2Ffacilitagestor360.com.br%2Fpatrimony%2FGPS14374-008","https://facilitagestor360.com.br/patrimony/GPS14374-008","14842018000145","rafael.lobato@gpsfacility.com","","","","6926fe269d431f2563144737","2025-11-26T13:18:30.320000","2025-11-26T13:18:30.320000","6890c7d607b2a1cba40dc72a","false"
"COPO REFRESCO OCA 400ML 7629 NADIR 4","GPS14374-004","outros","6890f4b7060d99856d4d819a","2025-01-01","","","8.9","em_uso","","https://api.qrserver.com/v1/create-qr-code/?size=200x200&data=https%3A%2F%2Ffacilitagestor360.com.br%2Fpatrimony%2FGPS14374-004","https://facilitagestor360.com.br/patrimony/GPS14374-004","14842018000145","rafael.lobato@gpsfacility.com","","","","6926fe269d431f2563144733","2025-11-26T13:18:30.320000","2025-11-26T13:18:30.320000","6890c7d607b2a1cba40dc72a","false"
"COPO REFRESCO OCA 400ML 7629 NADIR 3","GPS14374-003","outros","6890f4b7060d99856d4d819a","2025-01-01","","","8.9","em_uso","","https://api.qrserver.com/v1/create-qr-code/?size=200x200&data=https%3A%2F%2Ffacilitagestor360.com.br%2Fpatrimony%2FGPS14374-003","https://facilitagestor360.com.br/patrimony/GPS14374-003","14842018000145","rafael.lobato@gpsfacility.com","","","","6926fe269d431f2563144732","2025-11-26T13:18:30.320000","2025-11-26T13:18:30.320000","6890c7d607b2a1cba40dc72a","false"
"COPO REFRESCO OCA 400ML 7629 NADIR 10","GPS14374-010","outros","6890f4b7060d99856d4d819a","2025-01-01","","","8.9","em_uso","","https://api.qrserver.com/v1/create-qr-code/?size=200x200&data=https%3A%2F%2Ffacilitagestor360.com.br%2Fpatrimony%2FGPS14374-010","https://facilitagestor360.com.br/patrimony/GPS14374-010","14842018000145","rafael.lobato@gpsfacility.com","","","","6926fe269d431f2563144739","2025-11-26T13:18:30.320000","2025-11-26T13:18:30.320000","6890c7d607b2a1cba40dc72a","false"
"COPO REFRESCO OCA 400ML 7629 NADIR 5","GPS14374-005","outros","6890f4b7060d99856d4d819a","2025-01-01","","","8.9","em_uso","","https://api.qrserver.com/v1/create-qr-code/?size=200x200&data=https%3A%2F%2Ffacilitagestor360.com.br%2Fpatrimony%2FGPS14374-005","https://facilitagestor360.com.br/patrimony/GPS14374-005","14842018000145","rafael.lobato@gpsfacility.com","","","","6926fe269d431f2563144734","2025-11-26T13:18:30.320000","2025-11-26T13:18:30.320000","6890c7d607b2a1cba40dc72a","false"
"COPO REFRESCO OCA 400ML 7629 NADIR 7","GPS14374-007","outros","6890f4b7060d99856d4d819a","2025-01-01","","","8.9","em_uso","","https://api.qrserver.com/v1/create-qr-code/?size=200x200&data=https%3A%2F%2Ffacilitagestor360.com.br%2Fpatrimony%2FGPS14374-007","https://facilitagestor360.com.br/patrimony/GPS14374-007","14842018000145","rafael.lobato@gpsfacility.com","","","","6926fe269d431f2563144736","2025-11-26T13:18:30.320000","2025-11-26T13:18:30.320000","6890c7d607b2a1cba40dc72a","false"
"COPO REFRESCO OCA 400ML 7629 NADIR 1","GPS14374-001","outros","6890f4b7060d99856d4d819a","2025-01-01","","","8.9","em_uso","","https://api.qrserver.com/v1/create-qr-code/?size=200x200&data=https%3A%2F%2Ffacilitagestor360.com.br%2Fpatrimony%2FGPS14374-001","https://facilitagestor360.com.br/patrimony/GPS14374-001","14842018000145","rafael.lobato@gpsfacility.com","","","","6926fe269d431f2563144730","2025-11-26T13:18:30.320000","2025-11-26T13:18:30.320000","6890c7d607b2a1cba40dc72a","false"
"COPO REFRESCO OCA 400ML 7629 NADIR 6","GPS14374-006","outros","6890f4b7060d99856d4d819a","2025-01-01","","","8.9","em_uso","","https://api.qrserver.com/v1/create-qr-code/?size=200x200&data=https%3A%2F%2Ffacilitagestor360.com.br%2Fpatrimony%2FGPS14374-006","https://facilitagestor360.com.br/patrimony/GPS14374-006","14842018000145","rafael.lobato@gpsfacility.com","","","","6926fe269d431f2563144735","2025-11-26T13:18:30.320000","2025-11-26T13:18:30.320000","6890c7d607b2a1cba40dc72a","false"
"COPO REFRESCO OCA 400ML 7629 NADIR 9","GPS14374-009","outros","6890f4b7060d99856d4d819a","2025-01-01","","","8.9","em_uso","","https://api.qrserver.com/v1/create-qr-code/?size=200x200&data=https%3A%2F%2Ffacilitagestor360.com.br%2Fpatrimony%2FGPS14374-009","https://facilitagestor360.com.br/patrimony/GPS14374-009","14842018000145","rafael.lobato@gpsfacility.com","","","","6926fe269d431f2563144738","2025-11-26T13:18:30.320000","2025-11-26T13:18:30.320000","6890c7d607b2a1cba40dc72a","false"
"COPO REFRESCO OCA 400ML 7629 NADIR 2","GPS14374-002","outros","6890f4b7060d99856d4d819a","2025-01-01","","","8.9","em_uso","","https://api.qrserver.com/v1/create-qr-code/?size=200x200&data=https%3A%2F%2Ffacilitagestor360.com.br%2Fpatrimony%2FGPS14374-002","https://facilitagestor360.com.br/patrimony/GPS14374-002","14842018000145","rafael.lobato@gpsfacility.com","","","","6926fe269d431f2563144731","2025-11-26T13:18:30.320000","2025-11-26T13:18:30.320000","6890c7d607b2a1cba40dc72a","false"
"DETERGENTE PLAST FM OR45720 ORDEN 4","GPS14373-004","outros","6890f4b7060d99856d4d819a","2025-01-01","","","24.3","em_uso","","https://api.qrserver.com/v1/create-qr-code/?size=200x200&data=https%3A%2F%2Ffacilitagestor360.com.br%2Fpatrimony%2FGPS14373-004","https://facilitagestor360.com.br/patrimony/GPS14373-004","14842018000145","rafael.lobato@gpsfacility.com","","","","6926fe0490d3c1a8003f9903","2025-11-26T13:17:56.765000","2025-11-26T13:17:56.765000","6890c7d607b2a1cba40dc72a","false"
"DETERGENTE PLAST FM OR45720 ORDEN 1","GPS14373-001","outros","6890f4b7060d99856d4d819a","2025-01-01","","","24.3","em_uso","","https://api.qrserver.com/v1/create-qr-code/?size=200x200&data=https%3A%2F%2Ffacilitagestor360.com.br%2Fpatrimony%2FGPS14373-001","https://facilitagestor360.com.br/patrimony/GPS14373-001","14842018000145","rafael.lobato@gpsfacility.com","","","","6926fe0490d3c1a8003f9900","2025-11-26T13:17:56.765000","2025-11-26T13:17:56.765000","6890c7d607b2a1cba40dc72a","false"
"DETERGENTE PLAST FM OR45720 ORDEN 2","GPS14373-002","outros","6890f4b7060d99856d4d819a","2025-01-01","","","24.3","em_uso","","https://api.qrserver.com/v1/create-qr-code/?size=200x200&data=https%3A%2F%2Ffacilitagestor360.com.br%2Fpatrimony%2FGPS14373-002","https://facilitagestor360.com.br/patrimony/GPS14373-002","14842018000145","rafael.lobato@gpsfacility.com","","","","6926fe0490d3c1a8003f9901","2025-11-26T13:17:56.765000","2025-11-26T13:17:56.765000","6890c7d607b2a1cba40dc72a","false"
"DETERGENTE PLAST FM OR45720 ORDEN 3","GPS14373-003","outros","6890f4b7060d99856d4d819a","2025-01-01","","","24.3","em_uso","","https://api.qrserver.com/v1/create-qr-code/?size=200x200&data=https%3A%2F%2Ffacilitagestor360.com.br%2Fpatrimony%2FGPS14373-003","https://facilitagestor360.com.br/patrimony/GPS14373-003","14842018000145","rafael.lobato@gpsfacility.com","","","","6926fe0490d3c1a8003f9902","2025-11-26T13:17:56.765000","2025-11-26T13:17:56.765000","6890c7d607b2a1cba40dc72a","false"
"COLHER ARROZ 31X7CM 8923 KEHO  5","GPS14372-005","outros","6890f4b7060d99856d4d819a","2025-01-01","","","12.1","em_uso","","https://api.qrserver.com/v1/create-qr-code/?size=200x200&data=https%3A%2F%2Ffacilitagestor360.com.br%2Fpatrimony%2FGPS14372-005","https://facilitagestor360.com.br/patrimony/GPS14372-005","14842018000145","rafael.lobato@gpsfacility.com","","","","6926fd57fb06d4bf8adc4461","2025-11-26T13:15:03.653000","2025-11-26T13:15:03.653000","6890c7d607b2a1cba40dc72a","false"
"COLHER ARROZ 31X7CM 8923 KEHO  2","GPS14372-002","outros","6890f4b7060d99856d4d819a","2025-01-01","","","12.1","em_uso","","https://api.qrserver.com/v1/create-qr-code/?size=200x200&data=https%3A%2F%2Ffacilitagestor360.com.br%2Fpatrimony%2FGPS14372-002","https://facilitagestor360.com.br/patrimony/GPS14372-002","14842018000145","rafael.lobato@gpsfacility.com","","","","6926fd57fb06d4bf8adc445e","2025-11-26T13:15:03.653000","2025-11-26T13:15:03.653000","6890c7d607b2a1cba40dc72a","false"
"COLHER ARROZ 31X7CM 8923 KEHO  6","GPS14372-006","outros","6890f4b7060d99856d4d819a","2025-01-01","","","12.1","em_uso","","https://api.qrserver.com/v1/create-qr-code/?size=200x200&data=https%3A%2F%2Ffacilitagestor360.com.br%2Fpatrimony%2FGPS14372-006","https://facilitagestor360.com.br/patrimony/GPS14372-006","14842018000145","rafael.lobato@gpsfacility.com","","","","6926fd57fb06d4bf8adc4462","2025-11-26T13:15:03.653000","2025-11-26T13:15:03.653000","6890c7d607b2a1cba40dc72a","false"
"COLHER ARROZ 31X7CM 8923 KEHO  8","GPS14372-008","outros","6890f4b7060d99856d4d819a","2025-01-01","","","12.1","em_uso","","https://api.qrserver.com/v1/create-qr-code/?size=200x200&data=https%3A%2F%2Ffacilitagestor360.com.br%2Fpatrimony%2FGPS14372-008","https://facilitagestor360.com.br/patrimony/GPS14372-008","14842018000145","rafael.lobato@gpsfacility.com","","","","6926fd57fb06d4bf8adc4464","2025-11-26T13:15:03.653000","2025-11-26T13:15:03.653000","6890c7d607b2a1cba40dc72a","false"
"COLHER ARROZ 31X7CM 8923 KEHO  3","GPS14372-003","outros","6890f4b7060d99856d4d819a","2025-01-01","","","12.1","em_uso","","https://api.qrserver.com/v1/create-qr-code/?size=200x200&data=https%3A%2F%2Ffacilitagestor360.com.br%2Fpatrimony%2FGPS14372-003","https://facilitagestor360.com.br/patrimony/GPS14372-003","14842018000145","rafael.lobato@gpsfacility.com","","","","6926fd57fb06d4bf8adc445f","2025-11-26T13:15:03.653000","2025-11-26T13:15:03.653000","6890c7d607b2a1cba40dc72a","false"
"COLHER ARROZ 31X7CM 8923 KEHO  4","GPS14372-004","outros","6890f4b7060d99856d4d819a","2025-01-01","","","12.1","em_uso","","https://api.qrserver.com/v1/create-qr-code/?size=200x200&data=https%3A%2F%2Ffacilitagestor360.com.br%2Fpatrimony%2FGPS14372-004","https://facilitagestor360.com.br/patrimony/GPS14372-004","14842018000145","rafael.lobato@gpsfacility.com","","","","6926fd57fb06d4bf8adc4460","2025-11-26T13:15:03.653000","2025-11-26T13:15:03.653000","6890c7d607b2a1cba40dc72a","false"
"COLHER ARROZ 31X7CM 8923 KEHO  1","GPS14372-001","outros","6890f4b7060d99856d4d819a","2025-01-01","","","12.1","em_uso","","https://api.qrserver.com/v1/create-qr-code/?size=200x200&data=https%3A%2F%2Ffacilitagestor360.com.br%2Fpatrimony%2FGPS14372-001","https://facilitagestor360.com.br/patrimony/GPS14372-001","14842018000145","rafael.lobato@gpsfacility.com","","","","6926fd57fb06d4bf8adc445d","2025-11-26T13:15:03.653000","2025-11-26T13:15:03.653000","6890c7d607b2a1cba40dc72a","false"
"COLHER ARROZ 31X7CM 8923 KEHO  7","GPS14372-007","outros","6890f4b7060d99856d4d819a","2025-01-01","","","12.1","em_uso","","https://api.qrserver.com/v1/create-qr-code/?size=200x200&data=https%3A%2F%2Ffacilitagestor360.com.br%2Fpatrimony%2FGPS14372-007","https://facilitagestor360.com.br/patrimony/GPS14372-007","14842018000145","rafael.lobato@gpsfacility.com","","","","6926fd57fb06d4bf8adc4463","2025-11-26T13:15:03.653000","2025-11-26T13:15:03.653000","6890c7d607b2a1cba40dc72a","false"
"CANECA HOTEL CB BAQ 14 2L 527 ABC 2","GPS14371-002","outros","6890f4b7060d99856d4d819a","2025-01-01","","","51.6","em_uso","","https://api.qrserver.com/v1/create-qr-code/?size=200x200&data=https%3A%2F%2Ffacilitagestor360.com.br%2Fpatrimony%2FGPS14371-002","https://facilitagestor360.com.br/patrimony/GPS14371-002","14842018000145","rafael.lobato@gpsfacility.com","","","","6926fd34ddfc568b34deac12","2025-11-26T13:14:28.560000","2025-11-26T13:14:28.560000","6890c7d607b2a1cba40dc72a","false"
"CANECA HOTEL CB BAQ 14 2L 527 ABC 4","GPS14371-004","outros","6890f4b7060d99856d4d819a","2025-01-01","","","51.6","em_uso","","https://api.qrserver.com/v1/create-qr-code/?size=200x200&data=https%3A%2F%2Ffacilitagestor360.com.br%2Fpatrimony%2FGPS14371-004","https://facilitagestor360.com.br/patrimony/GPS14371-004","14842018000145","rafael.lobato@gpsfacility.com","","","","6926fd34ddfc568b34deac14","2025-11-26T13:14:28.560000","2025-11-26T13:14:28.560000","6890c7d607b2a1cba40dc72a","false"
"CANECA HOTEL CB BAQ 14 2L 527 ABC 8","GPS14371-008","outros","6890f4b7060d99856d4d819a","2025-01-01","","","51.6","em_uso","","https://api.qrserver.com/v1/create-qr-code/?size=200x200&data=https%3A%2F%2Ffacilitagestor360.com.br%2Fpatrimony%2FGPS14371-008","https://facilitagestor360.com.br/patrimony/GPS14371-008","14842018000145","rafael.lobato@gpsfacility.com","","","","6926fd34ddfc568b34deac18","2025-11-26T13:14:28.560000","2025-11-26T13:14:28.560000","6890c7d607b2a1cba40dc72a","false"
"CANECA HOTEL CB BAQ 14 2L 527 ABC 6","GPS14371-006","outros","6890f4b7060d99856d4d819a","2025-01-01","","","51.6","em_uso","","https://api.qrserver.com/v1/create-qr-code/?size=200x200&data=https%3A%2F%2Ffacilitagestor360.com.br%2Fpatrimony%2FGPS14371-006","https://facilitagestor360.com.br/patrimony/GPS14371-006","14842018000145","rafael.lobato@gpsfacility.com","","","","6926fd34ddfc568b34deac16","2025-11-26T13:14:28.560000","2025-11-26T13:14:28.560000","6890c7d607b2a1cba40dc72a","false"
"CANECA HOTEL CB BAQ 14 2L 527 ABC 1","GPS14371-001","outros","6890f4b7060d99856d4d819a","2025-01-01","","","51.6","em_uso","","https://api.qrserver.com/v1/create-qr-code/?size=200x200&data=https%3A%2F%2Ffacilitagestor360.com.br%2Fpatrimony%2FGPS14371-001","https://facilitagestor360.com.br/patrimony/GPS14371-001","14842018000145","rafael.lobato@gpsfacility.com","","","","6926fd34ddfc568b34deac11","2025-11-26T13:14:28.560000","2025-11-26T13:14:28.560000","6890c7d607b2a1cba40dc72a","false"
"CANECA HOTEL CB BAQ 14 2L 527 ABC 5","GPS14371-005","outros","6890f4b7060d99856d4d819a","2025-01-01","","","51.6","em_uso","","https://api.qrserver.com/v1/create-qr-code/?size=200x200&data=https%3A%2F%2Ffacilitagestor360.com.br%2Fpatrimony%2FGPS14371-005","https://facilitagestor360.com.br/patrimony/GPS14371-005","14842018000145","rafael.lobato@gpsfacility.com","","","","6926fd34ddfc568b34deac15","2025-11-26T13:14:28.560000","2025-11-26T13:14:28.560000","6890c7d607b2a1cba40dc72a","false"
"CANECA HOTEL CB BAQ 14 2L 527 ABC 3","GPS14371-003","outros","6890f4b7060d99856d4d819a","2025-01-01","","","51.6","em_uso","","https://api.qrserver.com/v1/create-qr-code/?size=200x200&data=https%3A%2F%2Ffacilitagestor360.com.br%2Fpatrimony%2FGPS14371-003","https://facilitagestor360.com.br/patrimony/GPS14371-003","14842018000145","rafael.lobato@gpsfacility.com","","","","6926fd34ddfc568b34deac13","2025-11-26T13:14:28.560000","2025-11-26T13:14:28.560000","6890c7d607b2a1cba40dc72a","false"
"CANECA HOTEL CB BAQ 14 2L 527 ABC 7","GPS14371-007","outros","6890f4b7060d99856d4d819a","2025-01-01","","","51.6","em_uso","","https://api.qrserver.com/v1/create-qr-code/?size=200x200&data=https%3A%2F%2Ffacilitagestor360.com.br%2Fpatrimony%2FGPS14371-007","https://facilitagestor360.com.br/patrimony/GPS14371-007","14842018000145","rafael.lobato@gpsfacility.com","","","","6926fd34ddfc568b34deac17","2025-11-26T13:14:28.560000","2025-11-26T13:14:28.560000","6890c7d607b2a1cba40dc72a","false"
"BULE C/BICO 700ML 1204 FORMA 3","GPS14370-003","outros","6890f4b7060d99856d4d819a","2025-01-01","","","241.6","em_uso","","https://api.qrserver.com/v1/create-qr-code/?size=200x200&data=https%3A%2F%2Ffacilitagestor360.com.br%2Fpatrimony%2FGPS14370-003","https://facilitagestor360.com.br/patrimony/GPS14370-003","14842018000145","rafael.lobato@gpsfacility.com","","","","6926fd1563cb5eb2baccd787","2025-11-26T13:13:57.236000","2025-11-26T13:13:57.236000","6890c7d607b2a1cba40dc72a","false"
"BULE C/BICO 700ML 1204 FORMA 2","GPS14370-002","outros","6890f4b7060d99856d4d819a","2025-01-01","","","241.6","em_uso","","https://api.qrserver.com/v1/create-qr-code/?size=200x200&data=https%3A%2F%2Ffacilitagestor360.com.br%2Fpatrimony%2FGPS14370-002","https://facilitagestor360.com.br/patrimony/GPS14370-002","14842018000145","rafael.lobato@gpsfacility.com","","","","6926fd1563cb5eb2baccd786","2025-11-26T13:13:57.236000","2025-11-26T13:13:57.236000","6890c7d607b2a1cba40dc72a","false"
"BULE C/BICO 700ML 1204 FORMA 1","GPS14370-001","outros","6890f4b7060d99856d4d819a","2025-01-01","","","241.6","em_uso","","https://api.qrserver.com/v1/create-qr-code/?size=200x200&data=https%3A%2F%2Ffacilitagestor360.com.br%2Fpatrimony%2FGPS14370-001","https://facilitagestor360.com.br/patrimony/GPS14370-001","14842018000145","rafael.lobato@gpsfacility.com","","","","6926fd1563cb5eb2baccd785","2025-11-26T13:13:57.236000","2025-11-26T13:13:57.236000","6890c7d607b2a1cba40dc72a","false"
"BULE C/BICO 700ML 1204 FORMA 4","GPS14370-004","outros","6890f4b7060d99856d4d819a","2025-01-01","","","241.6","em_uso","","https://api.qrserver.com/v1/create-qr-code/?size=200x200&data=https%3A%2F%2Ffacilitagestor360.com.br%2Fpatrimony%2FGPS14370-004","https://facilitagestor360.com.br/patrimony/GPS14370-004","14842018000145","rafael.lobato@gpsfacility.com","","","","6926fd1563cb5eb2baccd788","2025-11-26T13:13:57.236000","2025-11-26T13:13:57.236000","6890c7d607b2a1cba40dc72a","false"
"BANDEJA BUENA RET S/EMB 61712/481 TR 5","GPS14369-005","outros","6890f4b7060d99856d4d819a","2025-01-01","","2026-01-29","121.8","devolvido","","https://api.qrserver.com/v1/create-qr-code/?size=200x200&data=https%3A%2F%2Ffacilitagestor360.com.br%2Fpatrimony%2FGPS14369-005","https://facilitagestor360.com.br/patrimony/GPS14369-005","14842018000145","rafael.lobato@gpsfacility.com","","","","6926fcf373c942dc0f4fdb66","2025-11-26T13:13:23.751000","2026-01-29T17:29:49.253000","6890c7d607b2a1cba40dc72a","false"
"BANDEJA BUENA RET S/EMB 61712/481 TR 4","GPS14369-004","outros","6890f4b7060d99856d4d819a","2025-01-01","","2026-01-29","121.8","devolvido","","https://api.qrserver.com/v1/create-qr-code/?size=200x200&data=https%3A%2F%2Ffacilitagestor360.com.br%2Fpatrimony%2FGPS14369-004","https://facilitagestor360.com.br/patrimony/GPS14369-004","14842018000145","rafael.lobato@gpsfacility.com","","","","6926fcf373c942dc0f4fdb65","2025-11-26T13:13:23.751000","2026-01-29T17:29:41.494000","6890c7d607b2a1cba40dc72a","false"
"BANDEJA BUENA RET S/EMB 61712/481 TR 2","GPS14369-002","outros","6890f4b7060d99856d4d819a","2025-01-01","","2026-01-29","121.8","devolvido","","https://api.qrserver.com/v1/create-qr-code/?size=200x200&data=https%3A%2F%2Ffacilitagestor360.com.br%2Fpatrimony%2FGPS14369-002","https://facilitagestor360.com.br/patrimony/GPS14369-002","14842018000145","rafael.lobato@gpsfacility.com","","","","6926fcf373c942dc0f4fdb63","2025-11-26T13:13:23.751000","2026-01-29T17:29:12.245000","6890c7d607b2a1cba40dc72a","false"
"BANDEJA BUENA RET S/EMB 61712/481 TR 7","GPS14369-007","outros","6890f4b7060d99856d4d819a","2025-01-01","","2026-01-29","121.8","devolvido","","https://api.qrserver.com/v1/create-qr-code/?size=200x200&data=https%3A%2F%2Ffacilitagestor360.com.br%2Fpatrimony%2FGPS14369-007","https://facilitagestor360.com.br/patrimony/GPS14369-007","14842018000145","rafael.lobato@gpsfacility.com","","","","6926fcf373c942dc0f4fdb68","2025-11-26T13:13:23.751000","2026-01-29T17:29:35.689000","6890c7d607b2a1cba40dc72a","false"
"BANDEJA BUENA RET S/EMB 61712/481 TR 1","GPS14369-001","outros","6890f4b7060d99856d4d819a","2025-01-01","","2026-01-29","121.8","devolvido","","https://api.qrserver.com/v1/create-qr-code/?size=200x200&data=https%3A%2F%2Ffacilitagestor360.com.br%2Fpatrimony%2FGPS14369-001","https://facilitagestor360.com.br/patrimony/GPS14369-001","14842018000145","rafael.lobato@gpsfacility.com","","","","6926fcf373c942dc0f4fdb62","2025-11-26T13:13:23.751000","2026-01-29T17:28:51.451000","6890c7d607b2a1cba40dc72a","false"
"BANDEJA BUENA RET S/EMB 61712/481 TR 3","GPS14369-003","outros","6890f4b7060d99856d4d819a","2025-01-01","","2026-01-29","121.8","devolvido","","https://api.qrserver.com/v1/create-qr-code/?size=200x200&data=https%3A%2F%2Ffacilitagestor360.com.br%2Fpatrimony%2FGPS14369-003","https://facilitagestor360.com.br/patrimony/GPS14369-003","14842018000145","rafael.lobato@gpsfacility.com","","","","6926fcf373c942dc0f4fdb64","2025-11-26T13:13:23.751000","2026-01-29T17:29:04.216000","6890c7d607b2a1cba40dc72a","false"
"BANDEJA BUENA RET S/EMB 61712/481 TR 6","GPS14369-006","outros","6890f4b7060d99856d4d819a","2025-01-01","","2026-01-29","121.8","devolvido","","https://api.qrserver.com/v1/create-qr-code/?size=200x200&data=https%3A%2F%2Ffacilitagestor360.com.br%2Fpatrimony%2FGPS14369-006","https://facilitagestor360.com.br/patrimony/GPS14369-006","14842018000145","rafael.lobato@gpsfacility.com","","","","6926fcf373c942dc0f4fdb67","2025-11-26T13:13:23.751000","2026-01-29T17:29:55.848000","6890c7d607b2a1cba40dc72a","false"
"BANDEJA BUENA RET S/EMB 61712/481 TR 8","GPS14369-008","outros","6890f4b7060d99856d4d819a","2025-01-01","","2026-01-29","121.8","devolvido","","https://api.qrserver.com/v1/create-qr-code/?size=200x200&data=https%3A%2F%2Ffacilitagestor360.com.br%2Fpatrimony%2FGPS14369-008","https://facilitagestor360.com.br/patrimony/GPS14369-008","14842018000145","rafael.lobato@gpsfacility.com","","","","6926fcf373c942dc0f4fdb69","2025-11-26T13:13:23.751000","2026-01-29T17:30:40.018000","6890c7d607b2a1cba40dc72a","false"
"BANDEJA 40CM SE 1681/040 ARIENZO PROM BRINOX 6","GPS14368-006","outros","6890f4b7060d99856d4d819a","2025-01-01","","2026-01-29","79.8","devolvido","","https://api.qrserver.com/v1/create-qr-code/?size=200x200&data=https%3A%2F%2Ffacilitagestor360.com.br%2Fpatrimony%2FGPS14368-006","https://facilitagestor360.com.br/patrimony/GPS14368-006","14842018000145","rafael.lobato@gpsfacility.com","","","","6926fccd384af83d97f94244","2025-11-26T13:12:45.248000","2026-01-29T17:30:45.951000","6890c7d607b2a1cba40dc72a","false"
"BANDEJA 40CM SE 1681/040 ARIENZO PROM BRINOX 8","GPS14368-008","outros","6890f4b7060d99856d4d819a","2025-01-01","","2026-01-29","79.8","devolvido","","https://api.qrserver.com/v1/create-qr-code/?size=200x200&data=https%3A%2F%2Ffacilitagestor360.com.br%2Fpatrimony%2FGPS14368-008","https://facilitagestor360.com.br/patrimony/GPS14368-008","14842018000145","rafael.lobato@gpsfacility.com","","","","6926fccd384af83d97f94246","2025-11-26T13:12:45.248000","2026-01-29T17:30:50.902000","6890c7d607b2a1cba40dc72a","false"
"BANDEJA 40CM SE 1681/040 ARIENZO PROM BRINOX 2","GPS14368-002","outros","6890f4b7060d99856d4d819a","2025-01-01","","2026-01-29","79.8","devolvido","","https://api.qrserver.com/v1/create-qr-code/?size=200x200&data=https%3A%2F%2Ffacilitagestor360.com.br%2Fpatrimony%2FGPS14368-002","https://facilitagestor360.com.br/patrimony/GPS14368-002","14842018000145","rafael.lobato@gpsfacility.com","","","","6926fccd384af83d97f94240","2025-11-26T13:12:45.248000","2026-01-29T17:30:55.864000","6890c7d607b2a1cba40dc72a","false"
"BANDEJA 40CM SE 1681/040 ARIENZO PROM BRINOX 5","GPS14368-005","outros","6890f4b7060d99856d4d819a","2025-01-01","","2026-01-29","79.8","devolvido","","https://api.qrserver.com/v1/create-qr-code/?size=200x200&data=https%3A%2F%2Ffacilitagestor360.com.br%2Fpatrimony%2FGPS14368-005","https://facilitagestor360.com.br/patrimony/GPS14368-005","14842018000145","rafael.lobato@gpsfacility.com","","","","6926fccd384af83d97f94243","2025-11-26T13:12:45.248000","2026-01-29T17:37:38.213000","6890c7d607b2a1cba40dc72a","false"
"BANDEJA 40CM SE 1681/040 ARIENZO PROM BRINOX 7","GPS14368-007","outros","6890f4b7060d99856d4d819a","2025-01-01","","2026-01-29","79.8","devolvido","","https://api.qrserver.com/v1/create-qr-code/?size=200x200&data=https%3A%2F%2Ffacilitagestor360.com.br%2Fpatrimony%2FGPS14368-007","https://facilitagestor360.com.br/patrimony/GPS14368-007","14842018000145","rafael.lobato@gpsfacility.com","","","","6926fccd384af83d97f94245","2025-11-26T13:12:45.248000","2026-01-29T17:37:43.823000","6890c7d607b2a1cba40dc72a","false"
"BANDEJA 40CM SE 1681/040 ARIENZO PROM BRINOX 4","GPS14368-004","outros","6890f4b7060d99856d4d819a","2025-01-01","","2026-01-29","79.8","devolvido","","https://api.qrserver.com/v1/create-qr-code/?size=200x200&data=https%3A%2F%2Ffacilitagestor360.com.br%2Fpatrimony%2FGPS14368-004","https://facilitagestor360.com.br/patrimony/GPS14368-004","14842018000145","rafael.lobato@gpsfacility.com","","","","6926fccd384af83d97f94242","2025-11-26T13:12:45.248000","2026-01-29T17:38:00.481000","6890c7d607b2a1cba40dc72a","false"
"BANDEJA 40CM SE 1681/040 ARIENZO PROM BRINOX 1","GPS14368-001","outros","6890f4b7060d99856d4d819a","2025-01-01","","","79.8","em_uso","","https://api.qrserver.com/v1/create-qr-code/?size=200x200&data=https%3A%2F%2Ffacilitagestor360.com.br%2Fpatrimony%2FGPS14368-001","https://facilitagestor360.com.br/patrimony/GPS14368-001","14842018000145","rafael.lobato@gpsfacility.com","","","","6926fccd384af83d97f9423f","2025-11-26T13:12:45.248000","2025-11-26T13:12:45.248000","6890c7d607b2a1cba40dc72a","false"
"BANDEJA 40CM SE 1681/040 ARIENZO PROM BRINOX 3","GPS14368-003","outros","6890f4b7060d99856d4d819a","2025-01-01","","","79.8","em_uso","","https://api.qrserver.com/v1/create-qr-code/?size=200x200&data=https%3A%2F%2Ffacilitagestor360.com.br%2Fpatrimony%2FGPS14368-003","https://facilitagestor360.com.br/patrimony/GPS14368-003","14842018000145","rafael.lobato@gpsfacility.com","","","","6926fccd384af83d97f94241","2025-11-26T13:12:45.248000","2025-11-26T13:12:45.248000","6890c7d607b2a1cba40dc72a","false"
"ACUCAREIRO ITATIAIA INOX 210G 1103 VIE 5","GPS14367-005","outros","6890f4b7060d99856d4d819a","2025-01-01","","2026-01-29","49.6","devolvido","","https://api.qrserver.com/v1/create-qr-code/?size=200x200&data=https%3A%2F%2Ffacilitagestor360.com.br%2Fpatrimony%2FGPS14367-005","https://facilitagestor360.com.br/patrimony/GPS14367-005","14842018000145","rafael.lobato@gpsfacility.com","","","","6926fc5e18804d320dcdc1cb","2025-11-26T13:10:54.269000","2026-01-29T17:27:23.141000","6890c7d607b2a1cba40dc72a","false"
"ACUCAREIRO ITATIAIA INOX 210G 1103 VIE 4","GPS14367-004","outros","6890f4b7060d99856d4d819a","2025-01-01","","2026-01-29","49.6","devolvido","","https://api.qrserver.com/v1/create-qr-code/?size=200x200&data=https%3A%2F%2Ffacilitagestor360.com.br%2Fpatrimony%2FGPS14367-004","https://facilitagestor360.com.br/patrimony/GPS14367-004","14842018000145","rafael.lobato@gpsfacility.com","","","","6926fc5e18804d320dcdc1ca","2025-11-26T13:10:54.269000","2026-01-29T17:27:29.186000","6890c7d607b2a1cba40dc72a","false"
"ACUCAREIRO ITATIAIA INOX 210G 1103 VIE 8","GPS14367-008","outros","6890f4b7060d99856d4d819a","2025-01-01","","2026-01-29","49.6","devolvido","","https://api.qrserver.com/v1/create-qr-code/?size=200x200&data=https%3A%2F%2Ffacilitagestor360.com.br%2Fpatrimony%2FGPS14367-008","https://facilitagestor360.com.br/patrimony/GPS14367-008","14842018000145","rafael.lobato@gpsfacility.com","","","","6926fc5e18804d320dcdc1ce","2025-11-26T13:10:54.269000","2026-01-29T17:27:36.456000","6890c7d607b2a1cba40dc72a","false"
"ACUCAREIRO ITATIAIA INOX 210G 1103 VIE 6","GPS14367-006","outros","6890f4b7060d99856d4d819a","2025-01-01","","2026-01-29","49.6","devolvido","","https://api.qrserver.com/v1/create-qr-code/?size=200x200&data=https%3A%2F%2Ffacilitagestor360.com.br%2Fpatrimony%2FGPS14367-006","https://facilitagestor360.com.br/patrimony/GPS14367-006","14842018000145","rafael.lobato@gpsfacility.com","","","","6926fc5e18804d320dcdc1cc","2025-11-26T13:10:54.269000","2026-01-29T17:27:43.692000","6890c7d607b2a1cba40dc72a","false"
"ACUCAREIRO ITATIAIA INOX 210G 1103 VIE 1","GPS14367-001","outros","6890f4b7060d99856d4d819a","2025-01-01","","2026-01-29","49.6","devolvido","","https://api.qrserver.com/v1/create-qr-code/?size=200x200&data=https%3A%2F%2Ffacilitagestor360.com.br%2Fpatrimony%2FGPS14367-001","https://facilitagestor360.com.br/patrimony/GPS14367-001","14842018000145","rafael.lobato@gpsfacility.com","","","","6926fc5e18804d320dcdc1c7","2025-11-26T13:10:54.269000","2026-01-29T17:27:51.573000","6890c7d607b2a1cba40dc72a","false"
"ACUCAREIRO ITATIAIA INOX 210G 1103 VIE 2","GPS14367-002","outros","6890f4b7060d99856d4d819a","2025-01-01","","2026-01-29","49.6","devolvido","","https://api.qrserver.com/v1/create-qr-code/?size=200x200&data=https%3A%2F%2Ffacilitagestor360.com.br%2Fpatrimony%2FGPS14367-002","https://facilitagestor360.com.br/patrimony/GPS14367-002","14842018000145","rafael.lobato@gpsfacility.com","","","","6926fc5e18804d320dcdc1c8","2025-11-26T13:10:54.269000","2026-01-29T17:28:00.572000","6890c7d607b2a1cba40dc72a","false"
"ACUCAREIRO ITATIAIA INOX 210G 1103 VIE 3","GPS14367-003","outros","6890f4b7060d99856d4d819a","2025-01-01","","2026-01-29","49.6","devolvido","","https://api.qrserver.com/v1/create-qr-code/?size=200x200&data=https%3A%2F%2Ffacilitagestor360.com.br%2Fpatrimony%2FGPS14367-003","https://facilitagestor360.com.br/patrimony/GPS14367-003","14842018000145","rafael.lobato@gpsfacility.com","","","","6926fc5e18804d320dcdc1c9","2025-11-26T13:10:54.269000","2026-01-29T17:28:11.788000","6890c7d607b2a1cba40dc72a","false"
"ACUCAREIRO ITATIAIA INOX 210G 1103 VIE 7","GPS14367-007","outros","6890f4b7060d99856d4d819a","2025-01-01","","2026-01-29","49.6","devolvido","","https://api.qrserver.com/v1/create-qr-code/?size=200x200&data=https%3A%2F%2Ffacilitagestor360.com.br%2Fpatrimony%2FGPS14367-007","https://facilitagestor360.com.br/patrimony/GPS14367-007","14842018000145","rafael.lobato@gpsfacility.com","","","","6926fc5e18804d320dcdc1cd","2025-11-26T13:10:54.269000","2026-01-29T17:28:18.546000","6890c7d607b2a1cba40dc72a","false"
"ACUCAREIRO COLHER 216G 6881 KEHOME 1","GPS14366-001","outros","6890f430af56e52f005ac934","2025-01-01","","","49.6","em_uso","","https://api.qrserver.com/v1/create-qr-code/?size=200x200&data=https%3A%2F%2Ffacilitagestor360.com.br%2Fpatrimony%2FGPS14366-001","https://facilitagestor360.com.br/patrimony/GPS14366-001","14842018000145","rafael.lobato@gpsfacility.com","","","","6926fc3d50d9c354a4b32dad","2025-11-26T13:10:21.658000","2025-11-26T13:10:21.658000","6890c7d607b2a1cba40dc72a","false"
"ACUCAREIRO COLHER 216G 6881 KEHOME 2","GPS14366-002","outros","6890f430af56e52f005ac934","2025-01-01","","","49.6","em_uso","","https://api.qrserver.com/v1/create-qr-code/?size=200x200&data=https%3A%2F%2Ffacilitagestor360.com.br%2Fpatrimony%2FGPS14366-002","https://facilitagestor360.com.br/patrimony/GPS14366-002","14842018000145","rafael.lobato@gpsfacility.com","","","","6926fc3d50d9c354a4b32dae","2025-11-26T13:10:21.658000","2025-11-26T13:10:21.658000","6890c7d607b2a1cba40dc72a","false"
"BANDEJA BUENA RET S/EMB 61712/481 TR 1","GPS14365-001","outros","6890f430af56e52f005ac934","2025-01-01","","","121.8","em_uso","","https://api.qrserver.com/v1/create-qr-code/?size=200x200&data=https%3A%2F%2Ffacilitagestor360.com.br%2Fpatrimony%2FGPS14365-001","https://facilitagestor360.com.br/patrimony/GPS14365-001","14842018000145","rafael.lobato@gpsfacility.com","","","","6926fc1cca6779bac2591797","2025-11-26T13:09:48.768000","2025-11-26T13:09:48.768000","6890c7d607b2a1cba40dc72a","false"
"BANDEJA BUENA RET S/EMB 61712/481 TR 2","GPS14365-002","outros","6890f430af56e52f005ac934","2025-01-01","","","121.8","em_uso","","https://api.qrserver.com/v1/create-qr-code/?size=200x200&data=https%3A%2F%2Ffacilitagestor360.com.br%2Fpatrimony%2FGPS14365-002","https://facilitagestor360.com.br/patrimony/GPS14365-002","14842018000145","rafael.lobato@gpsfacility.com","","","","6926fc1cca6779bac2591798","2025-11-26T13:09:48.768000","2025-11-26T13:09:48.768000","6890c7d607b2a1cba40dc72a","false"
"XICARA CHA C/P 20 228 BRASILIA 058 SCH 1","GPS14364-001","outros","6890f430af56e52f005ac934","2025-01-01","","","35.95","em_uso","","https://api.qrserver.com/v1/create-qr-code/?size=200x200&data=https%3A%2F%2Ffacilitagestor360.com.br%2Fpatrimony%2FGPS14364-001","https://facilitagestor360.com.br/patrimony/GPS14364-001","14842018000145","rafael.lobato@gpsfacility.com","","","","6926fbfd397d50986419cf4b","2025-11-26T13:09:17.154000","2025-11-26T13:09:17.154000","6890c7d607b2a1cba40dc72a","false"
"XICARA CHA C/P 20 228 BRASILIA 058 SCH 12","GPS14364-012","outros","6890f430af56e52f005ac934","2025-01-01","","","35.95","em_uso","","https://api.qrserver.com/v1/create-qr-code/?size=200x200&data=https%3A%2F%2Ffacilitagestor360.com.br%2Fpatrimony%2FGPS14364-012","https://facilitagestor360.com.br/patrimony/GPS14364-012","14842018000145","rafael.lobato@gpsfacility.com","","","","6926fbfd397d50986419cf56","2025-11-26T13:09:17.154000","2025-11-26T13:09:17.154000","6890c7d607b2a1cba40dc72a","false"
"XICARA CHA C/P 20 228 BRASILIA 058 SCH 7","GPS14364-007","outros","6890f430af56e52f005ac934","2025-01-01","","","35.95","em_uso","","https://api.qrserver.com/v1/create-qr-code/?size=200x200&data=https%3A%2F%2Ffacilitagestor360.com.br%2Fpatrimony%2FGPS14364-007","https://facilitagestor360.com.br/patrimony/GPS14364-007","14842018000145","rafael.lobato@gpsfacility.com","","","","6926fbfd397d50986419cf51","2025-11-26T13:09:17.154000","2025-11-26T13:09:17.154000","6890c7d607b2a1cba40dc72a","false"
"XICARA CHA C/P 20 228 BRASILIA 058 SCH 4","GPS14364-004","outros","6890f430af56e52f005ac934","2025-01-01","","","35.95","em_uso","","https://api.qrserver.com/v1/create-qr-code/?size=200x200&data=https%3A%2F%2Ffacilitagestor360.com.br%2Fpatrimony%2FGPS14364-004","https://facilitagestor360.com.br/patrimony/GPS14364-004","14842018000145","rafael.lobato@gpsfacility.com","","","","6926fbfd397d50986419cf4e","2025-11-26T13:09:17.154000","2025-11-26T13:09:17.154000","6890c7d607b2a1cba40dc72a","false"
"XICARA CHA C/P 20 228 BRASILIA 058 SCH 10","GPS14364-010","outros","6890f430af56e52f005ac934","2025-01-01","","","35.95","em_uso","","https://api.qrserver.com/v1/create-qr-code/?size=200x200&data=https%3A%2F%2Ffacilitagestor360.com.br%2Fpatrimony%2FGPS14364-010","https://facilitagestor360.com.br/patrimony/GPS14364-010","14842018000145","rafael.lobato@gpsfacility.com","","","","6926fbfd397d50986419cf54","2025-11-26T13:09:17.154000","2025-11-26T13:09:17.154000","6890c7d607b2a1cba40dc72a","false"
"XICARA CHA C/P 20 228 BRASILIA 058 SCH 5","GPS14364-005","outros","6890f430af56e52f005ac934","2025-01-01","","","35.95","em_uso","","https://api.qrserver.com/v1/create-qr-code/?size=200x200&data=https%3A%2F%2Ffacilitagestor360.com.br%2Fpatrimony%2FGPS14364-005","https://facilitagestor360.com.br/patrimony/GPS14364-005","14842018000145","rafael.lobato@gpsfacility.com","","","","6926fbfd397d50986419cf4f","2025-11-26T13:09:17.154000","2025-11-26T13:09:17.154000","6890c7d607b2a1cba40dc72a","false"
"XICARA CHA C/P 20 228 BRASILIA 058 SCH 11","GPS14364-011","outros","6890f430af56e52f005ac934","2025-01-01","","","35.95","em_uso","","https://api.qrserver.com/v1/create-qr-code/?size=200x200&data=https%3A%2F%2Ffacilitagestor360.com.br%2Fpatrimony%2FGPS14364-011","https://facilitagestor360.com.br/patrimony/GPS14364-011","14842018000145","rafael.lobato@gpsfacility.com","","","","6926fbfd397d50986419cf55","2025-11-26T13:09:17.154000","2025-11-26T13:09:17.154000","6890c7d607b2a1cba40dc72a","false"
"XICARA CHA C/P 20 228 BRASILIA 058 SCH 6","GPS14364-006","outros","6890f430af56e52f005ac934","2025-01-01","","","35.95","em_uso","","https://api.qrserver.com/v1/create-qr-code/?size=200x200&data=https%3A%2F%2Ffacilitagestor360.com.br%2Fpatrimony%2FGPS14364-006","https://facilitagestor360.com.br/patrimony/GPS14364-006","14842018000145","rafael.lobato@gpsfacility.com","","","","6926fbfd397d50986419cf50","2025-11-26T13:09:17.154000","2025-11-26T13:09:17.154000","6890c7d607b2a1cba40dc72a","false"
"XICARA CHA C/P 20 228 BRASILIA 058 SCH 8","GPS14364-008","outros","6890f430af56e52f005ac934","2025-01-01","","","35.95","em_uso","","https://api.qrserver.com/v1/create-qr-code/?size=200x200&data=https%3A%2F%2Ffacilitagestor360.com.br%2Fpatrimony%2FGPS14364-008","https://facilitagestor360.com.br/patrimony/GPS14364-008","14842018000145","rafael.lobato@gpsfacility.com","","","","6926fbfd397d50986419cf52","2025-11-26T13:09:17.154000","2025-11-26T13:09:17.154000","6890c7d607b2a1cba40dc72a","false"
"XICARA CHA C/P 20 228 BRASILIA 058 SCH 2","GPS14364-002","outros","6890f430af56e52f005ac934","2025-01-01","","","35.95","em_uso","","https://api.qrserver.com/v1/create-qr-code/?size=200x200&data=https%3A%2F%2Ffacilitagestor360.com.br%2Fpatrimony%2FGPS14364-002","https://facilitagestor360.com.br/patrimony/GPS14364-002","14842018000145","rafael.lobato@gpsfacility.com","","","","6926fbfd397d50986419cf4c","2025-11-26T13:09:17.154000","2025-11-26T13:09:17.154000","6890c7d607b2a1cba40dc72a","false"
"XICARA CHA C/P 20 228 BRASILIA 058 SCH 3","GPS14364-003","outros","6890f430af56e52f005ac934","2025-01-01","","","35.95","em_uso","","https://api.qrserver.com/v1/create-qr-code/?size=200x200&data=https%3A%2F%2Ffacilitagestor360.com.br%2Fpatrimony%2FGPS14364-003","https://facilitagestor360.com.br/patrimony/GPS14364-003","14842018000145","rafael.lobato@gpsfacility.com","","","","6926fbfd397d50986419cf4d","2025-11-26T13:09:17.154000","2025-11-26T13:09:17.154000","6890c7d607b2a1cba40dc72a","false"
"XICARA CHA C/P 20 228 BRASILIA 058 SCH 9","GPS14364-009","outros","6890f430af56e52f005ac934","2025-01-01","","","35.95","em_uso","","https://api.qrserver.com/v1/create-qr-code/?size=200x200&data=https%3A%2F%2Ffacilitagestor360.com.br%2Fpatrimony%2FGPS14364-009","https://facilitagestor360.com.br/patrimony/GPS14364-009","14842018000145","rafael.lobato@gpsfacility.com","","","","6926fbfd397d50986419cf53","2025-11-26T13:09:17.154000","2025-11-26T13:09:17.154000","6890c7d607b2a1cba40dc72a","false"
"XICARA CAFE C/P BRASILIA 08 228 004 SCH  8","GPS14363-008","outros","6890f430af56e52f005ac934","2025-01-01","","","18.9","em_uso","","https://api.qrserver.com/v1/create-qr-code/?size=200x200&data=https%3A%2F%2Ffacilitagestor360.com.br%2Fpatrimony%2FGPS14363-008","https://facilitagestor360.com.br/patrimony/GPS14363-008","14842018000145","rafael.lobato@gpsfacility.com","","","","6926fbdff01a207a56293842","2025-11-26T13:08:47.883000","2025-11-26T13:08:47.883000","6890c7d607b2a1cba40dc72a","false"
"XICARA CAFE C/P BRASILIA 08 228 004 SCH  2","GPS14363-002","outros","6890f430af56e52f005ac934","2025-01-01","","","18.9","em_uso","","https://api.qrserver.com/v1/create-qr-code/?size=200x200&data=https%3A%2F%2Ffacilitagestor360.com.br%2Fpatrimony%2FGPS14363-002","https://facilitagestor360.com.br/patrimony/GPS14363-002","14842018000145","rafael.lobato@gpsfacility.com","","","","6926fbdff01a207a5629383c","2025-11-26T13:08:47.883000","2025-11-26T13:08:47.883000","6890c7d607b2a1cba40dc72a","false"
"XICARA CAFE C/P BRASILIA 08 228 004 SCH  4","GPS14363-004","outros","6890f430af56e52f005ac934","2025-01-01","","","18.9","em_uso","","https://api.qrserver.com/v1/create-qr-code/?size=200x200&data=https%3A%2F%2Ffacilitagestor360.com.br%2Fpatrimony%2FGPS14363-004","https://facilitagestor360.com.br/patrimony/GPS14363-004","14842018000145","rafael.lobato@gpsfacility.com","","","","6926fbdff01a207a5629383e","2025-11-26T13:08:47.883000","2025-11-26T13:08:47.883000","6890c7d607b2a1cba40dc72a","false"
"XICARA CAFE C/P BRASILIA 08 228 004 SCH  17","GPS14363-017","outros","6890f430af56e52f005ac934","2025-01-01","","","18.9","em_uso","","https://api.qrserver.com/v1/create-qr-code/?size=200x200&data=https%3A%2F%2Ffacilitagestor360.com.br%2Fpatrimony%2FGPS14363-017","https://facilitagestor360.com.br/patrimony/GPS14363-017","14842018000145","rafael.lobato@gpsfacility.com","","","","6926fbdff01a207a5629384b","2025-11-26T13:08:47.883000","2025-11-26T13:08:47.883000","6890c7d607b2a1cba40dc72a","false"
"XICARA CAFE C/P BRASILIA 08 228 004 SCH  3","GPS14363-003","outros","6890f430af56e52f005ac934","2025-01-01","","","18.9","em_uso","","https://api.qrserver.com/v1/create-qr-code/?size=200x200&data=https%3A%2F%2Ffacilitagestor360.com.br%2Fpatrimony%2FGPS14363-003","https://facilitagestor360.com.br/patrimony/GPS14363-003","14842018000145","rafael.lobato@gpsfacility.com","","","","6926fbdff01a207a5629383d","2025-11-26T13:08:47.883000","2025-11-26T13:08:47.883000","6890c7d607b2a1cba40dc72a","false"
"XICARA CAFE C/P BRASILIA 08 228 004 SCH  1","GPS14363-001","outros","6890f430af56e52f005ac934","2025-01-01","","","18.9","em_uso","","https://api.qrserver.com/v1/create-qr-code/?size=200x200&data=https%3A%2F%2Ffacilitagestor360.com.br%2Fpatrimony%2FGPS14363-001","https://facilitagestor360.com.br/patrimony/GPS14363-001","14842018000145","rafael.lobato@gpsfacility.com","","","","6926fbdff01a207a5629383b","2025-11-26T13:08:47.883000","2025-11-26T13:08:47.883000","6890c7d607b2a1cba40dc72a","false"
"XICARA CAFE C/P BRASILIA 08 228 004 SCH  15","GPS14363-015","outros","6890f430af56e52f005ac934","2025-01-01","","","18.9","em_uso","","https://api.qrserver.com/v1/create-qr-code/?size=200x200&data=https%3A%2F%2Ffacilitagestor360.com.br%2Fpatrimony%2FGPS14363-015","https://facilitagestor360.com.br/patrimony/GPS14363-015","14842018000145","rafael.lobato@gpsfacility.com","","","","6926fbdff01a207a56293849","2025-11-26T13:08:47.883000","2025-11-26T13:08:47.883000","6890c7d607b2a1cba40dc72a","false"
"XICARA CAFE C/P BRASILIA 08 228 004 SCH  16","GPS14363-016","outros","6890f430af56e52f005ac934","2025-01-01","","","18.9","em_uso","","https://api.qrserver.com/v1/create-qr-code/?size=200x200&data=https%3A%2F%2Ffacilitagestor360.com.br%2Fpatrimony%2FGPS14363-016","https://facilitagestor360.com.br/patrimony/GPS14363-016","14842018000145","rafael.lobato@gpsfacility.com","","","","6926fbdff01a207a5629384a","2025-11-26T13:08:47.883000","2025-11-26T13:08:47.883000","6890c7d607b2a1cba40dc72a","false"
"XICARA CAFE C/P BRASILIA 08 228 004 SCH  5","GPS14363-005","outros","6890f430af56e52f005ac934","2025-01-01","","","18.9","em_uso","","https://api.qrserver.com/v1/create-qr-code/?size=200x200&data=https%3A%2F%2Ffacilitagestor360.com.br%2Fpatrimony%2FGPS14363-005","https://facilitagestor360.com.br/patrimony/GPS14363-005","14842018000145","rafael.lobato@gpsfacility.com","","","","6926fbdff01a207a5629383f","2025-11-26T13:08:47.883000","2025-11-26T13:08:47.883000","6890c7d607b2a1cba40dc72a","false"
"XICARA CAFE C/P BRASILIA 08 228 004 SCH  13","GPS14363-013","outros","6890f430af56e52f005ac934","2025-01-01","","","18.9","em_uso","","https://api.qrserver.com/v1/create-qr-code/?size=200x200&data=https%3A%2F%2Ffacilitagestor360.com.br%2Fpatrimony%2FGPS14363-013","https://facilitagestor360.com.br/patrimony/GPS14363-013","14842018000145","rafael.lobato@gpsfacility.com","","","","6926fbdff01a207a56293847","2025-11-26T13:08:47.883000","2025-11-26T13:08:47.883000","6890c7d607b2a1cba40dc72a","false"
"XICARA CAFE C/P BRASILIA 08 228 004 SCH  12","GPS14363-012","outros","6890f430af56e52f005ac934","2025-01-01","","","18.9","em_uso","","https://api.qrserver.com/v1/create-qr-code/?size=200x200&data=https%3A%2F%2Ffacilitagestor360.com.br%2Fpatrimony%2FGPS14363-012","https://facilitagestor360.com.br/patrimony/GPS14363-012","14842018000145","rafael.lobato@gpsfacility.com","","","","6926fbdff01a207a56293846","2025-11-26T13:08:47.883000","2025-11-26T13:08:47.883000","6890c7d607b2a1cba40dc72a","false"
"XICARA CAFE C/P BRASILIA 08 228 004 SCH  18","GPS14363-018","outros","6890f430af56e52f005ac934","2025-01-01","","","18.9","em_uso","","https://api.qrserver.com/v1/create-qr-code/?size=200x200&data=https%3A%2F%2Ffacilitagestor360.com.br%2Fpatrimony%2FGPS14363-018","https://facilitagestor360.com.br/patrimony/GPS14363-018","14842018000145","rafael.lobato@gpsfacility.com","","","","6926fbdff01a207a5629384c","2025-11-26T13:08:47.883000","2025-11-26T13:08:47.883000","6890c7d607b2a1cba40dc72a","false"
"XICARA CAFE C/P BRASILIA 08 228 004 SCH  20","GPS14363-020","outros","6890f430af56e52f005ac934","2025-01-01","","","18.9","em_uso","","https://api.qrserver.com/v1/create-qr-code/?size=200x200&data=https%3A%2F%2Ffacilitagestor360.com.br%2Fpatrimony%2FGPS14363-020","https://facilitagestor360.com.br/patrimony/GPS14363-020","14842018000145","rafael.lobato@gpsfacility.com","","","","6926fbdff01a207a5629384e","2025-11-26T13:08:47.883000","2025-11-26T13:08:47.883000","6890c7d607b2a1cba40dc72a","false"
"XICARA CAFE C/P BRASILIA 08 228 004 SCH  23","GPS14363-023","outros","6890f430af56e52f005ac934","2025-01-01","","","18.9","em_uso","","https://api.qrserver.com/v1/create-qr-code/?size=200x200&data=https%3A%2F%2Ffacilitagestor360.com.br%2Fpatrimony%2FGPS14363-023","https://facilitagestor360.com.br/patrimony/GPS14363-023","14842018000145","rafael.lobato@gpsfacility.com","","","","6926fbdff01a207a56293851","2025-11-26T13:08:47.883000","2025-11-26T13:08:47.883000","6890c7d607b2a1cba40dc72a","false"
"XICARA CAFE C/P BRASILIA 08 228 004 SCH  22","GPS14363-022","outros","6890f430af56e52f005ac934","2025-01-01","","","18.9","em_uso","","https://api.qrserver.com/v1/create-qr-code/?size=200x200&data=https%3A%2F%2Ffacilitagestor360.com.br%2Fpatrimony%2FGPS14363-022","https://facilitagestor360.com.br/patrimony/GPS14363-022","14842018000145","rafael.lobato@gpsfacility.com","","","","6926fbdff01a207a56293850","2025-11-26T13:08:47.883000","2025-11-26T13:08:47.883000","6890c7d607b2a1cba40dc72a","false"
"XICARA CAFE C/P BRASILIA 08 228 004 SCH  21","GPS14363-021","outros","6890f430af56e52f005ac934","2025-01-01","","","18.9","em_uso","","https://api.qrserver.com/v1/create-qr-code/?size=200x200&data=https%3A%2F%2Ffacilitagestor360.com.br%2Fpatrimony%2FGPS14363-021","https://facilitagestor360.com.br/patrimony/GPS14363-021","14842018000145","rafael.lobato@gpsfacility.com","","","","6926fbdff01a207a5629384f","2025-11-26T13:08:47.883000","2025-11-26T13:08:47.883000","6890c7d607b2a1cba40dc72a","false"
"XICARA CAFE C/P BRASILIA 08 228 004 SCH  6","GPS14363-006","outros","6890f430af56e52f005ac934","2025-01-01","","","18.9","em_uso","","https://api.qrserver.com/v1/create-qr-code/?size=200x200&data=https%3A%2F%2Ffacilitagestor360.com.br%2Fpatrimony%2FGPS14363-006","https://facilitagestor360.com.br/patrimony/GPS14363-006","14842018000145","rafael.lobato@gpsfacility.com","","","","6926fbdff01a207a56293840","2025-11-26T13:08:47.883000","2025-11-26T13:08:47.883000","6890c7d607b2a1cba40dc72a","false"
"XICARA CAFE C/P BRASILIA 08 228 004 SCH  24","GPS14363-024","outros","6890f430af56e52f005ac934","2025-01-01","","","18.9","em_uso","","https://api.qrserver.com/v1/create-qr-code/?size=200x200&data=https%3A%2F%2Ffacilitagestor360.com.br%2Fpatrimony%2FGPS14363-024","https://facilitagestor360.com.br/patrimony/GPS14363-024","14842018000145","rafael.lobato@gpsfacility.com","","","","6926fbdff01a207a56293852","2025-11-26T13:08:47.883000","2025-11-26T13:08:47.883000","6890c7d607b2a1cba40dc72a","false"
"XICARA CAFE C/P BRASILIA 08 228 004 SCH  10","GPS14363-010","outros","6890f430af56e52f005ac934","2025-01-01","","","18.9","em_uso","","https://api.qrserver.com/v1/create-qr-code/?size=200x200&data=https%3A%2F%2Ffacilitagestor360.com.br%2Fpatrimony%2FGPS14363-010","https://facilitagestor360.com.br/patrimony/GPS14363-010","14842018000145","rafael.lobato@gpsfacility.com","","","","6926fbdff01a207a56293844","2025-11-26T13:08:47.883000","2025-11-26T13:08:47.883000","6890c7d607b2a1cba40dc72a","false"
"XICARA CAFE C/P BRASILIA 08 228 004 SCH  9","GPS14363-009","outros","6890f430af56e52f005ac934","2025-01-01","","","18.9","em_uso","","https://api.qrserver.com/v1/create-qr-code/?size=200x200&data=https%3A%2F%2Ffacilitagestor360.com.br%2Fpatrimony%2FGPS14363-009","https://facilitagestor360.com.br/patrimony/GPS14363-009","14842018000145","rafael.lobato@gpsfacility.com","","","","6926fbdff01a207a56293843","2025-11-26T13:08:47.883000","2025-11-26T13:08:47.883000","6890c7d607b2a1cba40dc72a","false"
"XICARA CAFE C/P BRASILIA 08 228 004 SCH  19","GPS14363-019","outros","6890f430af56e52f005ac934","2025-01-01","","","18.9","em_uso","","https://api.qrserver.com/v1/create-qr-code/?size=200x200&data=https%3A%2F%2Ffacilitagestor360.com.br%2Fpatrimony%2FGPS14363-019","https://facilitagestor360.com.br/patrimony/GPS14363-019","14842018000145","rafael.lobato@gpsfacility.com","","","","6926fbdff01a207a5629384d","2025-11-26T13:08:47.883000","2025-11-26T13:08:47.883000","6890c7d607b2a1cba40dc72a","false"
"XICARA CAFE C/P BRASILIA 08 228 004 SCH  7","GPS14363-007","outros","6890f430af56e52f005ac934","2025-01-01","","","18.9","em_uso","","https://api.qrserver.com/v1/create-qr-code/?size=200x200&data=https%3A%2F%2Ffacilitagestor360.com.br%2Fpatrimony%2FGPS14363-007","https://facilitagestor360.com.br/patrimony/GPS14363-007","14842018000145","rafael.lobato@gpsfacility.com","","","","6926fbdff01a207a56293841","2025-11-26T13:08:47.883000","2025-11-26T13:08:47.883000","6890c7d607b2a1cba40dc72a","false"
"XICARA CAFE C/P BRASILIA 08 228 004 SCH  14","GPS14363-014","outros","6890f430af56e52f005ac934","2025-01-01","","","18.9","em_uso","","https://api.qrserver.com/v1/create-qr-code/?size=200x200&data=https%3A%2F%2Ffacilitagestor360.com.br%2Fpatrimony%2FGPS14363-014","https://facilitagestor360.com.br/patrimony/GPS14363-014","14842018000145","rafael.lobato@gpsfacility.com","","","","6926fbdff01a207a56293848","2025-11-26T13:08:47.883000","2025-11-26T13:08:47.883000","6890c7d607b2a1cba40dc72a","false"
"XICARA CAFE C/P BRASILIA 08 228 004 SCH  11","GPS14363-011","outros","6890f430af56e52f005ac934","2025-01-01","","","18.9","em_uso","","https://api.qrserver.com/v1/create-qr-code/?size=200x200&data=https%3A%2F%2Ffacilitagestor360.com.br%2Fpatrimony%2FGPS14363-011","https://facilitagestor360.com.br/patrimony/GPS14363-011","14842018000145","rafael.lobato@gpsfacility.com","","","","6926fbdff01a207a56293845","2025-11-26T13:08:47.883000","2025-11-26T13:08:47.883000","6890c7d607b2a1cba40dc72a","false"
"PORTA COPO INOX LISO UNITARIO PROMATE 32","GPS14362-032","outros","6890f430af56e52f005ac934","2025-01-01","","","5.6","em_uso","","https://api.qrserver.com/v1/create-qr-code/?size=200x200&data=https%3A%2F%2Ffacilitagestor360.com.br%2Fpatrimony%2FGPS14362-032","https://facilitagestor360.com.br/patrimony/GPS14362-032","14842018000145","rafael.lobato@gpsfacility.com","","","","6926fbbe1d06bc62ad7c8b21","2025-11-26T13:08:14.559000","2025-11-26T13:08:14.559000","6890c7d607b2a1cba40dc72a","false"
"PORTA COPO INOX LISO UNITARIO PROMATE 14","GPS14362-014","outros","6890f430af56e52f005ac934","2025-01-01","","","5.6","em_uso","","https://api.qrserver.com/v1/create-qr-code/?size=200x200&data=https%3A%2F%2Ffacilitagestor360.com.br%2Fpatrimony%2FGPS14362-014","https://facilitagestor360.com.br/patrimony/GPS14362-014","14842018000145","rafael.lobato@gpsfacility.com","","","","6926fbbe1d06bc62ad7c8b0f","2025-11-26T13:08:14.559000","2025-11-26T13:08:14.559000","6890c7d607b2a1cba40dc72a","false"
"PORTA COPO INOX LISO UNITARIO PROMATE 13","GPS14362-013","outros","6890f430af56e52f005ac934","2025-01-01","","","5.6","em_uso","","https://api.qrserver.com/v1/create-qr-code/?size=200x200&data=https%3A%2F%2Ffacilitagestor360.com.br%2Fpatrimony%2FGPS14362-013","https://facilitagestor360.com.br/patrimony/GPS14362-013","14842018000145","rafael.lobato@gpsfacility.com","","","","6926fbbe1d06bc62ad7c8b0e","2025-11-26T13:08:14.559000","2025-11-26T13:08:14.559000","6890c7d607b2a1cba40dc72a","false"
"PORTA COPO INOX LISO UNITARIO PROMATE 20","GPS14362-020","outros","6890f430af56e52f005ac934","2025-01-01","","","5.6","em_uso","","https://api.qrserver.com/v1/create-qr-code/?size=200x200&data=https%3A%2F%2Ffacilitagestor360.com.br%2Fpatrimony%2FGPS14362-020","https://facilitagestor360.com.br/patrimony/GPS14362-020","14842018000145","rafael.lobato@gpsfacility.com","","","","6926fbbe1d06bc62ad7c8b15","2025-11-26T13:08:14.559000","2025-11-26T13:08:14.559000","6890c7d607b2a1cba40dc72a","false"
"PORTA COPO INOX LISO UNITARIO PROMATE 24","GPS14362-024","outros","6890f430af56e52f005ac934","2025-01-01","","","5.6","em_uso","","https://api.qrserver.com/v1/create-qr-code/?size=200x200&data=https%3A%2F%2Ffacilitagestor360.com.br%2Fpatrimony%2FGPS14362-024","https://facilitagestor360.com.br/patrimony/GPS14362-024","14842018000145","rafael.lobato@gpsfacility.com","","","","6926fbbe1d06bc62ad7c8b19","2025-11-26T13:08:14.559000","2025-11-26T13:08:14.559000","6890c7d607b2a1cba40dc72a","false"
"PORTA COPO INOX LISO UNITARIO PROMATE 42","GPS14362-042","outros","6890f430af56e52f005ac934","2025-01-01","","","5.6","em_uso","","https://api.qrserver.com/v1/create-qr-code/?size=200x200&data=https%3A%2F%2Ffacilitagestor360.com.br%2Fpatrimony%2FGPS14362-042","https://facilitagestor360.com.br/patrimony/GPS14362-042","14842018000145","rafael.lobato@gpsfacility.com","","","","6926fbbe1d06bc62ad7c8b2b","2025-11-26T13:08:14.559000","2025-11-26T13:08:14.559000","6890c7d607b2a1cba40dc72a","false"
"PORTA COPO INOX LISO UNITARIO PROMATE 15","GPS14362-015","outros","6890f430af56e52f005ac934","2025-01-01","","","5.6","em_uso","","https://api.qrserver.com/v1/create-qr-code/?size=200x200&data=https%3A%2F%2Ffacilitagestor360.com.br%2Fpatrimony%2FGPS14362-015","https://facilitagestor360.com.br/patrimony/GPS14362-015","14842018000145","rafael.lobato@gpsfacility.com","","","","6926fbbe1d06bc62ad7c8b10","2025-11-26T13:08:14.559000","2025-11-26T13:08:14.559000","6890c7d607b2a1cba40dc72a","false"
"PORTA COPO INOX LISO UNITARIO PROMATE 31","GPS14362-031","outros","6890f430af56e52f005ac934","2025-01-01","","","5.6","em_uso","","https://api.qrserver.com/v1/create-qr-code/?size=200x200&data=https%3A%2F%2Ffacilitagestor360.com.br%2Fpatrimony%2FGPS14362-031","https://facilitagestor360.com.br/patrimony/GPS14362-031","14842018000145","rafael.lobato@gpsfacility.com","","","","6926fbbe1d06bc62ad7c8b20","2025-11-26T13:08:14.559000","2025-11-26T13:08:14.559000","6890c7d607b2a1cba40dc72a","false"
"PORTA COPO INOX LISO UNITARIO PROMATE 36","GPS14362-036","outros","6890f430af56e52f005ac934","2025-01-01","","","5.6","em_uso","","https://api.qrserver.com/v1/create-qr-code/?size=200x200&data=https%3A%2F%2Ffacilitagestor360.com.br%2Fpatrimony%2FGPS14362-036","https://facilitagestor360.com.br/patrimony/GPS14362-036","14842018000145","rafael.lobato@gpsfacility.com","","","","6926fbbe1d06bc62ad7c8b25","2025-11-26T13:08:14.559000","2025-11-26T13:08:14.559000","6890c7d607b2a1cba40dc72a","false"
"PORTA COPO INOX LISO UNITARIO PROMATE 8","GPS14362-008","outros","6890f430af56e52f005ac934","2025-01-01","","","5.6","em_uso","","https://api.qrserver.com/v1/create-qr-code/?size=200x200&data=https%3A%2F%2Ffacilitagestor360.com.br%2Fpatrimony%2FGPS14362-008","https://facilitagestor360.com.br/patrimony/GPS14362-008","14842018000145","rafael.lobato@gpsfacility.com","","","","6926fbbe1d06bc62ad7c8b09","2025-11-26T13:08:14.559000","2025-11-26T13:08:14.559000","6890c7d607b2a1cba40dc72a","false"
"PORTA COPO INOX LISO UNITARIO PROMATE 41","GPS14362-041","outros","6890f430af56e52f005ac934","2025-01-01","","","5.6","em_uso","","https://api.qrserver.com/v1/create-qr-code/?size=200x200&data=https%3A%2F%2Ffacilitagestor360.com.br%2Fpatrimony%2FGPS14362-041","https://facilitagestor360.com.br/patrimony/GPS14362-041","14842018000145","rafael.lobato@gpsfacility.com","","","","6926fbbe1d06bc62ad7c8b2a","2025-11-26T13:08:14.559000","2025-11-26T13:08:14.559000","6890c7d607b2a1cba40dc72a","false"
"PORTA COPO INOX LISO UNITARIO PROMATE 19","GPS14362-019","outros","6890f430af56e52f005ac934","2025-01-01","","","5.6","em_uso","","https://api.qrserver.com/v1/create-qr-code/?size=200x200&data=https%3A%2F%2Ffacilitagestor360.com.br%2Fpatrimony%2FGPS14362-019","https://facilitagestor360.com.br/patrimony/GPS14362-019","14842018000145","rafael.lobato@gpsfacility.com","","","","6926fbbe1d06bc62ad7c8b14","2025-11-26T13:08:14.559000","2025-11-26T13:08:14.559000","6890c7d607b2a1cba40dc72a","false"
"PORTA COPO INOX LISO UNITARIO PROMATE 40","GPS14362-040","outros","6890f430af56e52f005ac934","2025-01-01","","","5.6","em_uso","","https://api.qrserver.com/v1/create-qr-code/?size=200x200&data=https%3A%2F%2Ffacilitagestor360.com.br%2Fpatrimony%2FGPS14362-040","https://facilitagestor360.com.br/patrimony/GPS14362-040","14842018000145","rafael.lobato@gpsfacility.com","","","","6926fbbe1d06bc62ad7c8b29","2025-11-26T13:08:14.559000","2025-11-26T13:08:14.559000","6890c7d607b2a1cba40dc72a","false"
"PORTA COPO INOX LISO UNITARIO PROMATE 34","GPS14362-034","outros","6890f430af56e52f005ac934","2025-01-01","","","5.6","em_uso","","https://api.qrserver.com/v1/create-qr-code/?size=200x200&data=https%3A%2F%2Ffacilitagestor360.com.br%2Fpatrimony%2FGPS14362-034","https://facilitagestor360.com.br/patrimony/GPS14362-034","14842018000145","rafael.lobato@gpsfacility.com","","","","6926fbbe1d06bc62ad7c8b23","2025-11-26T13:08:14.559000","2025-11-26T13:08:14.559000","6890c7d607b2a1cba40dc72a","false"
"PORTA COPO INOX LISO UNITARIO PROMATE 10","GPS14362-010","outros","6890f430af56e52f005ac934","2025-01-01","","","5.6","em_uso","","https://api.qrserver.com/v1/create-qr-code/?size=200x200&data=https%3A%2F%2Ffacilitagestor360.com.br%2Fpatrimony%2FGPS14362-010","https://facilitagestor360.com.br/patrimony/GPS14362-010","14842018000145","rafael.lobato@gpsfacility.com","","","","6926fbbe1d06bc62ad7c8b0b","2025-11-26T13:08:14.559000","2025-11-26T13:08:14.559000","6890c7d607b2a1cba40dc72a","false"
"PORTA COPO INOX LISO UNITARIO PROMATE 35","GPS14362-035","outros","6890f430af56e52f005ac934","2025-01-01","","","5.6","em_uso","","https://api.qrserver.com/v1/create-qr-code/?size=200x200&data=https%3A%2F%2Ffacilitagestor360.com.br%2Fpatrimony%2FGPS14362-035","https://facilitagestor360.com.br/patrimony/GPS14362-035","14842018000145","rafael.lobato@gpsfacility.com","","","","6926fbbe1d06bc62ad7c8b24","2025-11-26T13:08:14.559000","2025-11-26T13:08:14.559000","6890c7d607b2a1cba40dc72a","false"
"PORTA COPO INOX LISO UNITARIO PROMATE 29","GPS14362-029","outros","6890f430af56e52f005ac934","2025-01-01","","","5.6","em_uso","","https://api.qrserver.com/v1/create-qr-code/?size=200x200&data=https%3A%2F%2Ffacilitagestor360.com.br%2Fpatrimony%2FGPS14362-029","https://facilitagestor360.com.br/patrimony/GPS14362-029","14842018000145","rafael.lobato@gpsfacility.com","","","","6926fbbe1d06bc62ad7c8b1e","2025-11-26T13:08:14.559000","2025-11-26T13:08:14.559000","6890c7d607b2a1cba40dc72a","false"
"PORTA COPO INOX LISO UNITARIO PROMATE 30","GPS14362-030","outros","6890f430af56e52f005ac934","2025-01-01","","","5.6","em_uso","","https://api.qrserver.com/v1/create-qr-code/?size=200x200&data=https%3A%2F%2Ffacilitagestor360.com.br%2Fpatrimony%2FGPS14362-030","https://facilitagestor360.com.br/patrimony/GPS14362-030","14842018000145","rafael.lobato@gpsfacility.com","","","","6926fbbe1d06bc62ad7c8b1f","2025-11-26T13:08:14.559000","2025-11-26T13:08:14.559000","6890c7d607b2a1cba40dc72a","false"
"PORTA COPO INOX LISO UNITARIO PROMATE 4","GPS14362-004","outros","6890f430af56e52f005ac934","2025-01-01","","","5.6","em_uso","","https://api.qrserver.com/v1/create-qr-code/?size=200x200&data=https%3A%2F%2Ffacilitagestor360.com.br%2Fpatrimony%2FGPS14362-004","https://facilitagestor360.com.br/patrimony/GPS14362-004","14842018000145","rafael.lobato@gpsfacility.com","","","","6926fbbe1d06bc62ad7c8b05","2025-11-26T13:08:14.559000","2025-11-26T13:08:14.559000","6890c7d607b2a1cba40dc72a","false"
"PORTA COPO INOX LISO UNITARIO PROMATE 26","GPS14362-026","outros","6890f430af56e52f005ac934","2025-01-01","","","5.6","em_uso","","https://api.qrserver.com/v1/create-qr-code/?size=200x200&data=https%3A%2F%2Ffacilitagestor360.com.br%2Fpatrimony%2FGPS14362-026","https://facilitagestor360.com.br/patrimony/GPS14362-026","14842018000145","rafael.lobato@gpsfacility.com","","","","6926fbbe1d06bc62ad7c8b1b","2025-11-26T13:08:14.559000","2025-11-26T13:08:14.559000","6890c7d607b2a1cba40dc72a","false"
"PORTA COPO INOX LISO UNITARIO PROMATE 16","GPS14362-016","outros","6890f430af56e52f005ac934","2025-01-01","","","5.6","em_uso","","https://api.qrserver.com/v1/create-qr-code/?size=200x200&data=https%3A%2F%2Ffacilitagestor360.com.br%2Fpatrimony%2FGPS14362-016","https://facilitagestor360.com.br/patrimony/GPS14362-016","14842018000145","rafael.lobato@gpsfacility.com","","","","6926fbbe1d06bc62ad7c8b11","2025-11-26T13:08:14.559000","2025-11-26T13:08:14.559000","6890c7d607b2a1cba40dc72a","false"
"PORTA COPO INOX LISO UNITARIO PROMATE 17","GPS14362-017","outros","6890f430af56e52f005ac934","2025-01-01","","","5.6","em_uso","","https://api.qrserver.com/v1/create-qr-code/?size=200x200&data=https%3A%2F%2Ffacilitagestor360.com.br%2Fpatrimony%2FGPS14362-017","https://facilitagestor360.com.br/patrimony/GPS14362-017","14842018000145","rafael.lobato@gpsfacility.com","","","","6926fbbe1d06bc62ad7c8b12","2025-11-26T13:08:14.559000","2025-11-26T13:08:14.559000","6890c7d607b2a1cba40dc72a","false"
"PORTA COPO INOX LISO UNITARIO PROMATE 25","GPS14362-025","outros","6890f430af56e52f005ac934","2025-01-01","","","5.6","em_uso","","https://api.qrserver.com/v1/create-qr-code/?size=200x200&data=https%3A%2F%2Ffacilitagestor360.com.br%2Fpatrimony%2FGPS14362-025","https://facilitagestor360.com.br/patrimony/GPS14362-025","14842018000145","rafael.lobato@gpsfacility.com","","","","6926fbbe1d06bc62ad7c8b1a","2025-11-26T13:08:14.559000","2025-11-26T13:08:14.559000","6890c7d607b2a1cba40dc72a","false"
"PORTA COPO INOX LISO UNITARIO PROMATE 27","GPS14362-027","outros","6890f430af56e52f005ac934","2025-01-01","","","5.6","em_uso","","https://api.qrserver.com/v1/create-qr-code/?size=200x200&data=https%3A%2F%2Ffacilitagestor360.com.br%2Fpatrimony%2FGPS14362-027","https://facilitagestor360.com.br/patrimony/GPS14362-027","14842018000145","rafael.lobato@gpsfacility.com","","","","6926fbbe1d06bc62ad7c8b1c","2025-11-26T13:08:14.559000","2025-11-26T13:08:14.559000","6890c7d607b2a1cba40dc72a","false"
"PORTA COPO INOX LISO UNITARIO PROMATE 38","GPS14362-038","outros","6890f430af56e52f005ac934","2025-01-01","","","5.6","em_uso","","https://api.qrserver.com/v1/create-qr-code/?size=200x200&data=https%3A%2F%2Ffacilitagestor360.com.br%2Fpatrimony%2FGPS14362-038","https://facilitagestor360.com.br/patrimony/GPS14362-038","14842018000145","rafael.lobato@gpsfacility.com","","","","6926fbbe1d06bc62ad7c8b27","2025-11-26T13:08:14.559000","2025-11-26T13:08:14.559000","6890c7d607b2a1cba40dc72a","false"
"PORTA COPO INOX LISO UNITARIO PROMATE 5","GPS14362-005","outros","6890f430af56e52f005ac934","2025-01-01","","","5.6","em_uso","","https://api.qrserver.com/v1/create-qr-code/?size=200x200&data=https%3A%2F%2Ffacilitagestor360.com.br%2Fpatrimony%2FGPS14362-005","https://facilitagestor360.com.br/patrimony/GPS14362-005","14842018000145","rafael.lobato@gpsfacility.com","","","","6926fbbe1d06bc62ad7c8b06","2025-11-26T13:08:14.559000","2025-11-26T13:08:14.559000","6890c7d607b2a1cba40dc72a","false"
"PORTA COPO INOX LISO UNITARIO PROMATE 9","GPS14362-009","outros","6890f430af56e52f005ac934","2025-01-01","","","5.6","em_uso","","https://api.qrserver.com/v1/create-qr-code/?size=200x200&data=https%3A%2F%2Ffacilitagestor360.com.br%2Fpatrimony%2FGPS14362-009","https://facilitagestor360.com.br/patrimony/GPS14362-009","14842018000145","rafael.lobato@gpsfacility.com","","","","6926fbbe1d06bc62ad7c8b0a","2025-11-26T13:08:14.559000","2025-11-26T13:08:14.559000","6890c7d607b2a1cba40dc72a","false"
"PORTA COPO INOX LISO UNITARIO PROMATE 28","GPS14362-028","outros","6890f430af56e52f005ac934","2025-01-01","","","5.6","em_uso","","https://api.qrserver.com/v1/create-qr-code/?size=200x200&data=https%3A%2F%2Ffacilitagestor360.com.br%2Fpatrimony%2FGPS14362-028","https://facilitagestor360.com.br/patrimony/GPS14362-028","14842018000145","rafael.lobato@gpsfacility.com","","","","6926fbbe1d06bc62ad7c8b1d","2025-11-26T13:08:14.559000","2025-11-26T13:08:14.559000","6890c7d607b2a1cba40dc72a","false"
"PORTA COPO INOX LISO UNITARIO PROMATE 11","GPS14362-011","outros","6890f430af56e52f005ac934","2025-01-01","","","5.6","em_uso","","https://api.qrserver.com/v1/create-qr-code/?size=200x200&data=https%3A%2F%2Ffacilitagestor360.com.br%2Fpatrimony%2FGPS14362-011","https://facilitagestor360.com.br/patrimony/GPS14362-011","14842018000145","rafael.lobato@gpsfacility.com","","","","6926fbbe1d06bc62ad7c8b0c","2025-11-26T13:08:14.559000","2025-11-26T13:08:14.559000","6890c7d607b2a1cba40dc72a","false"
"PORTA COPO INOX LISO UNITARIO PROMATE 37","GPS14362-037","outros","6890f430af56e52f005ac934","2025-01-01","","","5.6","em_uso","","https://api.qrserver.com/v1/create-qr-code/?size=200x200&data=https%3A%2F%2Ffacilitagestor360.com.br%2Fpatrimony%2FGPS14362-037","https://facilitagestor360.com.br/patrimony/GPS14362-037","14842018000145","rafael.lobato@gpsfacility.com","","","","6926fbbe1d06bc62ad7c8b26","2025-11-26T13:08:14.559000","2025-11-26T13:08:14.559000","6890c7d607b2a1cba40dc72a","false"
"PORTA COPO INOX LISO UNITARIO PROMATE 23","GPS14362-023","outros","6890f430af56e52f005ac934","2025-01-01","","","5.6","em_uso","","https://api.qrserver.com/v1/create-qr-code/?size=200x200&data=https%3A%2F%2Ffacilitagestor360.com.br%2Fpatrimony%2FGPS14362-023","https://facilitagestor360.com.br/patrimony/GPS14362-023","14842018000145","rafael.lobato@gpsfacility.com","","","","6926fbbe1d06bc62ad7c8b18","2025-11-26T13:08:14.559000","2025-11-26T13:08:14.559000","6890c7d607b2a1cba40dc72a","false"
"PORTA COPO INOX LISO UNITARIO PROMATE 2","GPS14362-002","outros","6890f430af56e52f005ac934","2025-01-01","","","5.6","em_uso","","https://api.qrserver.com/v1/create-qr-code/?size=200x200&data=https%3A%2F%2Ffacilitagestor360.com.br%2Fpatrimony%2FGPS14362-002","https://facilitagestor360.com.br/patrimony/GPS14362-002","14842018000145","rafael.lobato@gpsfacility.com","","","","6926fbbe1d06bc62ad7c8b03","2025-11-26T13:08:14.559000","2025-11-26T13:08:14.559000","6890c7d607b2a1cba40dc72a","false"
"PORTA COPO INOX LISO UNITARIO PROMATE 3","GPS14362-003","outros","6890f430af56e52f005ac934","2025-01-01","","","5.6","em_uso","","https://api.qrserver.com/v1/create-qr-code/?size=200x200&data=https%3A%2F%2Ffacilitagestor360.com.br%2Fpatrimony%2FGPS14362-003","https://facilitagestor360.com.br/patrimony/GPS14362-003","14842018000145","rafael.lobato@gpsfacility.com","","","","6926fbbe1d06bc62ad7c8b04","2025-11-26T13:08:14.559000","2025-11-26T13:08:14.559000","6890c7d607b2a1cba40dc72a","false"
"PORTA COPO INOX LISO UNITARIO PROMATE 1","GPS14362-001","outros","6890f430af56e52f005ac934","2025-01-01","","","5.6","em_uso","","https://api.qrserver.com/v1/create-qr-code/?size=200x200&data=https%3A%2F%2Ffacilitagestor360.com.br%2Fpatrimony%2FGPS14362-001","https://facilitagestor360.com.br/patrimony/GPS14362-001","14842018000145","rafael.lobato@gpsfacility.com","","","","6926fbbe1d06bc62ad7c8b02","2025-11-26T13:08:14.559000","2025-11-26T13:08:14.559000","6890c7d607b2a1cba40dc72a","false"
"PORTA COPO INOX LISO UNITARIO PROMATE 18","GPS14362-018","outros","6890f430af56e52f005ac934","2025-01-01","","","5.6","em_uso","","https://api.qrserver.com/v1/create-qr-code/?size=200x200&data=https%3A%2F%2Ffacilitagestor360.com.br%2Fpatrimony%2FGPS14362-018","https://facilitagestor360.com.br/patrimony/GPS14362-018","14842018000145","rafael.lobato@gpsfacility.com","","","","6926fbbe1d06bc62ad7c8b13","2025-11-26T13:08:14.559000","2025-11-26T13:08:14.559000","6890c7d607b2a1cba40dc72a","false"
"PORTA COPO INOX LISO UNITARIO PROMATE 22","GPS14362-022","outros","6890f430af56e52f005ac934","2025-01-01","","","5.6","em_uso","","https://api.qrserver.com/v1/create-qr-code/?size=200x200&data=https%3A%2F%2Ffacilitagestor360.com.br%2Fpatrimony%2FGPS14362-022","https://facilitagestor360.com.br/patrimony/GPS14362-022","14842018000145","rafael.lobato@gpsfacility.com","","","","6926fbbe1d06bc62ad7c8b17","2025-11-26T13:08:14.559000","2025-11-26T13:08:14.559000","6890c7d607b2a1cba40dc72a","false"
"PORTA COPO INOX LISO UNITARIO PROMATE 12","GPS14362-012","outros","6890f430af56e52f005ac934","2025-01-01","","","5.6","em_uso","","https://api.qrserver.com/v1/create-qr-code/?size=200x200&data=https%3A%2F%2Ffacilitagestor360.com.br%2Fpatrimony%2FGPS14362-012","https://facilitagestor360.com.br/patrimony/GPS14362-012","14842018000145","rafael.lobato@gpsfacility.com","","","","6926fbbe1d06bc62ad7c8b0d","2025-11-26T13:08:14.559000","2025-11-26T13:08:14.559000","6890c7d607b2a1cba40dc72a","false"
"PORTA COPO INOX LISO UNITARIO PROMATE 6","GPS14362-006","outros","6890f430af56e52f005ac934","2025-01-01","","","5.6","em_uso","","https://api.qrserver.com/v1/create-qr-code/?size=200x200&data=https%3A%2F%2Ffacilitagestor360.com.br%2Fpatrimony%2FGPS14362-006","https://facilitagestor360.com.br/patrimony/GPS14362-006","14842018000145","rafael.lobato@gpsfacility.com","","","","6926fbbe1d06bc62ad7c8b07","2025-11-26T13:08:14.559000","2025-11-26T13:08:14.559000","6890c7d607b2a1cba40dc72a","false"
"PORTA COPO INOX LISO UNITARIO PROMATE 7","GPS14362-007","outros","6890f430af56e52f005ac934","2025-01-01","","","5.6","em_uso","","https://api.qrserver.com/v1/create-qr-code/?size=200x200&data=https%3A%2F%2Ffacilitagestor360.com.br%2Fpatrimony%2FGPS14362-007","https://facilitagestor360.com.br/patrimony/GPS14362-007","14842018000145","rafael.lobato@gpsfacility.com","","","","6926fbbe1d06bc62ad7c8b08","2025-11-26T13:08:14.559000","2025-11-26T13:08:14.559000","6890c7d607b2a1cba40dc72a","false"
"PORTA COPO INOX LISO UNITARIO PROMATE 21","GPS14362-021","outros","6890f430af56e52f005ac934","2025-01-01","","","5.6","em_uso","","https://api.qrserver.com/v1/create-qr-code/?size=200x200&data=https%3A%2F%2Ffacilitagestor360.com.br%2Fpatrimony%2FGPS14362-021","https://facilitagestor360.com.br/patrimony/GPS14362-021","14842018000145","rafael.lobato@gpsfacility.com","","","","6926fbbe1d06bc62ad7c8b16","2025-11-26T13:08:14.559000","2025-11-26T13:08:14.559000","6890c7d607b2a1cba40dc72a","false"
"PORTA COPO INOX LISO UNITARIO PROMATE 39","GPS14362-039","outros","6890f430af56e52f005ac934","2025-01-01","","","5.6","em_uso","","https://api.qrserver.com/v1/create-qr-code/?size=200x200&data=https%3A%2F%2Ffacilitagestor360.com.br%2Fpatrimony%2FGPS14362-039","https://facilitagestor360.com.br/patrimony/GPS14362-039","14842018000145","rafael.lobato@gpsfacility.com","","","","6926fbbe1d06bc62ad7c8b28","2025-11-26T13:08:14.559000","2025-11-26T13:08:14.559000","6890c7d607b2a1cba40dc72a","false"
"PORTA COPO INOX LISO UNITARIO PROMATE 33","GPS14362-033","outros","6890f430af56e52f005ac934","2025-01-01","","","5.6","em_uso","","https://api.qrserver.com/v1/create-qr-code/?size=200x200&data=https%3A%2F%2Ffacilitagestor360.com.br%2Fpatrimony%2FGPS14362-033","https://facilitagestor360.com.br/patrimony/GPS14362-033","14842018000145","rafael.lobato@gpsfacility.com","","","","6926fbbe1d06bc62ad7c8b22","2025-11-26T13:08:14.559000","2025-11-26T13:08:14.559000","6890c7d607b2a1cba40dc72a","false"
"COLHER CAFE LAGUNA 63906/080 TRAMONT PROM 8","GPS14361-008","outros","6890f430af56e52f005ac934","2025-01-01","","","4.2","em_uso","","https://api.qrserver.com/v1/create-qr-code/?size=200x200&data=https%3A%2F%2Ffacilitagestor360.com.br%2Fpatrimony%2FGPS14361-008","https://facilitagestor360.com.br/patrimony/GPS14361-008","14842018000145","rafael.lobato@gpsfacility.com","","","","6926fb9e07bb2c30ad88cc35","2025-11-26T13:07:42.228000","2025-11-26T13:07:42.228000","6890c7d607b2a1cba40dc72a","false"
"COLHER CAFE LAGUNA 63906/080 TRAMONT PROM 12","GPS14361-012","outros","6890f430af56e52f005ac934","2025-01-01","","","4.2","em_uso","","https://api.qrserver.com/v1/create-qr-code/?size=200x200&data=https%3A%2F%2Ffacilitagestor360.com.br%2Fpatrimony%2FGPS14361-012","https://facilitagestor360.com.br/patrimony/GPS14361-012","14842018000145","rafael.lobato@gpsfacility.com","","","","6926fb9e07bb2c30ad88cc39","2025-11-26T13:07:42.228000","2025-11-26T13:07:42.228000","6890c7d607b2a1cba40dc72a","false"
"COLHER CAFE LAGUNA 63906/080 TRAMONT PROM 2","GPS14361-002","outros","6890f430af56e52f005ac934","2025-01-01","","","4.2","em_uso","","https://api.qrserver.com/v1/create-qr-code/?size=200x200&data=https%3A%2F%2Ffacilitagestor360.com.br%2Fpatrimony%2FGPS14361-002","https://facilitagestor360.com.br/patrimony/GPS14361-002","14842018000145","rafael.lobato@gpsfacility.com","","","","6926fb9e07bb2c30ad88cc2f","2025-11-26T13:07:42.228000","2025-11-26T13:07:42.228000","6890c7d607b2a1cba40dc72a","false"
"COLHER CAFE LAGUNA 63906/080 TRAMONT PROM 9","GPS14361-009","outros","6890f430af56e52f005ac934","2025-01-01","","","4.2","em_uso","","https://api.qrserver.com/v1/create-qr-code/?size=200x200&data=https%3A%2F%2Ffacilitagestor360.com.br%2Fpatrimony%2FGPS14361-009","https://facilitagestor360.com.br/patrimony/GPS14361-009","14842018000145","rafael.lobato@gpsfacility.com","","","","6926fb9e07bb2c30ad88cc36","2025-11-26T13:07:42.228000","2025-11-26T13:07:42.228000","6890c7d607b2a1cba40dc72a","false"
"COLHER CAFE LAGUNA 63906/080 TRAMONT PROM 1","GPS14361-001","outros","6890f430af56e52f005ac934","2025-01-01","","","4.2","em_uso","","https://api.qrserver.com/v1/create-qr-code/?size=200x200&data=https%3A%2F%2Ffacilitagestor360.com.br%2Fpatrimony%2FGPS14361-001","https://facilitagestor360.com.br/patrimony/GPS14361-001","14842018000145","rafael.lobato@gpsfacility.com","","","","6926fb9e07bb2c30ad88cc2e","2025-11-26T13:07:42.228000","2025-11-26T13:07:42.228000","6890c7d607b2a1cba40dc72a","false"
"COLHER CAFE LAGUNA 63906/080 TRAMONT PROM 6","GPS14361-006","outros","6890f430af56e52f005ac934","2025-01-01","","","4.2","em_uso","","https://api.qrserver.com/v1/create-qr-code/?size=200x200&data=https%3A%2F%2Ffacilitagestor360.com.br%2Fpatrimony%2FGPS14361-006","https://facilitagestor360.com.br/patrimony/GPS14361-006","14842018000145","rafael.lobato@gpsfacility.com","","","","6926fb9e07bb2c30ad88cc33","2025-11-26T13:07:42.228000","2025-11-26T13:07:42.228000","6890c7d607b2a1cba40dc72a","false"
"COLHER CAFE LAGUNA 63906/080 TRAMONT PROM 10","GPS14361-010","outros","6890f430af56e52f005ac934","2025-01-01","","","4.2","em_uso","","https://api.qrserver.com/v1/create-qr-code/?size=200x200&data=https%3A%2F%2Ffacilitagestor360.com.br%2Fpatrimony%2FGPS14361-010","https://facilitagestor360.com.br/patrimony/GPS14361-010","14842018000145","rafael.lobato@gpsfacility.com","","","","6926fb9e07bb2c30ad88cc37","2025-11-26T13:07:42.228000","2025-11-26T13:07:42.228000","6890c7d607b2a1cba40dc72a","false"
"COLHER CAFE LAGUNA 63906/080 TRAMONT PROM 4","GPS14361-004","outros","6890f430af56e52f005ac934","2025-01-01","","","4.2","em_uso","","https://api.qrserver.com/v1/create-qr-code/?size=200x200&data=https%3A%2F%2Ffacilitagestor360.com.br%2Fpatrimony%2FGPS14361-004","https://facilitagestor360.com.br/patrimony/GPS14361-004","14842018000145","rafael.lobato@gpsfacility.com","","","","6926fb9e07bb2c30ad88cc31","2025-11-26T13:07:42.228000","2025-11-26T13:07:42.228000","6890c7d607b2a1cba40dc72a","false"
"COLHER CAFE LAGUNA 63906/080 TRAMONT PROM 11","GPS14361-011","outros","6890f430af56e52f005ac934","2025-01-01","","","4.2","em_uso","","https://api.qrserver.com/v1/create-qr-code/?size=200x200&data=https%3A%2F%2Ffacilitagestor360.com.br%2Fpatrimony%2FGPS14361-011","https://facilitagestor360.com.br/patrimony/GPS14361-011","14842018000145","rafael.lobato@gpsfacility.com","","","","6926fb9e07bb2c30ad88cc38","2025-11-26T13:07:42.228000","2025-11-26T13:07:42.228000","6890c7d607b2a1cba40dc72a","false"
"COLHER CAFE LAGUNA 63906/080 TRAMONT PROM 3","GPS14361-003","outros","6890f430af56e52f005ac934","2025-01-01","","","4.2","em_uso","","https://api.qrserver.com/v1/create-qr-code/?size=200x200&data=https%3A%2F%2Ffacilitagestor360.com.br%2Fpatrimony%2FGPS14361-003","https://facilitagestor360.com.br/patrimony/GPS14361-003","14842018000145","rafael.lobato@gpsfacility.com","","","","6926fb9e07bb2c30ad88cc30","2025-11-26T13:07:42.228000","2025-11-26T13:07:42.228000","6890c7d607b2a1cba40dc72a","false"
"COLHER CAFE LAGUNA 63906/080 TRAMONT PROM 5","GPS14361-005","outros","6890f430af56e52f005ac934","2025-01-01","","","4.2","em_uso","","https://api.qrserver.com/v1/create-qr-code/?size=200x200&data=https%3A%2F%2Ffacilitagestor360.com.br%2Fpatrimony%2FGPS14361-005","https://facilitagestor360.com.br/patrimony/GPS14361-005","14842018000145","rafael.lobato@gpsfacility.com","","","","6926fb9e07bb2c30ad88cc32","2025-11-26T13:07:42.228000","2025-11-26T13:07:42.228000","6890c7d607b2a1cba40dc72a","false"
"COLHER CAFE LAGUNA 63906/080 TRAMONT PROM 7","GPS14361-007","outros","6890f430af56e52f005ac934","2025-01-01","","","4.2","em_uso","","https://api.qrserver.com/v1/create-qr-code/?size=200x200&data=https%3A%2F%2Ffacilitagestor360.com.br%2Fpatrimony%2FGPS14361-007","https://facilitagestor360.com.br/patrimony/GPS14361-007","14842018000145","rafael.lobato@gpsfacility.com","","","","6926fb9e07bb2c30ad88cc34","2025-11-26T13:07:42.228000","2025-11-26T13:07:42.228000","6890c7d607b2a1cba40dc72a","false"
"""JARRA C/ TPA/APAR 2LT ARIENZO 1658/002 PROM BRINOX"" 2","GPS14360-002","outros","6890f430af56e52f005ac934","2025-01-01","","","197.7","em_uso","","https://api.qrserver.com/v1/create-qr-code/?size=200x200&data=https%3A%2F%2Ffacilitagestor360.com.br%2Fpatrimony%2FGPS14360-002","https://facilitagestor360.com.br/patrimony/GPS14360-002","14842018000145","rafael.lobato@gpsfacility.com","","","","6926fb16fa54d0eb970bf444","2025-11-26T13:05:26.363000","2025-11-26T13:05:26.363000","6890c7d607b2a1cba40dc72a","false"
"""JARRA C/ TPA/APAR 2LT ARIENZO 1658/002 PROM BRINOX"" 1","GPS14360-001","outros","6890f430af56e52f005ac934","2025-01-01","","","197.7","em_uso","","https://api.qrserver.com/v1/create-qr-code/?size=200x200&data=https%3A%2F%2Ffacilitagestor360.com.br%2Fpatrimony%2FGPS14360-001","https://facilitagestor360.com.br/patrimony/GPS14360-001","14842018000145","rafael.lobato@gpsfacility.com","","","","6926fb16fa54d0eb970bf443","2025-11-26T13:05:26.363000","2025-11-26T13:05:26.363000","6890c7d607b2a1cba40dc72a","false"
"""JARRA C/ TPA/APAR 2LT ARIENZO 1658/002 PROM BRINOX"" 3","GPS14360-003","outros","6890f430af56e52f005ac934","2025-01-01","","","197.7","em_uso","","https://api.qrserver.com/v1/create-qr-code/?size=200x200&data=https%3A%2F%2Ffacilitagestor360.com.br%2Fpatrimony%2FGPS14360-003","https://facilitagestor360.com.br/patrimony/GPS14360-003","14842018000145","rafael.lobato@gpsfacility.com","","","","6926fb16fa54d0eb970bf445","2025-11-26T13:05:26.363000","2025-11-26T13:05:26.363000","6890c7d607b2a1cba40dc72a","false"
"""JARRA C/ TPA/APAR 2LT ARIENZO 1658/002 PROM BRINOX"" 5","GPS14360-005","outros","6890f430af56e52f005ac934","2025-01-01","","","197.7","em_uso","","https://api.qrserver.com/v1/create-qr-code/?size=200x200&data=https%3A%2F%2Ffacilitagestor360.com.br%2Fpatrimony%2FGPS14360-005","https://facilitagestor360.com.br/patrimony/GPS14360-005","14842018000145","rafael.lobato@gpsfacility.com","","","","6926fb16fa54d0eb970bf447","2025-11-26T13:05:26.363000","2025-11-26T13:05:26.363000","6890c7d607b2a1cba40dc72a","false"
"""JARRA C/ TPA/APAR 2LT ARIENZO 1658/002 PROM BRINOX"" 4","GPS14360-004","outros","6890f430af56e52f005ac934","2025-01-01","","","197.7","em_uso","","https://api.qrserver.com/v1/create-qr-code/?size=200x200&data=https%3A%2F%2Ffacilitagestor360.com.br%2Fpatrimony%2FGPS14360-004","https://facilitagestor360.com.br/patrimony/GPS14360-004","14842018000145","rafael.lobato@gpsfacility.com","","","","6926fb16fa54d0eb970bf446","2025-11-26T13:05:26.363000","2025-11-26T13:05:26.363000","6890c7d607b2a1cba40dc72a","false"
"GARRAFA TERM MPUMP 1L PRT","GPS14359","mobiliario","6890f430af56e52f005ac934","2025-01-01","","","73.3","em_uso","","https://api.qrserver.com/v1/create-qr-code/?size=200x200&data=https%3A%2F%2Ffacilitagestor360.com.br%2Fpatrimony%2FGPS14359","https://facilitagestor360.com.br/patrimony/GPS14359","14842018000145","rafael.lobato@gpsfacility.com","","","","6926faec8a52b3a091e9f1cf","2025-11-26T13:04:44.543000","2025-11-26T13:04:44.543000","6890c7d607b2a1cba40dc72a","false"
"GARRAFA TERM 1.8 LT MPUMP 8709 PRETA TE 3","GPS14358-003","mobiliario","6890f430af56e52f005ac934","2025-01-01","","","81","em_uso","","https://api.qrserver.com/v1/create-qr-code/?size=200x200&data=https%3A%2F%2Ffacilitagestor360.com.br%2Fpatrimony%2FGPS14358-003","https://facilitagestor360.com.br/patrimony/GPS14358-003","14842018000145","rafael.lobato@gpsfacility.com","","","","6926facef01a207a5629381d","2025-11-26T13:04:14.356000","2025-11-26T13:04:14.356000","6890c7d607b2a1cba40dc72a","false"
"GARRAFA TERM 1.8 LT MPUMP 8709 PRETA TE 1","GPS14358-001","mobiliario","6890f430af56e52f005ac934","2025-01-01","","","81","em_uso","","https://api.qrserver.com/v1/create-qr-code/?size=200x200&data=https%3A%2F%2Ffacilitagestor360.com.br%2Fpatrimony%2FGPS14358-001","https://facilitagestor360.com.br/patrimony/GPS14358-001","14842018000145","rafael.lobato@gpsfacility.com","","","","6926facef01a207a5629381b","2025-11-26T13:04:14.356000","2025-11-26T13:04:14.356000","6890c7d607b2a1cba40dc72a","false"
"GARRAFA TERM 1.8 LT MPUMP 8709 PRETA TE 2","GPS14358-002","mobiliario","6890f430af56e52f005ac934","2025-01-01","","","81","em_uso","","https://api.qrserver.com/v1/create-qr-code/?size=200x200&data=https%3A%2F%2Ffacilitagestor360.com.br%2Fpatrimony%2FGPS14358-002","https://facilitagestor360.com.br/patrimony/GPS14358-002","14842018000145","rafael.lobato@gpsfacility.com","","","","6926facef01a207a5629381c","2025-11-26T13:04:14.356000","2025-11-26T13:04:14.356000","6890c7d607b2a1cba40dc72a","false"
"BANDEJA RED 40CM GP029 GP INOX 1","GPS14357-001","mobiliario","6890f430af56e52f005ac934","2025-01-01","","","52.9","em_uso","","https://api.qrserver.com/v1/create-qr-code/?size=200x200&data=https%3A%2F%2Ffacilitagestor360.com.br%2Fpatrimony%2FGPS14357-001","https://facilitagestor360.com.br/patrimony/GPS14357-001","14842018000145","rafael.lobato@gpsfacility.com","","","","6926faad706daa18e9bfd74e","2025-11-26T13:03:41.359000","2025-11-26T13:03:41.359000","6890c7d607b2a1cba40dc72a","false"
"BANDEJA RED 40CM GP029 GP INOX 2","GPS14357-002","mobiliario","6890f430af56e52f005ac934","2025-01-01","","","52.9","em_uso","","https://api.qrserver.com/v1/create-qr-code/?size=200x200&data=https%3A%2F%2Ffacilitagestor360.com.br%2Fpatrimony%2FGPS14357-002","https://facilitagestor360.com.br/patrimony/GPS14357-002","14842018000145","rafael.lobato@gpsfacility.com","","","","6926faad706daa18e9bfd74f","2025-11-26T13:03:41.359000","2025-11-26T13:03:41.359000","6890c7d607b2a1cba40dc72a","false"
"CANECA HOTEL CABO BAQ 16 3,2L 528 ABC","GPS14356","mobiliario","6890f430af56e52f005ac934","2025-01-01","","","67.5","em_uso","","https://api.qrserver.com/v1/create-qr-code/?size=200x200&data=https%3A%2F%2Ffacilitagestor360.com.br%2Fpatrimony%2FGPS14356","https://facilitagestor360.com.br/patrimony/GPS14356","14842018000145","rafael.lobato@gpsfacility.com","","","","6926fa8f12a51d5b2e02e57d","2025-11-26T13:03:11.551000","2025-11-26T13:03:11.551000","6890c7d607b2a1cba40dc72a","false"
"FORRO AMERIC CROCHE 30X45 BRC 3074 KOMECO","GPS14355","outros","6890f430af56e52f005ac934","2025-01-01","","","7.2","em_uso","","https://api.qrserver.com/v1/create-qr-code/?size=200x200&data=https%3A%2F%2Ffacilitagestor360.com.br%2Fpatrimony%2FGPS14355","https://facilitagestor360.com.br/patrimony/GPS14355","14842018000145","rafael.lobato@gpsfacility.com","","","","6926fa72f7095429a0a506eb","2025-11-26T13:02:42.869000","2025-11-26T13:02:42.869000","6890c7d607b2a1cba40dc72a","false"
"FORRO TOALHA BAND RED CROCHE 38/40CM 1","GPS14354-001","outros","6890f430af56e52f005ac934","2025-01-01","","","6.3","em_uso","","https://api.qrserver.com/v1/create-qr-code/?size=200x200&data=https%3A%2F%2Ffacilitagestor360.com.br%2Fpatrimony%2FGPS14354-001","https://facilitagestor360.com.br/patrimony/GPS14354-001","14842018000145","rafael.lobato@gpsfacility.com","","","","6926fa527a79508797133b8f","2025-11-26T13:02:10.506000","2025-11-26T13:02:10.506000","6890c7d607b2a1cba40dc72a","false"
"FORRO TOALHA BAND RED CROCHE 38/40CM 2","GPS14354-002","outros","6890f430af56e52f005ac934","2025-01-01","","","6.3","em_uso","","https://api.qrserver.com/v1/create-qr-code/?size=200x200&data=https%3A%2F%2Ffacilitagestor360.com.br%2Fpatrimony%2FGPS14354-002","https://facilitagestor360.com.br/patrimony/GPS14354-002","14842018000145","rafael.lobato@gpsfacility.com","","","","6926fa527a79508797133b90","2025-11-26T13:02:10.506000","2025-11-26T13:02:10.506000","6890c7d607b2a1cba40dc72a","false"
"EBULIDOR INOX 17 1000W 220V 2","GPS14353-002","outros","6890f430af56e52f005ac934","2025-01-01","","","69.9","em_uso","","https://api.qrserver.com/v1/create-qr-code/?size=200x200&data=https%3A%2F%2Ffacilitagestor360.com.br%2Fpatrimony%2FGPS14353-002","https://facilitagestor360.com.br/patrimony/GPS14353-002","14842018000145","rafael.lobato@gpsfacility.com","","","","6926fa35a7345d3cdd854644","2025-11-26T13:01:41.287000","2025-11-26T13:01:41.287000","6890c7d607b2a1cba40dc72a","false"
"EBULIDOR INOX 17 1000W 220V 1","GPS14353-001","outros","6890f430af56e52f005ac934","2025-01-01","","","69.9","em_uso","","https://api.qrserver.com/v1/create-qr-code/?size=200x200&data=https%3A%2F%2Ffacilitagestor360.com.br%2Fpatrimony%2FGPS14353-001","https://facilitagestor360.com.br/patrimony/GPS14353-001","14842018000145","rafael.lobato@gpsfacility.com","","","","6926fa35a7345d3cdd854643","2025-11-26T13:01:41.287000","2025-11-26T13:01:41.287000","6890c7d607b2a1cba40dc72a","false"
"COPO LDRINK CYLINDER 300ML 7700 2","GPS14352-002","mobiliario","6890f430af56e52f005ac934","2025-01-01","","","7.5","em_uso","","https://api.qrserver.com/v1/create-qr-code/?size=200x200&data=https%3A%2F%2Ffacilitagestor360.com.br%2Fpatrimony%2FGPS14352-002","https://facilitagestor360.com.br/patrimony/GPS14352-002","14842018000145","rafael.lobato@gpsfacility.com","","","","6926f9ffa570a4a82251494f","2025-11-26T13:00:47.935000","2025-11-26T13:00:47.935000","6890c7d607b2a1cba40dc72a","false"
"COPO LDRINK CYLINDER 300ML 7700 16","GPS14352-016","mobiliario","6890f430af56e52f005ac934","2025-01-01","","","7.5","em_uso","","https://api.qrserver.com/v1/create-qr-code/?size=200x200&data=https%3A%2F%2Ffacilitagestor360.com.br%2Fpatrimony%2FGPS14352-016","https://facilitagestor360.com.br/patrimony/GPS14352-016","14842018000145","rafael.lobato@gpsfacility.com","","","","6926f9ffa570a4a82251495d","2025-11-26T13:00:47.935000","2025-11-26T13:00:47.935000","6890c7d607b2a1cba40dc72a","false"
"COPO LDRINK CYLINDER 300ML 7700 21","GPS14352-021","mobiliario","6890f430af56e52f005ac934","2025-01-01","","","7.5","em_uso","","https://api.qrserver.com/v1/create-qr-code/?size=200x200&data=https%3A%2F%2Ffacilitagestor360.com.br%2Fpatrimony%2FGPS14352-021","https://facilitagestor360.com.br/patrimony/GPS14352-021","14842018000145","rafael.lobato@gpsfacility.com","","","","6926f9ffa570a4a822514962","2025-11-26T13:00:47.935000","2025-11-26T13:00:47.935000","6890c7d607b2a1cba40dc72a","false"
"COPO LDRINK CYLINDER 300ML 7700 9","GPS14352-009","mobiliario","6890f430af56e52f005ac934","2025-01-01","","","7.5","em_uso","","https://api.qrserver.com/v1/create-qr-code/?size=200x200&data=https%3A%2F%2Ffacilitagestor360.com.br%2Fpatrimony%2FGPS14352-009","https://facilitagestor360.com.br/patrimony/GPS14352-009","14842018000145","rafael.lobato@gpsfacility.com","","","","6926f9ffa570a4a822514956","2025-11-26T13:00:47.935000","2025-11-26T13:00:47.935000","6890c7d607b2a1cba40dc72a","false"
"COPO LDRINK CYLINDER 300ML 7700 1","GPS14352-001","mobiliario","6890f430af56e52f005ac934","2025-01-01","","","7.5","em_uso","","https://api.qrserver.com/v1/create-qr-code/?size=200x200&data=https%3A%2F%2Ffacilitagestor360.com.br%2Fpatrimony%2FGPS14352-001","https://facilitagestor360.com.br/patrimony/GPS14352-001","14842018000145","rafael.lobato@gpsfacility.com","","","","6926f9ffa570a4a82251494e","2025-11-26T13:00:47.935000","2025-11-26T13:00:47.935000","6890c7d607b2a1cba40dc72a","false"
"COPO LDRINK CYLINDER 300ML 7700 11","GPS14352-011","mobiliario","6890f430af56e52f005ac934","2025-01-01","","","7.5","em_uso","","https://api.qrserver.com/v1/create-qr-code/?size=200x200&data=https%3A%2F%2Ffacilitagestor360.com.br%2Fpatrimony%2FGPS14352-011","https://facilitagestor360.com.br/patrimony/GPS14352-011","14842018000145","rafael.lobato@gpsfacility.com","","","","6926f9ffa570a4a822514958","2025-11-26T13:00:47.935000","2025-11-26T13:00:47.935000","6890c7d607b2a1cba40dc72a","false"
"COPO LDRINK CYLINDER 300ML 7700 19","GPS14352-019","mobiliario","6890f430af56e52f005ac934","2025-01-01","","","7.5","em_uso","","https://api.qrserver.com/v1/create-qr-code/?size=200x200&data=https%3A%2F%2Ffacilitagestor360.com.br%2Fpatrimony%2FGPS14352-019","https://facilitagestor360.com.br/patrimony/GPS14352-019","14842018000145","rafael.lobato@gpsfacility.com","","","","6926f9ffa570a4a822514960","2025-11-26T13:00:47.935000","2025-11-26T13:00:47.935000","6890c7d607b2a1cba40dc72a","false"
"COPO LDRINK CYLINDER 300ML 7700 8","GPS14352-008","mobiliario","6890f430af56e52f005ac934","2025-01-01","","","7.5","em_uso","","https://api.qrserver.com/v1/create-qr-code/?size=200x200&data=https%3A%2F%2Ffacilitagestor360.com.br%2Fpatrimony%2FGPS14352-008","https://facilitagestor360.com.br/patrimony/GPS14352-008","14842018000145","rafael.lobato@gpsfacility.com","","","","6926f9ffa570a4a822514955","2025-11-26T13:00:47.935000","2025-11-26T13:00:47.935000","6890c7d607b2a1cba40dc72a","false"
"COPO LDRINK CYLINDER 300ML 7700 23","GPS14352-023","mobiliario","6890f430af56e52f005ac934","2025-01-01","","","7.5","em_uso","","https://api.qrserver.com/v1/create-qr-code/?size=200x200&data=https%3A%2F%2Ffacilitagestor360.com.br%2Fpatrimony%2FGPS14352-023","https://facilitagestor360.com.br/patrimony/GPS14352-023","14842018000145","rafael.lobato@gpsfacility.com","","","","6926f9ffa570a4a822514964","2025-11-26T13:00:47.935000","2025-11-26T13:00:47.935000","6890c7d607b2a1cba40dc72a","false"
"COPO LDRINK CYLINDER 300ML 7700 12","GPS14352-012","mobiliario","6890f430af56e52f005ac934","2025-01-01","","","7.5","em_uso","","https://api.qrserver.com/v1/create-qr-code/?size=200x200&data=https%3A%2F%2Ffacilitagestor360.com.br%2Fpatrimony%2FGPS14352-012","https://facilitagestor360.com.br/patrimony/GPS14352-012","14842018000145","rafael.lobato@gpsfacility.com","","","","6926f9ffa570a4a822514959","2025-11-26T13:00:47.935000","2025-11-26T13:00:47.935000","6890c7d607b2a1cba40dc72a","false"
"COPO LDRINK CYLINDER 300ML 7700 17","GPS14352-017","mobiliario","6890f430af56e52f005ac934","2025-01-01","","","7.5","em_uso","","https://api.qrserver.com/v1/create-qr-code/?size=200x200&data=https%3A%2F%2Ffacilitagestor360.com.br%2Fpatrimony%2FGPS14352-017","https://facilitagestor360.com.br/patrimony/GPS14352-017","14842018000145","rafael.lobato@gpsfacility.com","","","","6926f9ffa570a4a82251495e","2025-11-26T13:00:47.935000","2025-11-26T13:00:47.935000","6890c7d607b2a1cba40dc72a","false"
"COPO LDRINK CYLINDER 300ML 7700 10","GPS14352-010","mobiliario","6890f430af56e52f005ac934","2025-01-01","","","7.5","em_uso","","https://api.qrserver.com/v1/create-qr-code/?size=200x200&data=https%3A%2F%2Ffacilitagestor360.com.br%2Fpatrimony%2FGPS14352-010","https://facilitagestor360.com.br/patrimony/GPS14352-010","14842018000145","rafael.lobato@gpsfacility.com","","","","6926f9ffa570a4a822514957","2025-11-26T13:00:47.935000","2025-11-26T13:00:47.935000","6890c7d607b2a1cba40dc72a","false"
"COPO LDRINK CYLINDER 300ML 7700 13","GPS14352-013","mobiliario","6890f430af56e52f005ac934","2025-01-01","","","7.5","em_uso","","https://api.qrserver.com/v1/create-qr-code/?size=200x200&data=https%3A%2F%2Ffacilitagestor360.com.br%2Fpatrimony%2FGPS14352-013","https://facilitagestor360.com.br/patrimony/GPS14352-013","14842018000145","rafael.lobato@gpsfacility.com","","","","6926f9ffa570a4a82251495a","2025-11-26T13:00:47.935000","2025-11-26T13:00:47.935000","6890c7d607b2a1cba40dc72a","false"
"COPO LDRINK CYLINDER 300ML 7700 20","GPS14352-020","mobiliario","6890f430af56e52f005ac934","2025-01-01","","","7.5","em_uso","","https://api.qrserver.com/v1/create-qr-code/?size=200x200&data=https%3A%2F%2Ffacilitagestor360.com.br%2Fpatrimony%2FGPS14352-020","https://facilitagestor360.com.br/patrimony/GPS14352-020","14842018000145","rafael.lobato@gpsfacility.com","","","","6926f9ffa570a4a822514961","2025-11-26T13:00:47.935000","2025-11-26T13:00:47.935000","6890c7d607b2a1cba40dc72a","false"
"COPO LDRINK CYLINDER 300ML 7700 3","GPS14352-003","mobiliario","6890f430af56e52f005ac934","2025-01-01","","","7.5","em_uso","","https://api.qrserver.com/v1/create-qr-code/?size=200x200&data=https%3A%2F%2Ffacilitagestor360.com.br%2Fpatrimony%2FGPS14352-003","https://facilitagestor360.com.br/patrimony/GPS14352-003","14842018000145","rafael.lobato@gpsfacility.com","","","","6926f9ffa570a4a822514950","2025-11-26T13:00:47.935000","2025-11-26T13:00:47.935000","6890c7d607b2a1cba40dc72a","false"
"COPO LDRINK CYLINDER 300ML 7700 22","GPS14352-022","mobiliario","6890f430af56e52f005ac934","2025-01-01","","","7.5","em_uso","","https://api.qrserver.com/v1/create-qr-code/?size=200x200&data=https%3A%2F%2Ffacilitagestor360.com.br%2Fpatrimony%2FGPS14352-022","https://facilitagestor360.com.br/patrimony/GPS14352-022","14842018000145","rafael.lobato@gpsfacility.com","","","","6926f9ffa570a4a822514963","2025-11-26T13:00:47.935000","2025-11-26T13:00:47.935000","6890c7d607b2a1cba40dc72a","false"
"COPO LDRINK CYLINDER 300ML 7700 15","GPS14352-015","mobiliario","6890f430af56e52f005ac934","2025-01-01","","","7.5","em_uso","","https://api.qrserver.com/v1/create-qr-code/?size=200x200&data=https%3A%2F%2Ffacilitagestor360.com.br%2Fpatrimony%2FGPS14352-015","https://facilitagestor360.com.br/patrimony/GPS14352-015","14842018000145","rafael.lobato@gpsfacility.com","","","","6926f9ffa570a4a82251495c","2025-11-26T13:00:47.935000","2025-11-26T13:00:47.935000","6890c7d607b2a1cba40dc72a","false"
"COPO LDRINK CYLINDER 300ML 7700 6","GPS14352-006","mobiliario","6890f430af56e52f005ac934","2025-01-01","","","7.5","em_uso","","https://api.qrserver.com/v1/create-qr-code/?size=200x200&data=https%3A%2F%2Ffacilitagestor360.com.br%2Fpatrimony%2FGPS14352-006","https://facilitagestor360.com.br/patrimony/GPS14352-006","14842018000145","rafael.lobato@gpsfacility.com","","","","6926f9ffa570a4a822514953","2025-11-26T13:00:47.935000","2025-11-26T13:00:47.935000","6890c7d607b2a1cba40dc72a","false"
"COPO LDRINK CYLINDER 300ML 7700 7","GPS14352-007","mobiliario","6890f430af56e52f005ac934","2025-01-01","","","7.5","em_uso","","https://api.qrserver.com/v1/create-qr-code/?size=200x200&data=https%3A%2F%2Ffacilitagestor360.com.br%2Fpatrimony%2FGPS14352-007","https://facilitagestor360.com.br/patrimony/GPS14352-007","14842018000145","rafael.lobato@gpsfacility.com","","","","6926f9ffa570a4a822514954","2025-11-26T13:00:47.935000","2025-11-26T13:00:47.935000","6890c7d607b2a1cba40dc72a","false"
"COPO LDRINK CYLINDER 300ML 7700 24","GPS14352-024","mobiliario","6890f430af56e52f005ac934","2025-01-01","","","7.5","em_uso","","https://api.qrserver.com/v1/create-qr-code/?size=200x200&data=https%3A%2F%2Ffacilitagestor360.com.br%2Fpatrimony%2FGPS14352-024","https://facilitagestor360.com.br/patrimony/GPS14352-024","14842018000145","rafael.lobato@gpsfacility.com","","","","6926f9ffa570a4a822514965","2025-11-26T13:00:47.935000","2025-11-26T13:00:47.935000","6890c7d607b2a1cba40dc72a","false"
"COPO LDRINK CYLINDER 300ML 7700 18","GPS14352-018","mobiliario","6890f430af56e52f005ac934","2025-01-01","","","7.5","em_uso","","https://api.qrserver.com/v1/create-qr-code/?size=200x200&data=https%3A%2F%2Ffacilitagestor360.com.br%2Fpatrimony%2FGPS14352-018","https://facilitagestor360.com.br/patrimony/GPS14352-018","14842018000145","rafael.lobato@gpsfacility.com","","","","6926f9ffa570a4a82251495f","2025-11-26T13:00:47.935000","2025-11-26T13:00:47.935000","6890c7d607b2a1cba40dc72a","false"
"COPO LDRINK CYLINDER 300ML 7700 4","GPS14352-004","mobiliario","6890f430af56e52f005ac934","2025-01-01","","","7.5","em_uso","","https://api.qrserver.com/v1/create-qr-code/?size=200x200&data=https%3A%2F%2Ffacilitagestor360.com.br%2Fpatrimony%2FGPS14352-004","https://facilitagestor360.com.br/patrimony/GPS14352-004","14842018000145","rafael.lobato@gpsfacility.com","","","","6926f9ffa570a4a822514951","2025-11-26T13:00:47.935000","2025-11-26T13:00:47.935000","6890c7d607b2a1cba40dc72a","false"
"COPO LDRINK CYLINDER 300ML 7700 5","GPS14352-005","mobiliario","6890f430af56e52f005ac934","2025-01-01","","","7.5","em_uso","","https://api.qrserver.com/v1/create-qr-code/?size=200x200&data=https%3A%2F%2Ffacilitagestor360.com.br%2Fpatrimony%2FGPS14352-005","https://facilitagestor360.com.br/patrimony/GPS14352-005","14842018000145","rafael.lobato@gpsfacility.com","","","","6926f9ffa570a4a822514952","2025-11-26T13:00:47.935000","2025-11-26T13:00:47.935000","6890c7d607b2a1cba40dc72a","false"
"COPO LDRINK CYLINDER 300ML 7700 14","GPS14352-014","mobiliario","6890f430af56e52f005ac934","2025-01-01","","","7.5","em_uso","","https://api.qrserver.com/v1/create-qr-code/?size=200x200&data=https%3A%2F%2Ffacilitagestor360.com.br%2Fpatrimony%2FGPS14352-014","https://facilitagestor360.com.br/patrimony/GPS14352-014","14842018000145","rafael.lobato@gpsfacility.com","","","","6926f9ffa570a4a82251495b","2025-11-26T13:00:47.935000","2025-11-26T13:00:47.935000","6890c7d607b2a1cba40dc72a","false"
"LAVADORA ALTA PRESSAO 1500W","GPS14351","maquinario","689107ca1b93138c52fc9e00","2025-01-01","","","589.9","em_uso","","https://api.qrserver.com/v1/create-qr-code/?size=200x200&data=https%3A%2F%2Ffacilitagestor360.com.br%2Fpatrimony%2FGPS14351","https://facilitagestor360.com.br/patrimony/GPS14351","14842018000145","rafael.lobato@gpsfacility.com","","","","6926f9bd33849a5aeb34303f","2025-11-26T12:59:41.181000","2025-11-26T12:59:41.181000","6890c7d607b2a1cba40dc72a","false"
"APOIO PARA OS PES PRETO 1","GPS14348-001","mobiliario","6899f22a877c5ab49c2d1c2d","2025-01-01","","","49","em_uso","","https://api.qrserver.com/v1/create-qr-code/?size=200x200&data=https%3A%2F%2Ffacilitagestor360.com.br%2Fpatrimony%2FGPS14348-001","https://facilitagestor360.com.br/patrimony/GPS14348-001","14842018000145","rafael.lobato@gpsfacility.com","","","","6926f98b706daa18e9bfd6ab","2025-11-26T12:58:51.972000","2025-11-26T12:58:51.972000","6890c7d607b2a1cba40dc72a","false"
"APOIO PARA OS PES PRETO 2","GPS14348-002","mobiliario","6899f22a877c5ab49c2d1c2d","2025-01-01","","","49","em_uso","","https://api.qrserver.com/v1/create-qr-code/?size=200x200&data=https%3A%2F%2Ffacilitagestor360.com.br%2Fpatrimony%2FGPS14348-002","https://facilitagestor360.com.br/patrimony/GPS14348-002","14842018000145","rafael.lobato@gpsfacility.com","","","","6926f98b706daa18e9bfd6ac","2025-11-26T12:58:51.972000","2025-11-26T12:58:51.972000","6890c7d607b2a1cba40dc72a","false"
"CADEIRA PRESIDENTE OFFICE PRETA ","GPS14343","mobiliario","6899f22a877c5ab49c2d1c2d","2025-01-01","","","450.5","em_uso","","https://api.qrserver.com/v1/create-qr-code/?size=200x200&data=https%3A%2F%2Ffacilitagestor360.com.br%2Fpatrimony%2FGPS14343","https://facilitagestor360.com.br/patrimony/GPS14343","14842018000145","rafael.lobato@gpsfacility.com","","","","6926f9317f5e8cc390146e64","2025-11-26T12:57:21.329000","2025-11-26T12:57:21.329000","6890c7d607b2a1cba40dc72a","false"
"PARAFUSO SEXTAVADO 1/4 X 3/4"" 3","GPS14342-003","mobiliario","6899f22a877c5ab49c2d1c2d","2025-01-01","","","0.25","em_uso","","https://api.qrserver.com/v1/create-qr-code/?size=200x200&data=https%3A%2F%2Ffacilitagestor360.com.br%2Fpatrimony%2FGPS14342-003","https://facilitagestor360.com.br/patrimony/GPS14342-003","14842018000145","rafael.lobato@gpsfacility.com","","","","6926f912605f03b08aa9346e","2025-11-26T12:56:50.468000","2025-11-26T12:56:50.468000","6890c7d607b2a1cba40dc72a","false"
"PARAFUSO SEXTAVADO 1/4 X 3/4"" 4","GPS14342-004","mobiliario","6899f22a877c5ab49c2d1c2d","2025-01-01","","","0.25","em_uso","","https://api.qrserver.com/v1/create-qr-code/?size=200x200&data=https%3A%2F%2Ffacilitagestor360.com.br%2Fpatrimony%2FGPS14342-004","https://facilitagestor360.com.br/patrimony/GPS14342-004","14842018000145","rafael.lobato@gpsfacility.com","","","","6926f912605f03b08aa9346f","2025-11-26T12:56:50.468000","2025-11-26T12:56:50.468000","6890c7d607b2a1cba40dc72a","false"
"PARAFUSO SEXTAVADO 1/4 X 3/4"" 1","GPS14342-001","mobiliario","6899f22a877c5ab49c2d1c2d","2025-01-01","","","0.25","em_uso","","https://api.qrserver.com/v1/create-qr-code/?size=200x200&data=https%3A%2F%2Ffacilitagestor360.com.br%2Fpatrimony%2FGPS14342-001","https://facilitagestor360.com.br/patrimony/GPS14342-001","14842018000145","rafael.lobato@gpsfacility.com","","","","6926f912605f03b08aa9346c","2025-11-26T12:56:50.468000","2025-11-26T12:56:50.468000","6890c7d607b2a1cba40dc72a","false"
"PARAFUSO SEXTAVADO 1/4 X 3/4"" 2","GPS14342-002","mobiliario","6899f22a877c5ab49c2d1c2d","2025-01-01","","","0.25","em_uso","","https://api.qrserver.com/v1/create-qr-code/?size=200x200&data=https%3A%2F%2Ffacilitagestor360.com.br%2Fpatrimony%2FGPS14342-002","https://facilitagestor360.com.br/patrimony/GPS14342-002","14842018000145","rafael.lobato@gpsfacility.com","","","","6926f912605f03b08aa9346d","2025-11-26T12:56:50.468000","2025-11-26T12:56:50.468000","6890c7d607b2a1cba40dc72a","false"
"PAR DE BRACO DIGITADOR REGULAVEL T BOTAO","GPS14341","mobiliario","6899f22a877c5ab49c2d1c2d","2025-01-01","","","28","em_uso","","https://api.qrserver.com/v1/create-qr-code/?size=200x200&data=https%3A%2F%2Ffacilitagestor360.com.br%2Fpatrimony%2FGPS14341","https://facilitagestor360.com.br/patrimony/GPS14341","14842018000145","rafael.lobato@gpsfacility.com","","","","6926f86b2b42ee39416f40d3","2025-11-26T12:54:03.107000","2025-11-26T12:54:03.107000","6890c7d607b2a1cba40dc72a","false"
"A/E PRESIDENTE BAIXO KOMANCHE PTO","GPS14340","mobiliario","6899f22a877c5ab49c2d1c2d","2025-01-01","","","231.4","em_uso","","https://api.qrserver.com/v1/create-qr-code/?size=200x200&data=https%3A%2F%2Ffacilitagestor360.com.br%2Fpatrimony%2FGPS14340","https://facilitagestor360.com.br/patrimony/GPS14340","14842018000145","rafael.lobato@gpsfacility.com","","","","6926f83f3a641d95d76e0136","2025-11-26T12:53:19.327000","2025-11-26T12:53:19.327000","6890c7d607b2a1cba40dc72a","false"
"BASE DIRETOR GIRATORIA PRETA","GPS14339","mobiliario","6899f22a877c5ab49c2d1c2d","2025-01-01","","","161","em_uso","","https://api.qrserver.com/v1/create-qr-code/?size=200x200&data=https%3A%2F%2Ffacilitagestor360.com.br%2Fpatrimony%2FGPS14339","https://facilitagestor360.com.br/patrimony/GPS14339","14842018000145","rafael.lobato@gpsfacility.com","","","","6926f7a35865d1a723efbfc7","2025-11-26T12:50:43.089000","2025-11-26T12:50:43.089000","6890c7d607b2a1cba40dc72a","false"
"CARTAO MEMORIA SD 128GB CLASSE 10 C/ ADAPTADOR - SANDISK 2","GPS14335-002","eletronico","6899f22a877c5ab49c2d1c2d","2025-01-01","","","120","em_uso","","https://api.qrserver.com/v1/create-qr-code/?size=200x200&data=https%3A%2F%2Ffacilitagestor360.com.br%2Fpatrimony%2FGPS14335-002","https://facilitagestor360.com.br/patrimony/GPS14335-002","14842018000145","rafael.lobato@gpsfacility.com","","","","6926f76732e7ed8ced1cc510","2025-11-26T12:49:43.262000","2025-11-26T12:49:43.262000","6890c7d607b2a1cba40dc72a","false"
"CARTAO MEMORIA SD 128GB CLASSE 10 C/ ADAPTADOR - SANDISK 1","GPS14335-001","eletronico","6899f22a877c5ab49c2d1c2d","2025-01-01","","","120","em_uso","","https://api.qrserver.com/v1/create-qr-code/?size=200x200&data=https%3A%2F%2Ffacilitagestor360.com.br%2Fpatrimony%2FGPS14335-001","https://facilitagestor360.com.br/patrimony/GPS14335-001","14842018000145","rafael.lobato@gpsfacility.com","","","","6926f76732e7ed8ced1cc50f","2025-11-26T12:49:43.262000","2025-11-26T12:49:43.262000","6890c7d607b2a1cba40dc72a","false"
"CARTAO MEMORIA SD 128GB CLASSE 10 C/ ADAPTADOR - SANDISK 3","GPS14335-003","eletronico","6899f22a877c5ab49c2d1c2d","2025-01-01","","","120","em_uso","","https://api.qrserver.com/v1/create-qr-code/?size=200x200&data=https%3A%2F%2Ffacilitagestor360.com.br%2Fpatrimony%2FGPS14335-003","https://facilitagestor360.com.br/patrimony/GPS14335-003","14842018000145","rafael.lobato@gpsfacility.com","","","","6926f76732e7ed8ced1cc511","2025-11-26T12:49:43.262000","2025-11-26T12:49:43.262000","6890c7d607b2a1cba40dc72a","false"
"DOCKING USB-C MULTIPORTAS 6 EM 1 LINHA AI COMTAC","GPS14332","eletronico","6899f22a877c5ab49c2d1c2d","2025-01-01","","","190","em_uso","","https://api.qrserver.com/v1/create-qr-code/?size=200x200&data=https%3A%2F%2Ffacilitagestor360.com.br%2Fpatrimony%2FGPS14332","https://facilitagestor360.com.br/patrimony/GPS14332","14842018000145","rafael.lobato@gpsfacility.com","","","","6926f73b8c411bf688d42348","2025-11-26T12:48:59.493000","2025-11-26T12:48:59.493000","6890c7d607b2a1cba40dc72a","false"
"CABO ADAPTADOR USB - CHIP SCE 3.1 (TIPO C + HDMI FEMEA) - (15 CM) - (018-7491)","GPS14331","eletronico","6899f22a877c5ab49c2d1c2d","2025-01-01","","","110","em_uso","","https://api.qrserver.com/v1/create-qr-code/?size=200x200&data=https%3A%2F%2Ffacilitagestor360.com.br%2Fpatrimony%2FGPS14331","https://facilitagestor360.com.br/patrimony/GPS14331","14842018000145","rafael.lobato@gpsfacility.com","","","","6926f71c74c9b807f60404ea","2025-11-26T12:48:28.799000","2025-11-26T12:48:28.799000","6890c7d607b2a1cba40dc72a","false"
"ADAPTADOR EUROPEU 3 PINOS GM-118 DUAL","GPS14330","eletronico","6899f22a877c5ab49c2d1c2d","2025-01-01","","","10","em_uso","","https://api.qrserver.com/v1/create-qr-code/?size=200x200&data=https%3A%2F%2Ffacilitagestor360.com.br%2Fpatrimony%2FGPS14330","https://facilitagestor360.com.br/patrimony/GPS14330","14842018000145","rafael.lobato@gpsfacility.com","","","","6926f6f57f5e8cc390146bda","2025-11-26T12:47:49.268000","2025-11-26T12:47:49.268000","6890c7d607b2a1cba40dc72a","false"
"COMBO S/FIO TEC/MOUSE LOGITECH MK235 II","GPS14324","eletronico","6899f22a877c5ab49c2d1c2d","2025-01-01","","","146.39","em_uso","","https://api.qrserver.com/v1/create-qr-code/?size=200x200&data=https%3A%2F%2Ffacilitagestor360.com.br%2Fpatrimony%2FGPS14324","https://facilitagestor360.com.br/patrimony/GPS14324","14842018000145","rafael.lobato@gpsfacility.com","","","","6926f64e86468f4c863bd358","2025-11-26T12:45:02.986000","2025-11-26T12:45:45.013000","6890c7d607b2a1cba40dc72a","false"
"XICARA CHA C/PIRES POMERODE 20 114 004 1","GPS14323-001","outros","6890f4b7060d99856d4d819a","2025-01-01","","","32.2","em_uso","","https://api.qrserver.com/v1/create-qr-code/?size=200x200&data=https%3A%2F%2Ffacilitagestor360.com.br%2Fpatrimony%2FGPS14323-001","https://facilitagestor360.com.br/patrimony/GPS14323-001","14842018000145","rafael.lobato@gpsfacility.com","","","","6926f61dd944874763673cd6","2025-11-26T12:44:13.144000","2025-11-26T12:44:13.144000","6890c7d607b2a1cba40dc72a","false"
"XICARA CHA C/PIRES POMERODE 20 114 004 6","GPS14323-006","outros","6890f4b7060d99856d4d819a","2025-01-01","","","32.2","em_uso","","https://api.qrserver.com/v1/create-qr-code/?size=200x200&data=https%3A%2F%2Ffacilitagestor360.com.br%2Fpatrimony%2FGPS14323-006","https://facilitagestor360.com.br/patrimony/GPS14323-006","14842018000145","rafael.lobato@gpsfacility.com","","","","6926f61dd944874763673cdb","2025-11-26T12:44:13.144000","2025-11-26T12:44:13.144000","6890c7d607b2a1cba40dc72a","false"
"XICARA CHA C/PIRES POMERODE 20 114 004 7","GPS14323-007","outros","6890f4b7060d99856d4d819a","2025-01-01","","","32.2","em_uso","","https://api.qrserver.com/v1/create-qr-code/?size=200x200&data=https%3A%2F%2Ffacilitagestor360.com.br%2Fpatrimony%2FGPS14323-007","https://facilitagestor360.com.br/patrimony/GPS14323-007","14842018000145","rafael.lobato@gpsfacility.com","","","","6926f61dd944874763673cdc","2025-11-26T12:44:13.144000","2025-11-26T12:44:13.144000","6890c7d607b2a1cba40dc72a","false"
"XICARA CHA C/PIRES POMERODE 20 114 004 5","GPS14323-005","outros","6890f4b7060d99856d4d819a","2025-01-01","","","32.2","em_uso","","https://api.qrserver.com/v1/create-qr-code/?size=200x200&data=https%3A%2F%2Ffacilitagestor360.com.br%2Fpatrimony%2FGPS14323-005","https://facilitagestor360.com.br/patrimony/GPS14323-005","14842018000145","rafael.lobato@gpsfacility.com","","","","6926f61dd944874763673cda","2025-11-26T12:44:13.144000","2025-11-26T12:44:13.144000","6890c7d607b2a1cba40dc72a","false"
"XICARA CHA C/PIRES POMERODE 20 114 004 2","GPS14323-002","outros","6890f4b7060d99856d4d819a","2025-01-01","","","32.2","em_uso","","https://api.qrserver.com/v1/create-qr-code/?size=200x200&data=https%3A%2F%2Ffacilitagestor360.com.br%2Fpatrimony%2FGPS14323-002","https://facilitagestor360.com.br/patrimony/GPS14323-002","14842018000145","rafael.lobato@gpsfacility.com","","","","6926f61dd944874763673cd7","2025-11-26T12:44:13.144000","2025-11-26T12:44:13.144000","6890c7d607b2a1cba40dc72a","false"
"XICARA CHA C/PIRES POMERODE 20 114 004 8","GPS14323-008","outros","6890f4b7060d99856d4d819a","2025-01-01","","","32.2","em_uso","","https://api.qrserver.com/v1/create-qr-code/?size=200x200&data=https%3A%2F%2Ffacilitagestor360.com.br%2Fpatrimony%2FGPS14323-008","https://facilitagestor360.com.br/patrimony/GPS14323-008","14842018000145","rafael.lobato@gpsfacility.com","","","","6926f61dd944874763673cdd","2025-11-26T12:44:13.144000","2025-11-26T12:44:13.144000","6890c7d607b2a1cba40dc72a","false"
"XICARA CHA C/PIRES POMERODE 20 114 004 4","GPS14323-004","outros","6890f4b7060d99856d4d819a","2025-01-01","","","32.2","em_uso","","https://api.qrserver.com/v1/create-qr-code/?size=200x200&data=https%3A%2F%2Ffacilitagestor360.com.br%2Fpatrimony%2FGPS14323-004","https://facilitagestor360.com.br/patrimony/GPS14323-004","14842018000145","rafael.lobato@gpsfacility.com","","","","6926f61dd944874763673cd9","2025-11-26T12:44:13.144000","2025-11-26T12:44:13.144000","6890c7d607b2a1cba40dc72a","false"
"XICARA CHA C/PIRES POMERODE 20 114 004 3","GPS14323-003","outros","6890f4b7060d99856d4d819a","2025-01-01","","","32.2","em_uso","","https://api.qrserver.com/v1/create-qr-code/?size=200x200&data=https%3A%2F%2Ffacilitagestor360.com.br%2Fpatrimony%2FGPS14323-003","https://facilitagestor360.com.br/patrimony/GPS14323-003","14842018000145","rafael.lobato@gpsfacility.com","","","","6926f61dd944874763673cd8","2025-11-26T12:44:13.144000","2025-11-26T12:44:13.144000","6890c7d607b2a1cba40dc72a","false"
"XICARA CHA C/PIRES POMERODE 20 114 004 10","GPS14323-010","outros","6890f4b7060d99856d4d819a","2025-01-01","","","32.2","em_uso","","https://api.qrserver.com/v1/create-qr-code/?size=200x200&data=https%3A%2F%2Ffacilitagestor360.com.br%2Fpatrimony%2FGPS14323-010","https://facilitagestor360.com.br/patrimony/GPS14323-010","14842018000145","rafael.lobato@gpsfacility.com","","","","6926f61dd944874763673cdf","2025-11-26T12:44:13.144000","2025-11-26T12:44:13.144000","6890c7d607b2a1cba40dc72a","false"
"XICARA CHA C/PIRES POMERODE 20 114 004 9","GPS14323-009","outros","6890f4b7060d99856d4d819a","2025-01-01","","","32.2","em_uso","","https://api.qrserver.com/v1/create-qr-code/?size=200x200&data=https%3A%2F%2Ffacilitagestor360.com.br%2Fpatrimony%2FGPS14323-009","https://facilitagestor360.com.br/patrimony/GPS14323-009","14842018000145","rafael.lobato@gpsfacility.com","","","","6926f61dd944874763673cde","2025-11-26T12:44:13.144000","2025-11-26T12:44:13.144000","6890c7d607b2a1cba40dc72a","false"
"XICARA CAFE C/PIRES POMERODE 008 114 004 8","GPS14322-008","outros","6890f4b7060d99856d4d819a","2025-01-01","","","22.3","em_uso","","https://api.qrserver.com/v1/create-qr-code/?size=200x200&data=https%3A%2F%2Ffacilitagestor360.com.br%2Fpatrimony%2FGPS14322-008","https://facilitagestor360.com.br/patrimony/GPS14322-008","14842018000145","rafael.lobato@gpsfacility.com","","","","6926f5fafc317886b05a6cf7","2025-11-26T12:43:38.894000","2025-11-26T12:43:38.894000","6890c7d607b2a1cba40dc72a","false"
"XICARA CAFE C/PIRES POMERODE 008 114 004 10","GPS14322-010","outros","6890f4b7060d99856d4d819a","2025-01-01","","","22.3","em_uso","","https://api.qrserver.com/v1/create-qr-code/?size=200x200&data=https%3A%2F%2Ffacilitagestor360.com.br%2Fpatrimony%2FGPS14322-010","https://facilitagestor360.com.br/patrimony/GPS14322-010","14842018000145","rafael.lobato@gpsfacility.com","","","","6926f5fafc317886b05a6cf9","2025-11-26T12:43:38.894000","2025-11-26T12:43:38.894000","6890c7d607b2a1cba40dc72a","false"
"XICARA CAFE C/PIRES POMERODE 008 114 004 9","GPS14322-009","outros","6890f4b7060d99856d4d819a","2025-01-01","","","22.3","em_uso","","https://api.qrserver.com/v1/create-qr-code/?size=200x200&data=https%3A%2F%2Ffacilitagestor360.com.br%2Fpatrimony%2FGPS14322-009","https://facilitagestor360.com.br/patrimony/GPS14322-009","14842018000145","rafael.lobato@gpsfacility.com","","","","6926f5fafc317886b05a6cf8","2025-11-26T12:43:38.894000","2025-11-26T12:43:38.894000","6890c7d607b2a1cba40dc72a","false"
"XICARA CAFE C/PIRES POMERODE 008 114 004 7","GPS14322-007","outros","6890f4b7060d99856d4d819a","2025-01-01","","","22.3","em_uso","","https://api.qrserver.com/v1/create-qr-code/?size=200x200&data=https%3A%2F%2Ffacilitagestor360.com.br%2Fpatrimony%2FGPS14322-007","https://facilitagestor360.com.br/patrimony/GPS14322-007","14842018000145","rafael.lobato@gpsfacility.com","","","","6926f5fafc317886b05a6cf6","2025-11-26T12:43:38.894000","2025-11-26T12:43:38.894000","6890c7d607b2a1cba40dc72a","false"
"XICARA CAFE C/PIRES POMERODE 008 114 004 1","GPS14322-001","outros","6890f4b7060d99856d4d819a","2025-01-01","","","22.3","em_uso","","https://api.qrserver.com/v1/create-qr-code/?size=200x200&data=https%3A%2F%2Ffacilitagestor360.com.br%2Fpatrimony%2FGPS14322-001","https://facilitagestor360.com.br/patrimony/GPS14322-001","14842018000145","rafael.lobato@gpsfacility.com","","","","6926f5fafc317886b05a6cf0","2025-11-26T12:43:38.894000","2025-11-26T12:43:38.894000","6890c7d607b2a1cba40dc72a","false"
"XICARA CAFE C/PIRES POMERODE 008 114 004 5","GPS14322-005","outros","6890f4b7060d99856d4d819a","2025-01-01","","","22.3","em_uso","","https://api.qrserver.com/v1/create-qr-code/?size=200x200&data=https%3A%2F%2Ffacilitagestor360.com.br%2Fpatrimony%2FGPS14322-005","https://facilitagestor360.com.br/patrimony/GPS14322-005","14842018000145","rafael.lobato@gpsfacility.com","","","","6926f5fafc317886b05a6cf4","2025-11-26T12:43:38.894000","2025-11-26T12:43:38.894000","6890c7d607b2a1cba40dc72a","false"
"XICARA CAFE C/PIRES POMERODE 008 114 004 4","GPS14322-004","outros","6890f4b7060d99856d4d819a","2025-01-01","","","22.3","em_uso","","https://api.qrserver.com/v1/create-qr-code/?size=200x200&data=https%3A%2F%2Ffacilitagestor360.com.br%2Fpatrimony%2FGPS14322-004","https://facilitagestor360.com.br/patrimony/GPS14322-004","14842018000145","rafael.lobato@gpsfacility.com","","","","6926f5fafc317886b05a6cf3","2025-11-26T12:43:38.894000","2025-11-26T12:43:38.894000","6890c7d607b2a1cba40dc72a","false"
"XICARA CAFE C/PIRES POMERODE 008 114 004 6","GPS14322-006","outros","6890f4b7060d99856d4d819a","2025-01-01","","","22.3","em_uso","","https://api.qrserver.com/v1/create-qr-code/?size=200x200&data=https%3A%2F%2Ffacilitagestor360.com.br%2Fpatrimony%2FGPS14322-006","https://facilitagestor360.com.br/patrimony/GPS14322-006","14842018000145","rafael.lobato@gpsfacility.com","","","","6926f5fafc317886b05a6cf5","2025-11-26T12:43:38.894000","2025-11-26T12:43:38.894000","6890c7d607b2a1cba40dc72a","false"
"XICARA CAFE C/PIRES POMERODE 008 114 004 2","GPS14322-002","outros","6890f4b7060d99856d4d819a","2025-01-01","","","22.3","em_uso","","https://api.qrserver.com/v1/create-qr-code/?size=200x200&data=https%3A%2F%2Ffacilitagestor360.com.br%2Fpatrimony%2FGPS14322-002","https://facilitagestor360.com.br/patrimony/GPS14322-002","14842018000145","rafael.lobato@gpsfacility.com","","","","6926f5fafc317886b05a6cf1","2025-11-26T12:43:38.894000","2025-11-26T12:43:38.894000","6890c7d607b2a1cba40dc72a","false"
"XICARA CAFE C/PIRES POMERODE 008 114 004 3","GPS14322-003","outros","6890f4b7060d99856d4d819a","2025-01-01","","","22.3","em_uso","","https://api.qrserver.com/v1/create-qr-code/?size=200x200&data=https%3A%2F%2Ffacilitagestor360.com.br%2Fpatrimony%2FGPS14322-003","https://facilitagestor360.com.br/patrimony/GPS14322-003","14842018000145","rafael.lobato@gpsfacility.com","","","","6926f5fafc317886b05a6cf2","2025-11-26T12:43:38.894000","2025-11-26T12:43:38.894000","6890c7d607b2a1cba40dc72a","false"
"PORTA DETERGENTE PLAST VRM OR45730 ORDEN 1","GPS14321-001","outros","6890f4b7060d99856d4d819a","2025-01-01","","","24.3","em_uso","","https://api.qrserver.com/v1/create-qr-code/?size=200x200&data=https%3A%2F%2Ffacilitagestor360.com.br%2Fpatrimony%2FGPS14321-001","https://facilitagestor360.com.br/patrimony/GPS14321-001","14842018000145","rafael.lobato@gpsfacility.com","","","","6926f5cbf7095429a0a50197","2025-11-26T12:42:51.283000","2025-11-26T12:42:51.283000","6890c7d607b2a1cba40dc72a","false"
"PORTA DETERGENTE PLAST VRM OR45730 ORDEN 2","GPS14321-002","outros","6890f4b7060d99856d4d819a","2025-01-01","","","24.3","em_uso","","https://api.qrserver.com/v1/create-qr-code/?size=200x200&data=https%3A%2F%2Ffacilitagestor360.com.br%2Fpatrimony%2FGPS14321-002","https://facilitagestor360.com.br/patrimony/GPS14321-002","14842018000145","rafael.lobato@gpsfacility.com","","","","6926f5cbf7095429a0a50198","2025-11-26T12:42:51.283000","2025-11-26T12:42:51.283000","6890c7d607b2a1cba40dc72a","false"
"PORTA COPO INOX LISO UNITARIO PROMATE 15","GPS14320-015","outros","6890f4b7060d99856d4d819a","2025-01-01","","","5.6","em_uso","","https://api.qrserver.com/v1/create-qr-code/?size=200x200&data=https%3A%2F%2Ffacilitagestor360.com.br%2Fpatrimony%2FGPS14320-015","https://facilitagestor360.com.br/patrimony/GPS14320-015","14842018000145","rafael.lobato@gpsfacility.com","","","","6926f5ab06a639fc0122f808","2025-11-26T12:42:19.124000","2025-11-26T12:42:19.124000","6890c7d607b2a1cba40dc72a","false"
"PORTA COPO INOX LISO UNITARIO PROMATE 13","GPS14320-013","outros","6890f4b7060d99856d4d819a","2025-01-01","","","5.6","em_uso","","https://api.qrserver.com/v1/create-qr-code/?size=200x200&data=https%3A%2F%2Ffacilitagestor360.com.br%2Fpatrimony%2FGPS14320-013","https://facilitagestor360.com.br/patrimony/GPS14320-013","14842018000145","rafael.lobato@gpsfacility.com","","","","6926f5ab06a639fc0122f806","2025-11-26T12:42:19.124000","2025-11-26T12:42:19.124000","6890c7d607b2a1cba40dc72a","false"
"PORTA COPO INOX LISO UNITARIO PROMATE 16","GPS14320-016","outros","6890f4b7060d99856d4d819a","2025-01-01","","","5.6","em_uso","","https://api.qrserver.com/v1/create-qr-code/?size=200x200&data=https%3A%2F%2Ffacilitagestor360.com.br%2Fpatrimony%2FGPS14320-016","https://facilitagestor360.com.br/patrimony/GPS14320-016","14842018000145","rafael.lobato@gpsfacility.com","","","","6926f5ab06a639fc0122f809","2025-11-26T12:42:19.124000","2025-11-26T12:42:19.124000","6890c7d607b2a1cba40dc72a","false"
"PORTA COPO INOX LISO UNITARIO PROMATE 9","GPS14320-009","outros","6890f4b7060d99856d4d819a","2025-01-01","","","5.6","em_uso","","https://api.qrserver.com/v1/create-qr-code/?size=200x200&data=https%3A%2F%2Ffacilitagestor360.com.br%2Fpatrimony%2FGPS14320-009","https://facilitagestor360.com.br/patrimony/GPS14320-009","14842018000145","rafael.lobato@gpsfacility.com","","","","6926f5ab06a639fc0122f802","2025-11-26T12:42:19.124000","2025-11-26T12:42:19.124000","6890c7d607b2a1cba40dc72a","false"
"PORTA COPO INOX LISO UNITARIO PROMATE 7","GPS14320-007","outros","6890f4b7060d99856d4d819a","2025-01-01","","","5.6","em_uso","","https://api.qrserver.com/v1/create-qr-code/?size=200x200&data=https%3A%2F%2Ffacilitagestor360.com.br%2Fpatrimony%2FGPS14320-007","https://facilitagestor360.com.br/patrimony/GPS14320-007","14842018000145","rafael.lobato@gpsfacility.com","","","","6926f5ab06a639fc0122f800","2025-11-26T12:42:19.124000","2025-11-26T12:42:19.124000","6890c7d607b2a1cba40dc72a","false"
"PORTA COPO INOX LISO UNITARIO PROMATE 19","GPS14320-019","outros","6890f4b7060d99856d4d819a","2025-01-01","","","5.6","em_uso","","https://api.qrserver.com/v1/create-qr-code/?size=200x200&data=https%3A%2F%2Ffacilitagestor360.com.br%2Fpatrimony%2FGPS14320-019","https://facilitagestor360.com.br/patrimony/GPS14320-019","14842018000145","rafael.lobato@gpsfacility.com","","","","6926f5ab06a639fc0122f80c","2025-11-26T12:42:19.124000","2025-11-26T12:42:19.124000","6890c7d607b2a1cba40dc72a","false"
"PORTA COPO INOX LISO UNITARIO PROMATE 20","GPS14320-020","outros","6890f4b7060d99856d4d819a","2025-01-01","","","5.6","em_uso","","https://api.qrserver.com/v1/create-qr-code/?size=200x200&data=https%3A%2F%2Ffacilitagestor360.com.br%2Fpatrimony%2FGPS14320-020","https://facilitagestor360.com.br/patrimony/GPS14320-020","14842018000145","rafael.lobato@gpsfacility.com","","","","6926f5ab06a639fc0122f80d","2025-11-26T12:42:19.124000","2025-11-26T12:42:19.124000","6890c7d607b2a1cba40dc72a","false"
"PORTA COPO INOX LISO UNITARIO PROMATE 10","GPS14320-010","outros","6890f4b7060d99856d4d819a","2025-01-01","","","5.6","em_uso","","https://api.qrserver.com/v1/create-qr-code/?size=200x200&data=https%3A%2F%2Ffacilitagestor360.com.br%2Fpatrimony%2FGPS14320-010","https://facilitagestor360.com.br/patrimony/GPS14320-010","14842018000145","rafael.lobato@gpsfacility.com","","","","6926f5ab06a639fc0122f803","2025-11-26T12:42:19.124000","2025-11-26T12:42:19.124000","6890c7d607b2a1cba40dc72a","false"
"PORTA COPO INOX LISO UNITARIO PROMATE 17","GPS14320-017","outros","6890f4b7060d99856d4d819a","2025-01-01","","","5.6","em_uso","","https://api.qrserver.com/v1/create-qr-code/?size=200x200&data=https%3A%2F%2Ffacilitagestor360.com.br%2Fpatrimony%2FGPS14320-017","https://facilitagestor360.com.br/patrimony/GPS14320-017","14842018000145","rafael.lobato@gpsfacility.com","","","","6926f5ab06a639fc0122f80a","2025-11-26T12:42:19.124000","2025-11-26T12:42:19.124000","6890c7d607b2a1cba40dc72a","false"
"PORTA COPO INOX LISO UNITARIO PROMATE 6","GPS14320-006","outros","6890f4b7060d99856d4d819a","2025-01-01","","","5.6","em_uso","","https://api.qrserver.com/v1/create-qr-code/?size=200x200&data=https%3A%2F%2Ffacilitagestor360.com.br%2Fpatrimony%2FGPS14320-006","https://facilitagestor360.com.br/patrimony/GPS14320-006","14842018000145","rafael.lobato@gpsfacility.com","","","","6926f5ab06a639fc0122f7ff","2025-11-26T12:42:19.124000","2025-11-26T12:42:19.124000","6890c7d607b2a1cba40dc72a","false"
"PORTA COPO INOX LISO UNITARIO PROMATE 1","GPS14320-001","outros","6890f4b7060d99856d4d819a","2025-01-01","","","5.6","em_uso","","https://api.qrserver.com/v1/create-qr-code/?size=200x200&data=https%3A%2F%2Ffacilitagestor360.com.br%2Fpatrimony%2FGPS14320-001","https://facilitagestor360.com.br/patrimony/GPS14320-001","14842018000145","rafael.lobato@gpsfacility.com","","","","6926f5ab06a639fc0122f7fa","2025-11-26T12:42:19.124000","2025-11-26T12:42:19.124000","6890c7d607b2a1cba40dc72a","false"
"PORTA COPO INOX LISO UNITARIO PROMATE 11","GPS14320-011","outros","6890f4b7060d99856d4d819a","2025-01-01","","2026-01-29","5.6","devolvido","","https://api.qrserver.com/v1/create-qr-code/?size=200x200&data=https%3A%2F%2Ffacilitagestor360.com.br%2Fpatrimony%2FGPS14320-011","https://facilitagestor360.com.br/patrimony/GPS14320-011","14842018000145","rafael.lobato@gpsfacility.com","","","","6926f5ab06a639fc0122f804","2025-11-26T12:42:19.124000","2026-01-29T17:56:30.666000","6890c7d607b2a1cba40dc72a","false"
"PORTA COPO INOX LISO UNITARIO PROMATE 12","GPS14320-012","outros","6890f4b7060d99856d4d819a","2025-01-01","","","5.6","em_uso","","https://api.qrserver.com/v1/create-qr-code/?size=200x200&data=https%3A%2F%2Ffacilitagestor360.com.br%2Fpatrimony%2FGPS14320-012","https://facilitagestor360.com.br/patrimony/GPS14320-012","14842018000145","rafael.lobato@gpsfacility.com","","","","6926f5ab06a639fc0122f805","2025-11-26T12:42:19.124000","2025-11-26T12:42:19.124000","6890c7d607b2a1cba40dc72a","false"
"PORTA COPO INOX LISO UNITARIO PROMATE 2","GPS14320-002","outros","6890f4b7060d99856d4d819a","2025-01-01","","","5.6","em_uso","","https://api.qrserver.com/v1/create-qr-code/?size=200x200&data=https%3A%2F%2Ffacilitagestor360.com.br%2Fpatrimony%2FGPS14320-002","https://facilitagestor360.com.br/patrimony/GPS14320-002","14842018000145","rafael.lobato@gpsfacility.com","","","","6926f5ab06a639fc0122f7fb","2025-11-26T12:42:19.124000","2025-11-26T12:42:19.124000","6890c7d607b2a1cba40dc72a","false"
"PORTA COPO INOX LISO UNITARIO PROMATE 8","GPS14320-008","outros","6890f4b7060d99856d4d819a","2025-01-01","","","5.6","em_uso","","https://api.qrserver.com/v1/create-qr-code/?size=200x200&data=https%3A%2F%2Ffacilitagestor360.com.br%2Fpatrimony%2FGPS14320-008","https://facilitagestor360.com.br/patrimony/GPS14320-008","14842018000145","rafael.lobato@gpsfacility.com","","","","6926f5ab06a639fc0122f801","2025-11-26T12:42:19.124000","2025-11-26T12:42:19.124000","6890c7d607b2a1cba40dc72a","false"
"PORTA COPO INOX LISO UNITARIO PROMATE 3","GPS14320-003","outros","6890f4b7060d99856d4d819a","2025-01-01","","","5.6","em_uso","","https://api.qrserver.com/v1/create-qr-code/?size=200x200&data=https%3A%2F%2Ffacilitagestor360.com.br%2Fpatrimony%2FGPS14320-003","https://facilitagestor360.com.br/patrimony/GPS14320-003","14842018000145","rafael.lobato@gpsfacility.com","","","","6926f5ab06a639fc0122f7fc","2025-11-26T12:42:19.124000","2025-11-26T12:42:19.124000","6890c7d607b2a1cba40dc72a","false"
"PORTA COPO INOX LISO UNITARIO PROMATE 4","GPS14320-004","outros","6890f4b7060d99856d4d819a","2025-01-01","","","5.6","em_uso","","https://api.qrserver.com/v1/create-qr-code/?size=200x200&data=https%3A%2F%2Ffacilitagestor360.com.br%2Fpatrimony%2FGPS14320-004","https://facilitagestor360.com.br/patrimony/GPS14320-004","14842018000145","rafael.lobato@gpsfacility.com","","","","6926f5ab06a639fc0122f7fd","2025-11-26T12:42:19.124000","2025-11-26T12:42:19.124000","6890c7d607b2a1cba40dc72a","false"
"PORTA COPO INOX LISO UNITARIO PROMATE 14","GPS14320-014","outros","6890f4b7060d99856d4d819a","2025-01-01","","","5.6","em_uso","","https://api.qrserver.com/v1/create-qr-code/?size=200x200&data=https%3A%2F%2Ffacilitagestor360.com.br%2Fpatrimony%2FGPS14320-014","https://facilitagestor360.com.br/patrimony/GPS14320-014","14842018000145","rafael.lobato@gpsfacility.com","","","","6926f5ab06a639fc0122f807","2025-11-26T12:42:19.124000","2025-11-26T12:42:19.124000","6890c7d607b2a1cba40dc72a","false"
"PORTA COPO INOX LISO UNITARIO PROMATE 18","GPS14320-018","outros","6890f4b7060d99856d4d819a","2025-01-01","","","5.6","em_uso","","https://api.qrserver.com/v1/create-qr-code/?size=200x200&data=https%3A%2F%2Ffacilitagestor360.com.br%2Fpatrimony%2FGPS14320-018","https://facilitagestor360.com.br/patrimony/GPS14320-018","14842018000145","rafael.lobato@gpsfacility.com","","","","6926f5ab06a639fc0122f80b","2025-11-26T12:42:19.124000","2025-11-26T12:42:19.124000","6890c7d607b2a1cba40dc72a","false"
"PORTA COPO INOX LISO UNITARIO PROMATE 5","GPS14320-005","outros","6890f4b7060d99856d4d819a","2025-01-01","","","5.6","em_uso","","https://api.qrserver.com/v1/create-qr-code/?size=200x200&data=https%3A%2F%2Ffacilitagestor360.com.br%2Fpatrimony%2FGPS14320-005","https://facilitagestor360.com.br/patrimony/GPS14320-005","14842018000145","rafael.lobato@gpsfacility.com","","","","6926f5ab06a639fc0122f7fe","2025-11-26T12:42:19.124000","2025-11-26T12:42:19.124000","6890c7d607b2a1cba40dc72a","false"
"JARRA LUNA 2L VITTRA JL5600 NT MARTIP 3","GPS14319-003","outros","6890f4b7060d99856d4d819a","2025-01-01","","","41","em_uso","","https://api.qrserver.com/v1/create-qr-code/?size=200x200&data=https%3A%2F%2Ffacilitagestor360.com.br%2Fpatrimony%2FGPS14319-003","https://facilitagestor360.com.br/patrimony/GPS14319-003","14842018000145","rafael.lobato@gpsfacility.com","","","","6926f585b1c8c9ed4d0f2268","2025-11-26T12:41:41.193000","2025-11-26T12:41:41.193000","6890c7d607b2a1cba40dc72a","false"
"JARRA LUNA 2L VITTRA JL5600 NT MARTIP 1","GPS14319-001","outros","6890f4b7060d99856d4d819a","2025-01-01","","","41","em_uso","","https://api.qrserver.com/v1/create-qr-code/?size=200x200&data=https%3A%2F%2Ffacilitagestor360.com.br%2Fpatrimony%2FGPS14319-001","https://facilitagestor360.com.br/patrimony/GPS14319-001","14842018000145","rafael.lobato@gpsfacility.com","","","","6926f585b1c8c9ed4d0f2266","2025-11-26T12:41:41.193000","2025-11-26T12:41:41.193000","6890c7d607b2a1cba40dc72a","false"
"JARRA LUNA 2L VITTRA JL5600 NT MARTIP 4","GPS14319-004","outros","6890f4b7060d99856d4d819a","2025-01-01","","","41","em_uso","","https://api.qrserver.com/v1/create-qr-code/?size=200x200&data=https%3A%2F%2Ffacilitagestor360.com.br%2Fpatrimony%2FGPS14319-004","https://facilitagestor360.com.br/patrimony/GPS14319-004","14842018000145","rafael.lobato@gpsfacility.com","","","","6926f585b1c8c9ed4d0f2269","2025-11-26T12:41:41.193000","2025-11-26T12:41:41.193000","6890c7d607b2a1cba40dc72a","false"
"JARRA LUNA 2L VITTRA JL5600 NT MARTIP 5","GPS14319-005","outros","6890f4b7060d99856d4d819a","2025-01-01","","","41","em_uso","","https://api.qrserver.com/v1/create-qr-code/?size=200x200&data=https%3A%2F%2Ffacilitagestor360.com.br%2Fpatrimony%2FGPS14319-005","https://facilitagestor360.com.br/patrimony/GPS14319-005","14842018000145","rafael.lobato@gpsfacility.com","","","","6926f585b1c8c9ed4d0f226a","2025-11-26T12:41:41.193000","2025-11-26T12:41:41.193000","6890c7d607b2a1cba40dc72a","false"
"JARRA LUNA 2L VITTRA JL5600 NT MARTIP 2","GPS14319-002","outros","6890f4b7060d99856d4d819a","2025-01-01","","","41","em_uso","","https://api.qrserver.com/v1/create-qr-code/?size=200x200&data=https%3A%2F%2Ffacilitagestor360.com.br%2Fpatrimony%2FGPS14319-002","https://facilitagestor360.com.br/patrimony/GPS14319-002","14842018000145","rafael.lobato@gpsfacility.com","","","","6926f585b1c8c9ed4d0f2267","2025-11-26T12:41:41.193000","2025-11-26T12:41:41.193000","6890c7d607b2a1cba40dc72a","false"
"JARRA 2L C/TPA 6880 KEHOME 5","GPS14317-005","outros","6890f4b7060d99856d4d819a","2025-01-01","","","90.7","em_uso","","https://api.qrserver.com/v1/create-qr-code/?size=200x200&data=https%3A%2F%2Ffacilitagestor360.com.br%2Fpatrimony%2FGPS14317-005","https://facilitagestor360.com.br/patrimony/GPS14317-005","14842018000145","rafael.lobato@gpsfacility.com","","","","6926f4f4d5c179b22dc27a41","2025-11-26T12:39:16.569000","2025-11-26T12:39:16.569000","6890c7d607b2a1cba40dc72a","false"
"JARRA 2L C/TPA 6880 KEHOME 1","GPS14317-001","outros","6890f4b7060d99856d4d819a","2025-01-01","","","90.7","em_uso","","https://api.qrserver.com/v1/create-qr-code/?size=200x200&data=https%3A%2F%2Ffacilitagestor360.com.br%2Fpatrimony%2FGPS14317-001","https://facilitagestor360.com.br/patrimony/GPS14317-001","14842018000145","rafael.lobato@gpsfacility.com","","","","6926f4f4d5c179b22dc27a3d","2025-11-26T12:39:16.569000","2025-11-26T12:39:16.569000","6890c7d607b2a1cba40dc72a","false"
"JARRA 2L C/TPA 6880 KEHOME 3","GPS14317-003","outros","6890f4b7060d99856d4d819a","2025-01-01","","","90.7","em_uso","","https://api.qrserver.com/v1/create-qr-code/?size=200x200&data=https%3A%2F%2Ffacilitagestor360.com.br%2Fpatrimony%2FGPS14317-003","https://facilitagestor360.com.br/patrimony/GPS14317-003","14842018000145","rafael.lobato@gpsfacility.com","","","","6926f4f4d5c179b22dc27a3f","2025-11-26T12:39:16.569000","2025-11-26T12:39:16.569000","6890c7d607b2a1cba40dc72a","false"
"JARRA 2L C/TPA 6880 KEHOME 7","GPS14317-007","outros","6890f4b7060d99856d4d819a","2025-01-01","","","90.7","em_uso","","https://api.qrserver.com/v1/create-qr-code/?size=200x200&data=https%3A%2F%2Ffacilitagestor360.com.br%2Fpatrimony%2FGPS14317-007","https://facilitagestor360.com.br/patrimony/GPS14317-007","14842018000145","rafael.lobato@gpsfacility.com","","","","6926f4f4d5c179b22dc27a43","2025-11-26T12:39:16.569000","2025-11-26T12:39:16.569000","6890c7d607b2a1cba40dc72a","false"
"JARRA 2L C/TPA 6880 KEHOME 2","GPS14317-002","outros","6890f4b7060d99856d4d819a","2025-01-01","","","90.7","em_uso","","https://api.qrserver.com/v1/create-qr-code/?size=200x200&data=https%3A%2F%2Ffacilitagestor360.com.br%2Fpatrimony%2FGPS14317-002","https://facilitagestor360.com.br/patrimony/GPS14317-002","14842018000145","rafael.lobato@gpsfacility.com","","","","6926f4f4d5c179b22dc27a3e","2025-11-26T12:39:16.569000","2025-11-26T12:39:16.569000","6890c7d607b2a1cba40dc72a","false"
"JARRA 2L C/TPA 6880 KEHOME 8","GPS14317-008","outros","6890f4b7060d99856d4d819a","2025-01-01","","","90.7","em_uso","","https://api.qrserver.com/v1/create-qr-code/?size=200x200&data=https%3A%2F%2Ffacilitagestor360.com.br%2Fpatrimony%2FGPS14317-008","https://facilitagestor360.com.br/patrimony/GPS14317-008","14842018000145","rafael.lobato@gpsfacility.com","","","","6926f4f4d5c179b22dc27a44","2025-11-26T12:39:16.569000","2025-11-26T12:39:16.569000","6890c7d607b2a1cba40dc72a","false"
"JARRA 2L C/TPA 6880 KEHOME 4","GPS14317-004","outros","6890f4b7060d99856d4d819a","2025-01-01","","2026-01-29","90.7","devolvido","","https://api.qrserver.com/v1/create-qr-code/?size=200x200&data=https%3A%2F%2Ffacilitagestor360.com.br%2Fpatrimony%2FGPS14317-004","https://facilitagestor360.com.br/patrimony/GPS14317-004","14842018000145","rafael.lobato@gpsfacility.com","","","","6926f4f4d5c179b22dc27a40","2025-11-26T12:39:16.569000","2026-01-29T17:26:51.640000","6890c7d607b2a1cba40dc72a","false"
"JARRA 2L C/TPA 6880 KEHOME 6","GPS14317-006","outros","6890f4b7060d99856d4d819a","2025-01-01","","","90.7","em_uso","","https://api.qrserver.com/v1/create-qr-code/?size=200x200&data=https%3A%2F%2Ffacilitagestor360.com.br%2Fpatrimony%2FGPS14317-006","https://facilitagestor360.com.br/patrimony/GPS14317-006","14842018000145","rafael.lobato@gpsfacility.com","","","","6926f4f4d5c179b22dc27a42","2025-11-26T12:39:16.569000","2025-11-26T12:39:16.569000","6890c7d607b2a1cba40dc72a","false"
"FUNIL C/PENEIRA INOX 11CM 6239 KEH 4","GPS14316-004","outros","6890f4b7060d99856d4d819a","2025-01-01","","","21.7","em_uso","","https://api.qrserver.com/v1/create-qr-code/?size=200x200&data=https%3A%2F%2Ffacilitagestor360.com.br%2Fpatrimony%2FGPS14316-004","https://facilitagestor360.com.br/patrimony/GPS14316-004","14842018000145","rafael.lobato@gpsfacility.com","","","","6926f4c542439ac22392acf9","2025-11-26T12:38:29.781000","2025-11-26T12:38:29.781000","6890c7d607b2a1cba40dc72a","false"
"FUNIL C/PENEIRA INOX 11CM 6239 KEH 1","GPS14316-001","outros","6890f4b7060d99856d4d819a","2025-01-01","","","21.7","em_uso","","https://api.qrserver.com/v1/create-qr-code/?size=200x200&data=https%3A%2F%2Ffacilitagestor360.com.br%2Fpatrimony%2FGPS14316-001","https://facilitagestor360.com.br/patrimony/GPS14316-001","14842018000145","rafael.lobato@gpsfacility.com","","","","6926f4c542439ac22392acf6","2025-11-26T12:38:29.781000","2025-11-26T12:38:29.781000","6890c7d607b2a1cba40dc72a","false"
"FUNIL C/PENEIRA INOX 11CM 6239 KEH 5","GPS14316-005","outros","6890f4b7060d99856d4d819a","2025-01-01","","","21.7","em_uso","","https://api.qrserver.com/v1/create-qr-code/?size=200x200&data=https%3A%2F%2Ffacilitagestor360.com.br%2Fpatrimony%2FGPS14316-005","https://facilitagestor360.com.br/patrimony/GPS14316-005","14842018000145","rafael.lobato@gpsfacility.com","","","","6926f4c542439ac22392acfa","2025-11-26T12:38:29.781000","2025-11-26T12:38:29.781000","6890c7d607b2a1cba40dc72a","false"
"FUNIL C/PENEIRA INOX 11CM 6239 KEH 6","GPS14316-006","outros","6890f4b7060d99856d4d819a","2025-01-01","","","21.7","em_uso","","https://api.qrserver.com/v1/create-qr-code/?size=200x200&data=https%3A%2F%2Ffacilitagestor360.com.br%2Fpatrimony%2FGPS14316-006","https://facilitagestor360.com.br/patrimony/GPS14316-006","14842018000145","rafael.lobato@gpsfacility.com","","","","6926f4c542439ac22392acfb","2025-11-26T12:38:29.781000","2025-11-26T12:38:29.781000","6890c7d607b2a1cba40dc72a","false"
"FUNIL C/PENEIRA INOX 11CM 6239 KEH 2","GPS14316-002","outros","6890f4b7060d99856d4d819a","2025-01-01","","","21.7","em_uso","","https://api.qrserver.com/v1/create-qr-code/?size=200x200&data=https%3A%2F%2Ffacilitagestor360.com.br%2Fpatrimony%2FGPS14316-002","https://facilitagestor360.com.br/patrimony/GPS14316-002","14842018000145","rafael.lobato@gpsfacility.com","","","","6926f4c542439ac22392acf7","2025-11-26T12:38:29.781000","2025-11-26T12:38:29.781000","6890c7d607b2a1cba40dc72a","false"
"FUNIL C/PENEIRA INOX 11CM 6239 KEH 3","GPS14316-003","outros","6890f4b7060d99856d4d819a","2025-01-01","","","21.7","em_uso","","https://api.qrserver.com/v1/create-qr-code/?size=200x200&data=https%3A%2F%2Ffacilitagestor360.com.br%2Fpatrimony%2FGPS14316-003","https://facilitagestor360.com.br/patrimony/GPS14316-003","14842018000145","rafael.lobato@gpsfacility.com","","","","6926f4c542439ac22392acf8","2025-11-26T12:38:29.781000","2025-11-26T12:38:29.781000","6890c7d607b2a1cba40dc72a","false"
"FORRO AMERIC CROCHE 30X45 BRC 3075 KOMECO 8","GPS14314-008","outros","6890f4b7060d99856d4d819a","2025-01-01","","","7.2","em_uso","","https://api.qrserver.com/v1/create-qr-code/?size=200x200&data=https%3A%2F%2Ffacilitagestor360.com.br%2Fpatrimony%2FGPS14314-008","https://facilitagestor360.com.br/patrimony/GPS14314-008","14842018000145","rafael.lobato@gpsfacility.com","","","","6926f48c6a422d00c3fcfc99","2025-11-26T12:37:32.223000","2025-11-26T12:37:32.223000","6890c7d607b2a1cba40dc72a","false"
"FORRO AMERIC CROCHE 30X45 BRC 3075 KOMECO 9","GPS14314-009","outros","6890f4b7060d99856d4d819a","2025-01-01","","","7.2","em_uso","","https://api.qrserver.com/v1/create-qr-code/?size=200x200&data=https%3A%2F%2Ffacilitagestor360.com.br%2Fpatrimony%2FGPS14314-009","https://facilitagestor360.com.br/patrimony/GPS14314-009","14842018000145","rafael.lobato@gpsfacility.com","","","","6926f48c6a422d00c3fcfc9a","2025-11-26T12:37:32.223000","2025-11-26T12:37:32.223000","6890c7d607b2a1cba40dc72a","false"
"FORRO AMERIC CROCHE 30X45 BRC 3075 KOMECO 5","GPS14314-005","outros","6890f4b7060d99856d4d819a","2025-01-01","","","7.2","em_uso","","https://api.qrserver.com/v1/create-qr-code/?size=200x200&data=https%3A%2F%2Ffacilitagestor360.com.br%2Fpatrimony%2FGPS14314-005","https://facilitagestor360.com.br/patrimony/GPS14314-005","14842018000145","rafael.lobato@gpsfacility.com","","","","6926f48c6a422d00c3fcfc96","2025-11-26T12:37:32.223000","2025-11-26T12:37:32.223000","6890c7d607b2a1cba40dc72a","false"
"FORRO AMERIC CROCHE 30X45 BRC 3075 KOMECO 2","GPS14314-002","outros","6890f4b7060d99856d4d819a","2025-01-01","","","7.2","em_uso","","https://api.qrserver.com/v1/create-qr-code/?size=200x200&data=https%3A%2F%2Ffacilitagestor360.com.br%2Fpatrimony%2FGPS14314-002","https://facilitagestor360.com.br/patrimony/GPS14314-002","14842018000145","rafael.lobato@gpsfacility.com","","","","6926f48c6a422d00c3fcfc93","2025-11-26T12:37:32.223000","2025-11-26T12:37:32.223000","6890c7d607b2a1cba40dc72a","false"
"FORRO AMERIC CROCHE 30X45 BRC 3075 KOMECO 6","GPS14314-006","outros","6890f4b7060d99856d4d819a","2025-01-01","","","7.2","em_uso","","https://api.qrserver.com/v1/create-qr-code/?size=200x200&data=https%3A%2F%2Ffacilitagestor360.com.br%2Fpatrimony%2FGPS14314-006","https://facilitagestor360.com.br/patrimony/GPS14314-006","14842018000145","rafael.lobato@gpsfacility.com","","","","6926f48c6a422d00c3fcfc97","2025-11-26T12:37:32.223000","2025-11-26T12:37:32.223000","6890c7d607b2a1cba40dc72a","false"
"FORRO AMERIC CROCHE 30X45 BRC 3075 KOMECO 10","GPS14314-010","outros","6890f4b7060d99856d4d819a","2025-01-01","","","7.2","em_uso","","https://api.qrserver.com/v1/create-qr-code/?size=200x200&data=https%3A%2F%2Ffacilitagestor360.com.br%2Fpatrimony%2FGPS14314-010","https://facilitagestor360.com.br/patrimony/GPS14314-010","14842018000145","rafael.lobato@gpsfacility.com","","","","6926f48c6a422d00c3fcfc9b","2025-11-26T12:37:32.223000","2025-11-26T12:37:32.223000","6890c7d607b2a1cba40dc72a","false"
"FORRO AMERIC CROCHE 30X45 BRC 3075 KOMECO 1","GPS14314-001","outros","6890f4b7060d99856d4d819a","2025-01-01","","","7.2","em_uso","","https://api.qrserver.com/v1/create-qr-code/?size=200x200&data=https%3A%2F%2Ffacilitagestor360.com.br%2Fpatrimony%2FGPS14314-001","https://facilitagestor360.com.br/patrimony/GPS14314-001","14842018000145","rafael.lobato@gpsfacility.com","","","","6926f48c6a422d00c3fcfc92","2025-11-26T12:37:32.223000","2025-11-26T12:37:32.223000","6890c7d607b2a1cba40dc72a","false"
"FORRO AMERIC CROCHE 30X45 BRC 3075 KOMECO 3","GPS14314-003","outros","6890f4b7060d99856d4d819a","2025-01-01","","","7.2","em_uso","","https://api.qrserver.com/v1/create-qr-code/?size=200x200&data=https%3A%2F%2Ffacilitagestor360.com.br%2Fpatrimony%2FGPS14314-003","https://facilitagestor360.com.br/patrimony/GPS14314-003","14842018000145","rafael.lobato@gpsfacility.com","","","","6926f48c6a422d00c3fcfc94","2025-11-26T12:37:32.223000","2025-11-26T12:37:32.223000","6890c7d607b2a1cba40dc72a","false"
"FORRO AMERIC CROCHE 30X45 BRC 3075 KOMECO 4","GPS14314-004","outros","6890f4b7060d99856d4d819a","2025-01-01","","","7.2","em_uso","","https://api.qrserver.com/v1/create-qr-code/?size=200x200&data=https%3A%2F%2Ffacilitagestor360.com.br%2Fpatrimony%2FGPS14314-004","https://facilitagestor360.com.br/patrimony/GPS14314-004","14842018000145","rafael.lobato@gpsfacility.com","","","","6926f48c6a422d00c3fcfc95","2025-11-26T12:37:32.223000","2025-11-26T12:37:32.223000","6890c7d607b2a1cba40dc72a","false"
"FORRO AMERIC CROCHE 30X45 BRC 3075 KOMECO 7","GPS14314-007","outros","6890f4b7060d99856d4d819a","2025-01-01","","","7.2","em_uso","","https://api.qrserver.com/v1/create-qr-code/?size=200x200&data=https%3A%2F%2Ffacilitagestor360.com.br%2Fpatrimony%2FGPS14314-007","https://facilitagestor360.com.br/patrimony/GPS14314-007","14842018000145","rafael.lobato@gpsfacility.com","","","","6926f48c6a422d00c3fcfc98","2025-11-26T12:37:32.223000","2025-11-26T12:37:32.223000","6890c7d607b2a1cba40dc72a","false"
"DISPENSER SLIM PP VRM UZ399 VRM MOVEIS K1 4","GPS14313-004","mobiliario","6890f4b7060d99856d4d819a","2025-01-01","","","26.45","em_uso","","https://api.qrserver.com/v1/create-qr-code/?size=200x200&data=https%3A%2F%2Ffacilitagestor360.com.br%2Fpatrimony%2FGPS14313-004","https://facilitagestor360.com.br/patrimony/GPS14313-004","14842018000145","rafael.lobato@gpsfacility.com","","","","6926f4525f1012933d88cf6a","2025-11-26T12:36:34.468000","2025-11-26T12:36:34.468000","6890c7d607b2a1cba40dc72a","false"
"DISPENSER SLIM PP VRM UZ399 VRM MOVEIS K1 5","GPS14313-005","mobiliario","6890f4b7060d99856d4d819a","2025-01-01","","","26.45","em_uso","","https://api.qrserver.com/v1/create-qr-code/?size=200x200&data=https%3A%2F%2Ffacilitagestor360.com.br%2Fpatrimony%2FGPS14313-005","https://facilitagestor360.com.br/patrimony/GPS14313-005","14842018000145","rafael.lobato@gpsfacility.com","","","","6926f4525f1012933d88cf6b","2025-11-26T12:36:34.468000","2025-11-26T12:36:34.468000","6890c7d607b2a1cba40dc72a","false"
"DISPENSER SLIM PP VRM UZ399 VRM MOVEIS K1 6","GPS14313-006","mobiliario","6890f4b7060d99856d4d819a","2025-01-01","","","26.45","em_uso","","https://api.qrserver.com/v1/create-qr-code/?size=200x200&data=https%3A%2F%2Ffacilitagestor360.com.br%2Fpatrimony%2FGPS14313-006","https://facilitagestor360.com.br/patrimony/GPS14313-006","14842018000145","rafael.lobato@gpsfacility.com","","","","6926f4525f1012933d88cf6c","2025-11-26T12:36:34.468000","2025-11-26T12:36:34.468000","6890c7d607b2a1cba40dc72a","false"
"DISPENSER SLIM PP VRM UZ399 VRM MOVEIS K1 3","GPS14313-003","mobiliario","6890f4b7060d99856d4d819a","2025-01-01","","","26.45","em_uso","","https://api.qrserver.com/v1/create-qr-code/?size=200x200&data=https%3A%2F%2Ffacilitagestor360.com.br%2Fpatrimony%2FGPS14313-003","https://facilitagestor360.com.br/patrimony/GPS14313-003","14842018000145","rafael.lobato@gpsfacility.com","","","","6926f4525f1012933d88cf69","2025-11-26T12:36:34.468000","2025-11-26T12:36:34.468000","6890c7d607b2a1cba40dc72a","false"
"DISPENSER SLIM PP VRM UZ399 VRM MOVEIS K1 7","GPS14313-007","mobiliario","6890f4b7060d99856d4d819a","2025-01-01","","","26.45","em_uso","","https://api.qrserver.com/v1/create-qr-code/?size=200x200&data=https%3A%2F%2Ffacilitagestor360.com.br%2Fpatrimony%2FGPS14313-007","https://facilitagestor360.com.br/patrimony/GPS14313-007","14842018000145","rafael.lobato@gpsfacility.com","","","","6926f4525f1012933d88cf6d","2025-11-26T12:36:34.468000","2025-11-26T12:36:34.468000","6890c7d607b2a1cba40dc72a","false"
"DISPENSER SLIM PP VRM UZ399 VRM MOVEIS K1 2","GPS14313-002","mobiliario","6890f4b7060d99856d4d819a","2025-01-01","","","26.45","em_uso","","https://api.qrserver.com/v1/create-qr-code/?size=200x200&data=https%3A%2F%2Ffacilitagestor360.com.br%2Fpatrimony%2FGPS14313-002","https://facilitagestor360.com.br/patrimony/GPS14313-002","14842018000145","rafael.lobato@gpsfacility.com","","","","6926f4525f1012933d88cf68","2025-11-26T12:36:34.468000","2025-11-26T12:36:34.468000","6890c7d607b2a1cba40dc72a","false"
"DISPENSER SLIM PP VRM UZ399 VRM MOVEIS K1 1","GPS14313-001","mobiliario","6890f4b7060d99856d4d819a","2025-01-01","","","26.45","em_uso","","https://api.qrserver.com/v1/create-qr-code/?size=200x200&data=https%3A%2F%2Ffacilitagestor360.com.br%2Fpatrimony%2FGPS14313-001","https://facilitagestor360.com.br/patrimony/GPS14313-001","14842018000145","rafael.lobato@gpsfacility.com","","","","6926f4525f1012933d88cf67","2025-11-26T12:36:34.468000","2025-11-26T12:36:34.468000","6890c7d607b2a1cba40dc72a","false"
"DISPENSER SLIM PP VRM UZ399 VRM MOVEIS K1 8","GPS14313-008","mobiliario","6890f4b7060d99856d4d819a","2025-01-01","","","26.45","em_uso","","https://api.qrserver.com/v1/create-qr-code/?size=200x200&data=https%3A%2F%2Ffacilitagestor360.com.br%2Fpatrimony%2FGPS14313-008","https://facilitagestor360.com.br/patrimony/GPS14313-008","14842018000145","rafael.lobato@gpsfacility.com","","","","6926f4525f1012933d88cf6e","2025-11-26T12:36:34.468000","2025-11-26T12:36:34.468000","6890c7d607b2a1cba40dc72a","false"
"DISPENSER SLIM PP BRC UZ399 PRT MOVEIS K1 8","GPS14312-008","ferramenta","6890f4b7060d99856d4d819a","2025-01-01","","","26.45","em_uso","","https://api.qrserver.com/v1/create-qr-code/?size=200x200&data=https%3A%2F%2Ffacilitagestor360.com.br%2Fpatrimony%2FGPS14312-008","https://facilitagestor360.com.br/patrimony/GPS14312-008","14842018000145","rafael.lobato@gpsfacility.com","","","","6926f4239a0f5936d32f33be","2025-11-26T12:35:47.721000","2025-11-26T12:35:47.721000","6890c7d607b2a1cba40dc72a","false"
"DISPENSER SLIM PP BRC UZ399 PRT MOVEIS K1 6","GPS14312-006","ferramenta","6890f4b7060d99856d4d819a","2025-01-01","","","26.45","em_uso","","https://api.qrserver.com/v1/create-qr-code/?size=200x200&data=https%3A%2F%2Ffacilitagestor360.com.br%2Fpatrimony%2FGPS14312-006","https://facilitagestor360.com.br/patrimony/GPS14312-006","14842018000145","rafael.lobato@gpsfacility.com","","","","6926f4239a0f5936d32f33bc","2025-11-26T12:35:47.721000","2025-11-26T12:35:47.721000","6890c7d607b2a1cba40dc72a","false"
"DISPENSER SLIM PP BRC UZ399 PRT MOVEIS K1 5","GPS14312-005","ferramenta","6890f4b7060d99856d4d819a","2025-01-01","","","26.45","em_uso","","https://api.qrserver.com/v1/create-qr-code/?size=200x200&data=https%3A%2F%2Ffacilitagestor360.com.br%2Fpatrimony%2FGPS14312-005","https://facilitagestor360.com.br/patrimony/GPS14312-005","14842018000145","rafael.lobato@gpsfacility.com","","","","6926f4239a0f5936d32f33bb","2025-11-26T12:35:47.721000","2025-11-26T12:35:47.721000","6890c7d607b2a1cba40dc72a","false"
"DISPENSER SLIM PP BRC UZ399 PRT MOVEIS K1 7","GPS14312-007","ferramenta","6890f4b7060d99856d4d819a","2025-01-01","","","26.45","em_uso","","https://api.qrserver.com/v1/create-qr-code/?size=200x200&data=https%3A%2F%2Ffacilitagestor360.com.br%2Fpatrimony%2FGPS14312-007","https://facilitagestor360.com.br/patrimony/GPS14312-007","14842018000145","rafael.lobato@gpsfacility.com","","","","6926f4239a0f5936d32f33bd","2025-11-26T12:35:47.721000","2025-11-26T12:35:47.721000","6890c7d607b2a1cba40dc72a","false"
"DISPENSER SLIM PP BRC UZ399 PRT MOVEIS K1 1","GPS14312-001","ferramenta","6890f4b7060d99856d4d819a","2025-01-01","","","26.45","em_uso","","https://api.qrserver.com/v1/create-qr-code/?size=200x200&data=https%3A%2F%2Ffacilitagestor360.com.br%2Fpatrimony%2FGPS14312-001","https://facilitagestor360.com.br/patrimony/GPS14312-001","14842018000145","rafael.lobato@gpsfacility.com","","","","6926f4239a0f5936d32f33b7","2025-11-26T12:35:47.720000","2025-11-26T12:35:47.720000","6890c7d607b2a1cba40dc72a","false"
"DISPENSER SLIM PP BRC UZ399 PRT MOVEIS K1 3","GPS14312-003","ferramenta","6890f4b7060d99856d4d819a","2025-01-01","","","26.45","em_uso","","https://api.qrserver.com/v1/create-qr-code/?size=200x200&data=https%3A%2F%2Ffacilitagestor360.com.br%2Fpatrimony%2FGPS14312-003","https://facilitagestor360.com.br/patrimony/GPS14312-003","14842018000145","rafael.lobato@gpsfacility.com","","","","6926f4239a0f5936d32f33b9","2025-11-26T12:35:47.720000","2025-11-26T12:35:47.720000","6890c7d607b2a1cba40dc72a","false"
"DISPENSER SLIM PP BRC UZ399 PRT MOVEIS K1 4","GPS14312-004","ferramenta","6890f4b7060d99856d4d819a","2025-01-01","","","26.45","em_uso","","https://api.qrserver.com/v1/create-qr-code/?size=200x200&data=https%3A%2F%2Ffacilitagestor360.com.br%2Fpatrimony%2FGPS14312-004","https://facilitagestor360.com.br/patrimony/GPS14312-004","14842018000145","rafael.lobato@gpsfacility.com","","","","6926f4239a0f5936d32f33ba","2025-11-26T12:35:47.720000","2025-11-26T12:35:47.720000","6890c7d607b2a1cba40dc72a","false"
"DISPENSER SLIM PP BRC UZ399 PRT MOVEIS K1 2","GPS14312-002","ferramenta","6890f4b7060d99856d4d819a","2025-01-01","","","26.45","em_uso","","https://api.qrserver.com/v1/create-qr-code/?size=200x200&data=https%3A%2F%2Ffacilitagestor360.com.br%2Fpatrimony%2FGPS14312-002","https://facilitagestor360.com.br/patrimony/GPS14312-002","14842018000145","rafael.lobato@gpsfacility.com","","","","6926f4239a0f5936d32f33b8","2025-11-26T12:35:47.720000","2025-11-26T12:35:47.720000","6890c7d607b2a1cba40dc72a","false"
"COPO REFRESCO OCA 400ML 1","GPS14310-001","mobiliario","","2025-01-01","","","8.9","em_uso","","https://api.qrserver.com/v1/create-qr-code/?size=200x200&data=https%3A%2F%2Ffacilitagestor360.com.br%2Fpatrimony%2FGPS14310-001","https://facilitagestor360.com.br/patrimony/GPS14310-001","14842018000145","rafael.lobato@gpsfacility.com","","","","6926f3e903f92f9c92dfc198","2025-11-26T12:34:49.932000","2025-11-26T12:34:49.932000","6890c7d607b2a1cba40dc72a","false"
"COPO REFRESCO OCA 400ML 4","GPS14310-004","mobiliario","","2025-01-01","","","8.9","em_uso","","https://api.qrserver.com/v1/create-qr-code/?size=200x200&data=https%3A%2F%2Ffacilitagestor360.com.br%2Fpatrimony%2FGPS14310-004","https://facilitagestor360.com.br/patrimony/GPS14310-004","14842018000145","rafael.lobato@gpsfacility.com","","","","6926f3e903f92f9c92dfc19b","2025-11-26T12:34:49.932000","2025-11-26T12:34:49.932000","6890c7d607b2a1cba40dc72a","false"
"COPO REFRESCO OCA 400ML 6","GPS14310-006","mobiliario","","2025-01-01","","","8.9","em_uso","","https://api.qrserver.com/v1/create-qr-code/?size=200x200&data=https%3A%2F%2Ffacilitagestor360.com.br%2Fpatrimony%2FGPS14310-006","https://facilitagestor360.com.br/patrimony/GPS14310-006","14842018000145","rafael.lobato@gpsfacility.com","","","","6926f3e903f92f9c92dfc19d","2025-11-26T12:34:49.932000","2025-11-26T12:34:49.932000","6890c7d607b2a1cba40dc72a","false"
"COPO REFRESCO OCA 400ML 7","GPS14310-007","mobiliario","","2025-01-01","","","8.9","em_uso","","https://api.qrserver.com/v1/create-qr-code/?size=200x200&data=https%3A%2F%2Ffacilitagestor360.com.br%2Fpatrimony%2FGPS14310-007","https://facilitagestor360.com.br/patrimony/GPS14310-007","14842018000145","rafael.lobato@gpsfacility.com","","","","6926f3e903f92f9c92dfc19e","2025-11-26T12:34:49.932000","2025-11-26T12:34:49.932000","6890c7d607b2a1cba40dc72a","false"
"COPO REFRESCO OCA 400ML 3","GPS14310-003","mobiliario","","2025-01-01","","","8.9","em_uso","","https://api.qrserver.com/v1/create-qr-code/?size=200x200&data=https%3A%2F%2Ffacilitagestor360.com.br%2Fpatrimony%2FGPS14310-003","https://facilitagestor360.com.br/patrimony/GPS14310-003","14842018000145","rafael.lobato@gpsfacility.com","","","","6926f3e903f92f9c92dfc19a","2025-11-26T12:34:49.932000","2025-11-26T12:34:49.932000","6890c7d607b2a1cba40dc72a","false"
"COPO REFRESCO OCA 400ML 5","GPS14310-005","mobiliario","","2025-01-01","","","8.9","em_uso","","https://api.qrserver.com/v1/create-qr-code/?size=200x200&data=https%3A%2F%2Ffacilitagestor360.com.br%2Fpatrimony%2FGPS14310-005","https://facilitagestor360.com.br/patrimony/GPS14310-005","14842018000145","rafael.lobato@gpsfacility.com","","","","6926f3e903f92f9c92dfc19c","2025-11-26T12:34:49.932000","2025-11-26T12:34:49.932000","6890c7d607b2a1cba40dc72a","false"
"COPO REFRESCO OCA 400ML 8","GPS14310-008","mobiliario","","2025-01-01","","","8.9","em_uso","","https://api.qrserver.com/v1/create-qr-code/?size=200x200&data=https%3A%2F%2Ffacilitagestor360.com.br%2Fpatrimony%2FGPS14310-008","https://facilitagestor360.com.br/patrimony/GPS14310-008","14842018000145","rafael.lobato@gpsfacility.com","","","","6926f3e903f92f9c92dfc19f","2025-11-26T12:34:49.932000","2025-11-26T12:34:49.932000","6890c7d607b2a1cba40dc72a","false"
"COPO REFRESCO OCA 400ML 10","GPS14310-010","mobiliario","","2025-01-01","","","8.9","em_uso","","https://api.qrserver.com/v1/create-qr-code/?size=200x200&data=https%3A%2F%2Ffacilitagestor360.com.br%2Fpatrimony%2FGPS14310-010","https://facilitagestor360.com.br/patrimony/GPS14310-010","14842018000145","rafael.lobato@gpsfacility.com","","","","6926f3e903f92f9c92dfc1a1","2025-11-26T12:34:49.932000","2025-11-26T12:34:49.932000","6890c7d607b2a1cba40dc72a","false"
"COPO REFRESCO OCA 400ML 2","GPS14310-002","mobiliario","","2025-01-01","","","8.9","em_uso","","https://api.qrserver.com/v1/create-qr-code/?size=200x200&data=https%3A%2F%2Ffacilitagestor360.com.br%2Fpatrimony%2FGPS14310-002","https://facilitagestor360.com.br/patrimony/GPS14310-002","14842018000145","rafael.lobato@gpsfacility.com","","","","6926f3e903f92f9c92dfc199","2025-11-26T12:34:49.932000","2025-11-26T12:34:49.932000","6890c7d607b2a1cba40dc72a","false"
"COPO REFRESCO OCA 400ML 9","GPS14310-009","mobiliario","","2025-01-01","","","8.9","em_uso","","https://api.qrserver.com/v1/create-qr-code/?size=200x200&data=https%3A%2F%2Ffacilitagestor360.com.br%2Fpatrimony%2FGPS14310-009","https://facilitagestor360.com.br/patrimony/GPS14310-009","14842018000145","rafael.lobato@gpsfacility.com","","","","6926f3e903f92f9c92dfc1a0","2025-11-26T12:34:49.932000","2025-11-26T12:34:49.932000","6890c7d607b2a1cba40dc72a","false"
"DETERGENTE PLAST FM OR4572 2","GPS14309-002","mobiliario","6890f4b7060d99856d4d819a","2025-01-01","","","24.3","em_uso","","https://api.qrserver.com/v1/create-qr-code/?size=200x200&data=https%3A%2F%2Ffacilitagestor360.com.br%2Fpatrimony%2FGPS14309-002","https://facilitagestor360.com.br/patrimony/GPS14309-002","14842018000145","rafael.lobato@gpsfacility.com","","","","6926f395b322f23b2e52ba73","2025-11-26T12:33:25.671000","2025-11-26T12:33:25.671000","6890c7d607b2a1cba40dc72a","false"
"DETERGENTE PLAST FM OR4572 1","GPS14309-001","mobiliario","6890f4b7060d99856d4d819a","2025-01-01","","","24.3","em_uso","","https://api.qrserver.com/v1/create-qr-code/?size=200x200&data=https%3A%2F%2Ffacilitagestor360.com.br%2Fpatrimony%2FGPS14309-001","https://facilitagestor360.com.br/patrimony/GPS14309-001","14842018000145","rafael.lobato@gpsfacility.com","","","","6926f395b322f23b2e52ba72","2025-11-26T12:33:25.671000","2025-11-26T12:33:25.671000","6890c7d607b2a1cba40dc72a","false"
"DETERGENTE PLAST FM OR4572 3","GPS14309-003","mobiliario","6890f4b7060d99856d4d819a","2025-01-01","","","24.3","em_uso","","https://api.qrserver.com/v1/create-qr-code/?size=200x200&data=https%3A%2F%2Ffacilitagestor360.com.br%2Fpatrimony%2FGPS14309-003","https://facilitagestor360.com.br/patrimony/GPS14309-003","14842018000145","rafael.lobato@gpsfacility.com","","","","6926f395b322f23b2e52ba74","2025-11-26T12:33:25.671000","2025-11-26T12:33:25.671000","6890c7d607b2a1cba40dc72a","false"
"DETERGENTE PLAST FM OR4572 4","GPS14309-004","mobiliario","6890f4b7060d99856d4d819a","2025-01-01","","","24.3","em_uso","","https://api.qrserver.com/v1/create-qr-code/?size=200x200&data=https%3A%2F%2Ffacilitagestor360.com.br%2Fpatrimony%2FGPS14309-004","https://facilitagestor360.com.br/patrimony/GPS14309-004","14842018000145","rafael.lobato@gpsfacility.com","","","","6926f395b322f23b2e52ba75","2025-11-26T12:33:25.671000","2025-11-26T12:33:25.671000","6890c7d607b2a1cba40dc72a","false"
"COLHER ARROZ 31X7CM 8923 KEHO 8","GPS14308-008","mobiliario","6890f4b7060d99856d4d819a","2025-01-01","","","12.1","em_uso","","https://api.qrserver.com/v1/create-qr-code/?size=200x200&data=https%3A%2F%2Ffacilitagestor360.com.br%2Fpatrimony%2FGPS14308-008","https://facilitagestor360.com.br/patrimony/GPS14308-008","14842018000145","rafael.lobato@gpsfacility.com","","","","6926f34bbde99a7f68b70e5b","2025-11-26T12:32:11.932000","2025-11-26T12:32:11.932000","6890c7d607b2a1cba40dc72a","false"
"COLHER ARROZ 31X7CM 8923 KEHO 6","GPS14308-006","mobiliario","6890f4b7060d99856d4d819a","2025-01-01","","","12.1","em_uso","","https://api.qrserver.com/v1/create-qr-code/?size=200x200&data=https%3A%2F%2Ffacilitagestor360.com.br%2Fpatrimony%2FGPS14308-006","https://facilitagestor360.com.br/patrimony/GPS14308-006","14842018000145","rafael.lobato@gpsfacility.com","","","","6926f34bbde99a7f68b70e59","2025-11-26T12:32:11.931000","2025-11-26T12:32:11.931000","6890c7d607b2a1cba40dc72a","false"
"COLHER ARROZ 31X7CM 8923 KEHO 5","GPS14308-005","mobiliario","6890f4b7060d99856d4d819a","2025-01-01","","","12.1","em_uso","","https://api.qrserver.com/v1/create-qr-code/?size=200x200&data=https%3A%2F%2Ffacilitagestor360.com.br%2Fpatrimony%2FGPS14308-005","https://facilitagestor360.com.br/patrimony/GPS14308-005","14842018000145","rafael.lobato@gpsfacility.com","","","","6926f34bbde99a7f68b70e58","2025-11-26T12:32:11.931000","2025-11-26T12:32:11.931000","6890c7d607b2a1cba40dc72a","false"
"COLHER ARROZ 31X7CM 8923 KEHO 1","GPS14308-001","mobiliario","6890f4b7060d99856d4d819a","2025-01-01","","","12.1","em_uso","","https://api.qrserver.com/v1/create-qr-code/?size=200x200&data=https%3A%2F%2Ffacilitagestor360.com.br%2Fpatrimony%2FGPS14308-001","https://facilitagestor360.com.br/patrimony/GPS14308-001","14842018000145","rafael.lobato@gpsfacility.com","","","","6926f34bbde99a7f68b70e54","2025-11-26T12:32:11.931000","2025-11-26T12:32:11.931000","6890c7d607b2a1cba40dc72a","false"
"COLHER ARROZ 31X7CM 8923 KEHO 4","GPS14308-004","mobiliario","6890f4b7060d99856d4d819a","2025-01-01","","","12.1","em_uso","","https://api.qrserver.com/v1/create-qr-code/?size=200x200&data=https%3A%2F%2Ffacilitagestor360.com.br%2Fpatrimony%2FGPS14308-004","https://facilitagestor360.com.br/patrimony/GPS14308-004","14842018000145","rafael.lobato@gpsfacility.com","","","","6926f34bbde99a7f68b70e57","2025-11-26T12:32:11.931000","2025-11-26T12:32:11.931000","6890c7d607b2a1cba40dc72a","false"
"COLHER ARROZ 31X7CM 8923 KEHO 2","GPS14308-002","mobiliario","6890f4b7060d99856d4d819a","2025-01-01","","","12.1","em_uso","","https://api.qrserver.com/v1/create-qr-code/?size=200x200&data=https%3A%2F%2Ffacilitagestor360.com.br%2Fpatrimony%2FGPS14308-002","https://facilitagestor360.com.br/patrimony/GPS14308-002","14842018000145","rafael.lobato@gpsfacility.com","","","","6926f34bbde99a7f68b70e55","2025-11-26T12:32:11.931000","2025-11-26T12:32:11.931000","6890c7d607b2a1cba40dc72a","false"
"COLHER ARROZ 31X7CM 8923 KEHO 3","GPS14308-003","mobiliario","6890f4b7060d99856d4d819a","2025-01-01","","","12.1","em_uso","","https://api.qrserver.com/v1/create-qr-code/?size=200x200&data=https%3A%2F%2Ffacilitagestor360.com.br%2Fpatrimony%2FGPS14308-003","https://facilitagestor360.com.br/patrimony/GPS14308-003","14842018000145","rafael.lobato@gpsfacility.com","","","","6926f34bbde99a7f68b70e56","2025-11-26T12:32:11.931000","2025-11-26T12:32:11.931000","6890c7d607b2a1cba40dc72a","false"
"COLHER ARROZ 31X7CM 8923 KEHO 7","GPS14308-007","mobiliario","6890f4b7060d99856d4d819a","2025-01-01","","","12.1","em_uso","","https://api.qrserver.com/v1/create-qr-code/?size=200x200&data=https%3A%2F%2Ffacilitagestor360.com.br%2Fpatrimony%2FGPS14308-007","https://facilitagestor360.com.br/patrimony/GPS14308-007","14842018000145","rafael.lobato@gpsfacility.com","","","","6926f34bbde99a7f68b70e5a","2025-11-26T12:32:11.931000","2025-11-26T12:32:11.931000","6890c7d607b2a1cba40dc72a","false"
"CANECA HOTEL CB BAQ 14 2L 527 A 7","GPS14307-007","mobiliario","6890f4b7060d99856d4d819a","2025-01-01","","","51.6","em_uso","","https://api.qrserver.com/v1/create-qr-code/?size=200x200&data=https%3A%2F%2Ffacilitagestor360.com.br%2Fpatrimony%2FGPS14307-007","https://facilitagestor360.com.br/patrimony/GPS14307-007","14842018000145","rafael.lobato@gpsfacility.com","","","","6926f2f0763bef2ba9e40f0e","2025-11-26T12:30:40.926000","2025-11-26T12:30:40.926000","6890c7d607b2a1cba40dc72a","false"
"CANECA HOTEL CB BAQ 14 2L 527 A 3","GPS14307-003","mobiliario","6890f4b7060d99856d4d819a","2025-01-01","","","51.6","em_uso","","https://api.qrserver.com/v1/create-qr-code/?size=200x200&data=https%3A%2F%2Ffacilitagestor360.com.br%2Fpatrimony%2FGPS14307-003","https://facilitagestor360.com.br/patrimony/GPS14307-003","14842018000145","rafael.lobato@gpsfacility.com","","","","6926f2f0763bef2ba9e40f0a","2025-11-26T12:30:40.926000","2025-11-26T12:30:40.926000","6890c7d607b2a1cba40dc72a","false"
"CANECA HOTEL CB BAQ 14 2L 527 A 4","GPS14307-004","mobiliario","6890f4b7060d99856d4d819a","2025-01-01","","","51.6","em_uso","","https://api.qrserver.com/v1/create-qr-code/?size=200x200&data=https%3A%2F%2Ffacilitagestor360.com.br%2Fpatrimony%2FGPS14307-004","https://facilitagestor360.com.br/patrimony/GPS14307-004","14842018000145","rafael.lobato@gpsfacility.com","","","","6926f2f0763bef2ba9e40f0b","2025-11-26T12:30:40.926000","2025-11-26T12:30:40.926000","6890c7d607b2a1cba40dc72a","false"
"CANECA HOTEL CB BAQ 14 2L 527 A 2","GPS14307-002","mobiliario","6890f4b7060d99856d4d819a","2025-01-01","","","51.6","em_uso","","https://api.qrserver.com/v1/create-qr-code/?size=200x200&data=https%3A%2F%2Ffacilitagestor360.com.br%2Fpatrimony%2FGPS14307-002","https://facilitagestor360.com.br/patrimony/GPS14307-002","14842018000145","rafael.lobato@gpsfacility.com","","","","6926f2f0763bef2ba9e40f09","2025-11-26T12:30:40.926000","2025-11-26T12:30:40.926000","6890c7d607b2a1cba40dc72a","false"
"CANECA HOTEL CB BAQ 14 2L 527 A 5","GPS14307-005","mobiliario","6890f4b7060d99856d4d819a","2025-01-01","","","51.6","em_uso","","https://api.qrserver.com/v1/create-qr-code/?size=200x200&data=https%3A%2F%2Ffacilitagestor360.com.br%2Fpatrimony%2FGPS14307-005","https://facilitagestor360.com.br/patrimony/GPS14307-005","14842018000145","rafael.lobato@gpsfacility.com","","","","6926f2f0763bef2ba9e40f0c","2025-11-26T12:30:40.926000","2025-11-26T12:30:40.926000","6890c7d607b2a1cba40dc72a","false"
"CANECA HOTEL CB BAQ 14 2L 527 A 6","GPS14307-006","mobiliario","6890f4b7060d99856d4d819a","2025-01-01","","","51.6","em_uso","","https://api.qrserver.com/v1/create-qr-code/?size=200x200&data=https%3A%2F%2Ffacilitagestor360.com.br%2Fpatrimony%2FGPS14307-006","https://facilitagestor360.com.br/patrimony/GPS14307-006","14842018000145","rafael.lobato@gpsfacility.com","","","","6926f2f0763bef2ba9e40f0d","2025-11-26T12:30:40.926000","2025-11-26T12:30:40.926000","6890c7d607b2a1cba40dc72a","false"
"CANECA HOTEL CB BAQ 14 2L 527 A 1","GPS14307-001","mobiliario","6890f4b7060d99856d4d819a","2025-01-01","","","51.6","em_uso","","https://api.qrserver.com/v1/create-qr-code/?size=200x200&data=https%3A%2F%2Ffacilitagestor360.com.br%2Fpatrimony%2FGPS14307-001","https://facilitagestor360.com.br/patrimony/GPS14307-001","14842018000145","rafael.lobato@gpsfacility.com","","","","6926f2f0763bef2ba9e40f08","2025-11-26T12:30:40.926000","2025-11-26T12:30:40.926000","6890c7d607b2a1cba40dc72a","false"
"CANECA HOTEL CB BAQ 14 2L 527 A 8","GPS14307-008","mobiliario","6890f4b7060d99856d4d819a","2025-01-01","","","51.6","em_uso","","https://api.qrserver.com/v1/create-qr-code/?size=200x200&data=https%3A%2F%2Ffacilitagestor360.com.br%2Fpatrimony%2FGPS14307-008","https://facilitagestor360.com.br/patrimony/GPS14307-008","14842018000145","rafael.lobato@gpsfacility.com","","","","6926f2f0763bef2ba9e40f0f","2025-11-26T12:30:40.926000","2025-11-26T12:30:40.926000","6890c7d607b2a1cba40dc72a","false"
"MANGUEIRA DE JARDIM","GPS14296","outros","689106df0d023f082313483d","2025-01-01","","","79","em_uso","","https://api.qrserver.com/v1/create-qr-code/?size=200x200&data=https%3A%2F%2Ffacilitagestor360.com.br%2Fpatrimony%2FGPS14296","https://facilitagestor360.com.br/patrimony/GPS14296","14842018000145","rafael.lobato@gpsfacility.com","","","","6926f27fbc30eb9f910b7e6e","2025-11-26T12:28:47.043000","2025-11-26T12:28:47.043000","6890c7d607b2a1cba40dc72a","false"
"MOTOSSERRA","GPS14295","maquinario","68910533da4d76c7bafc37c7","2025-01-01","","","499","em_uso","","https://api.qrserver.com/v1/create-qr-code/?size=200x200&data=https%3A%2F%2Ffacilitagestor360.com.br%2Fpatrimony%2FGPS14295","https://facilitagestor360.com.br/patrimony/GPS14295","14842018000145","rafael.lobato@gpsfacility.com","","","","6926f2392fce8303419ec0bb","2025-11-26T12:27:37.418000","2025-11-26T12:27:37.418000","6890c7d607b2a1cba40dc72a","false"
"ROÇADEIRA 2","GPS14294-14295","maquinario","68910533da4d76c7bafc37c7","2025-01-01","","","249","em_uso","","https://api.qrserver.com/v1/create-qr-code/?size=200x200&data=https%3A%2F%2Ffacilitagestor360.com.br%2Fpatrimony%2FGPS14294-14295","https://facilitagestor360.com.br/patrimony/GPS14294-14295","14842018000145","rafael.lobato@gpsfacility.com","","","","6926f20cf1253bcd218e86ff","2025-11-26T12:26:52.040000","2025-11-26T12:26:52.040000","6890c7d607b2a1cba40dc72a","false"
"ROÇADEIRA 1","GPS14294-14294","maquinario","68910533da4d76c7bafc37c7","2025-01-01","","","249","em_uso","","https://api.qrserver.com/v1/create-qr-code/?size=200x200&data=https%3A%2F%2Ffacilitagestor360.com.br%2Fpatrimony%2FGPS14294-14294","https://facilitagestor360.com.br/patrimony/GPS14294-14294","14842018000145","rafael.lobato@gpsfacility.com","","","","6926f20cf1253bcd218e86fe","2025-11-26T12:26:52.040000","2025-11-26T12:26:52.040000","6890c7d607b2a1cba40dc72a","false"
"ROÇADEIRA 4","GPS14294-14297","maquinario","68910533da4d76c7bafc37c7","2025-01-01","","","249","em_uso","","https://api.qrserver.com/v1/create-qr-code/?size=200x200&data=https%3A%2F%2Ffacilitagestor360.com.br%2Fpatrimony%2FGPS14294-14297","https://facilitagestor360.com.br/patrimony/GPS14294-14297","14842018000145","rafael.lobato@gpsfacility.com","","","","6926f20cf1253bcd218e8701","2025-11-26T12:26:52.040000","2025-11-26T12:26:52.040000","6890c7d607b2a1cba40dc72a","false"
"ROÇADEIRA 5","GPS14294-14298","maquinario","68910533da4d76c7bafc37c7","2025-01-01","","","249","em_uso","","https://api.qrserver.com/v1/create-qr-code/?size=200x200&data=https%3A%2F%2Ffacilitagestor360.com.br%2Fpatrimony%2FGPS14294-14298","https://facilitagestor360.com.br/patrimony/GPS14294-14298","14842018000145","rafael.lobato@gpsfacility.com","","","","6926f20cf1253bcd218e8702","2025-11-26T12:26:52.040000","2025-11-26T12:26:52.040000","6890c7d607b2a1cba40dc72a","false"
"ROÇADEIRA 3","GPS14294-14296","maquinario","68910533da4d76c7bafc37c7","2025-01-01","","","249","em_uso","","https://api.qrserver.com/v1/create-qr-code/?size=200x200&data=https%3A%2F%2Ffacilitagestor360.com.br%2Fpatrimony%2FGPS14294-14296","https://facilitagestor360.com.br/patrimony/GPS14294-14296","14842018000145","rafael.lobato@gpsfacility.com","","","","6926f20cf1253bcd218e8700","2025-11-26T12:26:52.040000","2025-11-26T12:26:52.040000","6890c7d607b2a1cba40dc72a","false"
"ROÇADEIRA","GPS14293","maquinario","68910533da4d76c7bafc37c7","2025-01-01","","","249","em_uso","","https://api.qrserver.com/v1/create-qr-code/?size=200x200&data=https%3A%2F%2Ffacilitagestor360.com.br%2Fpatrimony%2FGPS14293","https://facilitagestor360.com.br/patrimony/GPS14293","14842018000145","rafael.lobato@gpsfacility.com","","","","6926f1cdb8feea0acb1a5f9f","2025-11-26T12:25:49.049000","2025-11-26T12:25:49.049000","6890c7d607b2a1cba40dc72a","false"
"CARRINHO DE CAFÉ","GPS14292","mobiliario","6890f23770cd170ef8d48f57","2025-01-01","","","799.9","em_uso","CARRINHO DE CAFÉ","https://api.qrserver.com/v1/create-qr-code/?size=200x200&data=https%3A%2F%2Ffacilitagestor360.com.br%2Fpatrimony%2FGPS14292","https://facilitagestor360.com.br/patrimony/GPS14292","14842018000145","rafael.lobato@gpsfacility.com","","","","6926e712ed719245df03fb28","2025-11-26T11:40:02.714000","2025-11-26T11:40:02.714000","6890c7d607b2a1cba40dc72a","false"
"CAFETEIRA 1","GPS14291-14291","mobiliario","6890f23770cd170ef8d48f57","2025-01-01","","","2280","em_uso","","https://api.qrserver.com/v1/create-qr-code/?size=200x200&data=https%3A%2F%2Ffacilitagestor360.com.br%2Fpatrimony%2FGPS14291-14291","https://facilitagestor360.com.br/patrimony/GPS14291-14291","14842018000145","rafael.lobato@gpsfacility.com","","","","6926e5724b2aaeadce776c9e","2025-11-26T11:33:06.770000","2025-11-26T11:33:06.770000","6890c7d607b2a1cba40dc72a","false"
"CAFETEIRA 2","GPS14291-14292","mobiliario","6890f23770cd170ef8d48f57","2025-01-01","","","2280","em_uso","","https://api.qrserver.com/v1/create-qr-code/?size=200x200&data=https%3A%2F%2Ffacilitagestor360.com.br%2Fpatrimony%2FGPS14291-14292","https://facilitagestor360.com.br/patrimony/GPS14291-14292","14842018000145","rafael.lobato@gpsfacility.com","","","","6926e5724b2aaeadce776c9f","2025-11-26T11:33:06.770000","2025-11-26T11:33:06.770000","6890c7d607b2a1cba40dc72a","false"
"FACÃO","GPS14290","ferramenta","68910533da4d76c7bafc37c7","2025-01-01","","","49.9","em_uso","FACÃO ","https://api.qrserver.com/v1/create-qr-code/?size=200x200&data=https%3A%2F%2Ffacilitagestor360.com.br%2Fpatrimony%2FGPS14290","https://facilitagestor360.com.br/patrimony/GPS14290","14842018000145","rafael.lobato@gpsfacility.com","","","","6926e4bb6328cc1a3680061e","2025-11-26T11:30:03.805000","2025-11-26T11:30:03.805000","6890c7d607b2a1cba40dc72a","false"
"ESCADA DE ALUMÍNIO 7DG","GPS14284","ferramenta","68910533da4d76c7bafc37c7","2025-01-01","","","190","em_uso","SILVANIA
","https://api.qrserver.com/v1/create-qr-code/?size=200x200&data=https%3A%2F%2Ffacilitagestor360.com.br%2Fpatrimony%2FGPS14284","https://facilitagestor360.com.br/patrimony/GPS14284","14842018000145","rafael.lobato@gpsfacility.com","","","","6911f98f63fafc667102863d","2025-11-10T14:41:19.289000","2025-11-10T14:41:19.289000","6890c7d607b2a1cba40dc72a","false"
"MANGUEIRA DE JARDIM","GPS14283","ferramenta","68910533da4d76c7bafc37c7","2025-01-01","","","50","em_uso","30 METROS 
SILVANIA","https://api.qrserver.com/v1/create-qr-code/?size=200x200&data=https%3A%2F%2Ffacilitagestor360.com.br%2Fpatrimony%2FGPS14283","https://facilitagestor360.com.br/patrimony/GPS14283","14842018000145","rafael.lobato@gpsfacility.com","","","","6911f962f5496103795654f3","2025-11-10T14:40:34.292000","2025-11-10T14:40:34.292000","6890c7d607b2a1cba40dc72a","false"
"LIMA P/ ENXADA COM CABO","GPS14282","ferramenta","68910533da4d76c7bafc37c7","2025-01-01","","","20","em_uso","","https://api.qrserver.com/v1/create-qr-code/?size=200x200&data=https%3A%2F%2Ffacilitagestor360.com.br%2Fpatrimony%2FGPS14282","https://facilitagestor360.com.br/patrimony/GPS14282","14842018000145","rafael.lobato@gpsfacility.com","","","","6911f8e7c0075e50b74e5af8","2025-11-10T14:38:31.986000","2025-11-10T14:38:31.986000","6890c7d607b2a1cba40dc72a","false"
"LAVADORA DE ALTA PRESSÃO","GPS14281","ferramenta","68910533da4d76c7bafc37c7","2025-01-01","","","320","em_uso","SILVANIA","https://api.qrserver.com/v1/create-qr-code/?size=200x200&data=https%3A%2F%2Ffacilitagestor360.com.br%2Fpatrimony%2FGPS14281","https://facilitagestor360.com.br/patrimony/GPS14281","14842018000145","rafael.lobato@gpsfacility.com","","","","6911f8a6e63fa0439e304577","2025-11-10T14:37:26.825000","2025-11-10T14:37:26.825000","6890c7d607b2a1cba40dc72a","false"
"CARRINHO DE MÃO","GPS14280","ferramenta","68910533da4d76c7bafc37c7","2025-01-01","","","150","em_uso","SILVANIA","https://api.qrserver.com/v1/create-qr-code/?size=200x200&data=https%3A%2F%2Ffacilitagestor360.com.br%2Fpatrimony%2FGPS14280","https://facilitagestor360.com.br/patrimony/GPS14280","14842018000145","rafael.lobato@gpsfacility.com","","","","6911f86ab4b7ec2a8e4ec6e4","2025-11-10T14:36:26.064000","2025-11-10T14:36:26.064000","6890c7d607b2a1cba40dc72a","false"
"ROÇADEIRA","GPS14279","maquinario","689107ca1b93138c52fc9e00","2025-01-01","","","180","em_uso","SERRA DAS ARARAS","https://api.qrserver.com/v1/create-qr-code/?size=200x200&data=https%3A%2F%2Ffacilitagestor360.com.br%2Fpatrimony%2FGPS14279","https://facilitagestor360.com.br/patrimony/GPS14279","14842018000145","rafael.lobato@gpsfacility.com","","","","6911f7fda128a67d927eeba5","2025-11-10T14:34:37.528000","2025-11-10T14:34:37.528000","6890c7d607b2a1cba40dc72a","false"
"MOTOSSERRA 2","GPS14278-14279","ferramenta","689107ca1b93138c52fc9e00","2025-01-01","","","350","em_uso","","https://api.qrserver.com/v1/create-qr-code/?size=200x200&data=https%3A%2F%2Ffacilitagestor360.com.br%2Fpatrimony%2FGPS14278-14279","https://facilitagestor360.com.br/patrimony/GPS14278-14279","14842018000145","rafael.lobato@gpsfacility.com","","","","6911f7bc36b6e5a7cd26365a","2025-11-10T14:33:32.762000","2025-11-10T14:33:32.762000","6890c7d607b2a1cba40dc72a","false"
"MOTOSSERRA 1","GPS14278-14278","ferramenta","689107ca1b93138c52fc9e00","2025-01-01","","","350","em_uso","","https://api.qrserver.com/v1/create-qr-code/?size=200x200&data=https%3A%2F%2Ffacilitagestor360.com.br%2Fpatrimony%2FGPS14278-14278","https://facilitagestor360.com.br/patrimony/GPS14278-14278","14842018000145","rafael.lobato@gpsfacility.com","","","","6911f7bc36b6e5a7cd263659","2025-11-10T14:33:32.762000","2025-11-10T14:33:32.762000","6890c7d607b2a1cba40dc72a","false"
"BOMBA A JATO","GPS14277","ferramenta","68910533da4d76c7bafc37c7","2025-01-01","","","500","em_uso","","https://api.qrserver.com/v1/create-qr-code/?size=200x200&data=https%3A%2F%2Ffacilitagestor360.com.br%2Fpatrimony%2FGPS14277","https://facilitagestor360.com.br/patrimony/GPS14277","14842018000145","rafael.lobato@gpsfacility.com","","","","6911f708e42400ec5c4405be","2025-11-10T14:30:32.442000","2025-11-10T14:30:32.442000","6890c7d607b2a1cba40dc72a","false"
"ROÇADEIRA","GPS14276","ferramenta","68910533da4d76c7bafc37c7","2025-01-01","","","299","em_uso","","https://api.qrserver.com/v1/create-qr-code/?size=200x200&data=https%3A%2F%2Ffacilitagestor360.com.br%2Fpatrimony%2FGPS14276","https://facilitagestor360.com.br/patrimony/GPS14276","14842018000145","rafael.lobato@gpsfacility.com","","","","6911f6b0dfcb4172e0fc41af","2025-11-10T14:29:04.908000","2025-11-10T14:29:04.908000","6890c7d607b2a1cba40dc72a","false"
"RASTELO 1","GPS14275-14275","ferramenta","68910533da4d76c7bafc37c7","2025-01-01","","","30","em_uso","","https://api.qrserver.com/v1/create-qr-code/?size=200x200&data=https%3A%2F%2Ffacilitagestor360.com.br%2Fpatrimony%2FGPS14275-14275","https://facilitagestor360.com.br/patrimony/GPS14275-14275","14842018000145","rafael.lobato@gpsfacility.com","","","","6911f6593fb2c7b0a0e567de","2025-11-10T14:27:37.466000","2025-11-10T14:27:37.466000","6890c7d607b2a1cba40dc72a","false"
"RASTELO 2","GPS14275-14276","ferramenta","68910533da4d76c7bafc37c7","2025-01-01","","","30","em_uso","","https://api.qrserver.com/v1/create-qr-code/?size=200x200&data=https%3A%2F%2Ffacilitagestor360.com.br%2Fpatrimony%2FGPS14275-14276","https://facilitagestor360.com.br/patrimony/GPS14275-14276","14842018000145","rafael.lobato@gpsfacility.com","","","","6911f6593fb2c7b0a0e567df","2025-11-10T14:27:37.466000","2025-11-10T14:27:37.466000","6890c7d607b2a1cba40dc72a","false"
"ESCADA DE ALUMÍNIO 1","GPS14274-14274","ferramenta","68910533da4d76c7bafc37c7","2025-01-01","","","500","em_uso","","https://api.qrserver.com/v1/create-qr-code/?size=200x200&data=https%3A%2F%2Ffacilitagestor360.com.br%2Fpatrimony%2FGPS14274-14274","https://facilitagestor360.com.br/patrimony/GPS14274-14274","14842018000145","rafael.lobato@gpsfacility.com","","","","6911f6233a69990f639b98d2","2025-11-10T14:26:43.473000","2025-11-10T14:26:43.473000","6890c7d607b2a1cba40dc72a","false"
"ESCADA DE ALUMÍNIO 2","GPS14274-14275","ferramenta","68910533da4d76c7bafc37c7","2025-01-01","","","500","em_uso","","https://api.qrserver.com/v1/create-qr-code/?size=200x200&data=https%3A%2F%2Ffacilitagestor360.com.br%2Fpatrimony%2FGPS14274-14275","https://facilitagestor360.com.br/patrimony/GPS14274-14275","14842018000145","rafael.lobato@gpsfacility.com","","","","6911f6233a69990f639b98d3","2025-11-10T14:26:43.473000","2025-11-10T14:26:43.473000","6890c7d607b2a1cba40dc72a","false"
"CARRINHO DE MÃO","GPS14273","ferramenta","689106df0d023f082313483d","2025-01-01","","","149","em_uso","","https://api.qrserver.com/v1/create-qr-code/?size=200x200&data=https%3A%2F%2Ffacilitagestor360.com.br%2Fpatrimony%2FGPS14273","https://facilitagestor360.com.br/patrimony/GPS14273","14842018000145","rafael.lobato@gpsfacility.com","","","","6911f4229c4f913f87510cf0","2025-11-10T14:18:10.294000","2025-11-10T14:18:10.294000","6890c7d607b2a1cba40dc72a","false"
"ALAVANCA","GPS14272","ferramenta","6899f22a877c5ab49c2d1c2d","2025-01-01","","","80","em_uso","","https://api.qrserver.com/v1/create-qr-code/?size=200x200&data=https%3A%2F%2Ffacilitagestor360.com.br%2Fpatrimony%2FGPS14272","https://facilitagestor360.com.br/patrimony/GPS14272","14842018000145","rafael.lobato@gpsfacility.com","","","","6911f39663cff350eed30eb4","2025-11-10T14:15:50.471000","2025-11-10T14:15:50.471000","6890c7d607b2a1cba40dc72a","false"
"CAVADEIRA TRADO","GPS14271","ferramenta","6899f22a877c5ab49c2d1c2d","2025-01-01","","","199","em_uso","","https://api.qrserver.com/v1/create-qr-code/?size=200x200&data=https%3A%2F%2Ffacilitagestor360.com.br%2Fpatrimony%2FGPS14271","https://facilitagestor360.com.br/patrimony/GPS14271","14842018000145","rafael.lobato@gpsfacility.com","","","","6911f2f49c94504c6ced3ebc","2025-11-10T14:13:08.259000","2025-11-10T14:13:08.259000","6890c7d607b2a1cba40dc72a","false"
"CAVADEIRA BOCA DE LOBO","GPS14269","ferramenta","6899f22a877c5ab49c2d1c2d","2025-01-01","","","40","em_uso","","https://api.qrserver.com/v1/create-qr-code/?size=200x200&data=https%3A%2F%2Ffacilitagestor360.com.br%2Fpatrimony%2FGPS14269","https://facilitagestor360.com.br/patrimony/GPS14269","14842018000145","rafael.lobato@gpsfacility.com","","","","6911f29234c355ebf1267c6d","2025-11-10T14:11:30.410000","2025-11-10T14:11:30.410000","6890c7d607b2a1cba40dc72a","false"
"PICARETA","GPS14268","ferramenta","6899f22a877c5ab49c2d1c2d","1996-01-01","","","79.9","em_uso","","https://api.qrserver.com/v1/create-qr-code/?size=200x200&data=https%3A%2F%2Ffacilitagestor360.com.br%2Fpatrimony%2FGPS14268","https://facilitagestor360.com.br/patrimony/GPS14268","14842018000145","rafael.lobato@gpsfacility.com","","","","6911f26268a6676fa3a3960a","2025-11-10T14:10:42.881000","2025-11-10T14:10:42.881000","6890c7d607b2a1cba40dc72a","false"
"ENCHADA  2","GPS14267-14268","ferramenta","6899f22a877c5ab49c2d1c2d","2025-01-01","","","29.9","em_uso","","https://api.qrserver.com/v1/create-qr-code/?size=200x200&data=https%3A%2F%2Ffacilitagestor360.com.br%2Fpatrimony%2FGPS14267-14268","https://facilitagestor360.com.br/patrimony/GPS14267-14268","14842018000145","rafael.lobato@gpsfacility.com","","","","6911f1ee36b6e5a7cd262323","2025-11-10T14:08:46.291000","2025-11-10T14:08:46.291000","6890c7d607b2a1cba40dc72a","false"
"ENCHADA  1","GPS14267-14267","ferramenta","6899f22a877c5ab49c2d1c2d","2025-01-01","","","29.9","em_uso","","https://api.qrserver.com/v1/create-qr-code/?size=200x200&data=https%3A%2F%2Ffacilitagestor360.com.br%2Fpatrimony%2FGPS14267-14267","https://facilitagestor360.com.br/patrimony/GPS14267-14267","14842018000145","rafael.lobato@gpsfacility.com","","","","6911f1ee36b6e5a7cd262322","2025-11-10T14:08:46.291000","2025-11-10T14:08:46.291000","6890c7d607b2a1cba40dc72a","false"
"PÁ 2","GPS14266-14267","ferramenta","6899f22a877c5ab49c2d1c2d","2025-01-01","","","2","em_uso","","https://api.qrserver.com/v1/create-qr-code/?size=200x200&data=https%3A%2F%2Ffacilitagestor360.com.br%2Fpatrimony%2FGPS14266-14267","https://facilitagestor360.com.br/patrimony/GPS14266-14267","14842018000145","rafael.lobato@gpsfacility.com","","","","6911f1b79c94504c6ced3bc5","2025-11-10T14:07:51.826000","2025-11-10T14:07:51.826000","6890c7d607b2a1cba40dc72a","false"
"PÁ 1","GPS14266-14266","ferramenta","6899f22a877c5ab49c2d1c2d","2025-01-01","","","2","em_uso","","https://api.qrserver.com/v1/create-qr-code/?size=200x200&data=https%3A%2F%2Ffacilitagestor360.com.br%2Fpatrimony%2FGPS14266-14266","https://facilitagestor360.com.br/patrimony/GPS14266-14266","14842018000145","rafael.lobato@gpsfacility.com","","","","6911f1b79c94504c6ced3bc4","2025-11-10T14:07:51.826000","2025-11-10T14:07:51.826000","6890c7d607b2a1cba40dc72a","false"
"PERFURADOR DE SOLO","GPS14265","ferramenta","6899f22a877c5ab49c2d1c2d","2025-01-01","","","979.9","em_uso","","https://api.qrserver.com/v1/create-qr-code/?size=200x200&data=https%3A%2F%2Ffacilitagestor360.com.br%2Fpatrimony%2FGPS14265","https://facilitagestor360.com.br/patrimony/GPS14265","14842018000145","rafael.lobato@gpsfacility.com","","","","6911f182a61f197a126ad293","2025-11-10T14:06:58.833000","2025-11-10T14:06:58.833000","6890c7d607b2a1cba40dc72a","false"
"ALICATE TURQUESA","GPS14263","ferramenta","6899f22a877c5ab49c2d1c2d","2025-01-01","","","24.99","em_uso","","https://api.qrserver.com/v1/create-qr-code/?size=200x200&data=https%3A%2F%2Ffacilitagestor360.com.br%2Fpatrimony%2FGPS14263","https://facilitagestor360.com.br/patrimony/GPS14263","14842018000145","rafael.lobato@gpsfacility.com","","","","6911f03e8019bda0b157992f","2025-11-10T14:01:34.107000","2025-11-10T14:01:34.107000","6890c7d607b2a1cba40dc72a","false"
"ALICATE","GPS14262","ferramenta","6899f22a877c5ab49c2d1c2d","2025-01-01","","","25.9","em_uso","","https://api.qrserver.com/v1/create-qr-code/?size=200x200&data=https%3A%2F%2Ffacilitagestor360.com.br%2Fpatrimony%2FGPS14262","https://facilitagestor360.com.br/patrimony/GPS14262","14842018000145","rafael.lobato@gpsfacility.com","","","","6911ef3dc0424d1a76e42812","2025-11-10T13:57:17.041000","2025-11-10T13:57:17.041000","6890c7d607b2a1cba40dc72a","false"
"MARTELO","GPS14260","ferramenta","6899f22a877c5ab49c2d1c2d","2025-01-01","","","49.9","em_uso","","https://api.qrserver.com/v1/create-qr-code/?size=200x200&data=https%3A%2F%2Ffacilitagestor360.com.br%2Fpatrimony%2FGPS14260","https://facilitagestor360.com.br/patrimony/GPS14260","14842018000145","rafael.lobato@gpsfacility.com","","","","6911eecf8473fb3a76291fed","2025-11-10T13:55:27.038000","2025-11-10T13:55:27.038000","6890c7d607b2a1cba40dc72a","false"
"ESCADA","GPS14259","ferramenta","6899f22a877c5ab49c2d1c2d","2025-01-01","","","179","em_uso","","https://api.qrserver.com/v1/create-qr-code/?size=200x200&data=https%3A%2F%2Ffacilitagestor360.com.br%2Fpatrimony%2FGPS14259","https://facilitagestor360.com.br/patrimony/GPS14259","14842018000145","rafael.lobato@gpsfacility.com","","","","6911ee3c072d9e83ec52f454","2025-11-10T13:53:00.927000","2025-11-10T13:53:00.927000","6890c7d607b2a1cba40dc72a","false"
"CARRINHO DE MÃO 1","GPS14258-14258","ferramenta","6899f22a877c5ab49c2d1c2d","2025-01-01","","","199","em_uso","","https://api.qrserver.com/v1/create-qr-code/?size=200x200&data=https%3A%2F%2Ffacilitagestor360.com.br%2Fpatrimony%2FGPS14258-14258","https://facilitagestor360.com.br/patrimony/GPS14258-14258","14842018000145","rafael.lobato@gpsfacility.com","","","","6911ee07893ab1f9fe91e608","2025-11-10T13:52:07.893000","2025-11-10T13:52:07.893000","6890c7d607b2a1cba40dc72a","false"
"CARRINHO DE MÃO 2","GPS14258-14259","ferramenta","6899f22a877c5ab49c2d1c2d","2025-01-01","","","199","em_uso","","https://api.qrserver.com/v1/create-qr-code/?size=200x200&data=https%3A%2F%2Ffacilitagestor360.com.br%2Fpatrimony%2FGPS14258-14259","https://facilitagestor360.com.br/patrimony/GPS14258-14259","14842018000145","rafael.lobato@gpsfacility.com","","","","6911ee07893ab1f9fe91e609","2025-11-10T13:52:07.893000","2025-11-10T13:52:07.893000","6890c7d607b2a1cba40dc72a","false"
"PENEIRA 2","GPS14257-14258","ferramenta","6899f22a877c5ab49c2d1c2d","2025-01-01","","","29.9","em_uso","","https://api.qrserver.com/v1/create-qr-code/?size=200x200&data=https%3A%2F%2Ffacilitagestor360.com.br%2Fpatrimony%2FGPS14257-14258","https://facilitagestor360.com.br/patrimony/GPS14257-14258","14842018000145","rafael.lobato@gpsfacility.com","","","","6911e862e746be09c1172a8f","2025-11-10T13:28:02.647000","2025-11-10T13:28:02.647000","6890c7d607b2a1cba40dc72a","false"
"PENEIRA 1","GPS14257-14257","ferramenta","6899f22a877c5ab49c2d1c2d","2025-01-01","","","29.9","em_uso","","https://api.qrserver.com/v1/create-qr-code/?size=200x200&data=https%3A%2F%2Ffacilitagestor360.com.br%2Fpatrimony%2FGPS14257-14257","https://facilitagestor360.com.br/patrimony/GPS14257-14257","14842018000145","rafael.lobato@gpsfacility.com","","","","6911e862e746be09c1172a8e","2025-11-10T13:28:02.647000","2025-11-10T13:28:02.647000","6890c7d607b2a1cba40dc72a","false"
"COLHER DE PEDREIRO  2","GPS14256-14257","ferramenta","6899f22a877c5ab49c2d1c2d","2025-01-01","","","15.99","em_uso","","https://api.qrserver.com/v1/create-qr-code/?size=200x200&data=https%3A%2F%2Ffacilitagestor360.com.br%2Fpatrimony%2FGPS14256-14257","https://facilitagestor360.com.br/patrimony/GPS14256-14257","14842018000145","rafael.lobato@gpsfacility.com","","","","6911e82fbe5e27d355997d77","2025-11-10T13:27:11.032000","2025-11-10T13:27:11.032000","6890c7d607b2a1cba40dc72a","false"
"COLHER DE PEDREIRO  4","GPS14256-14259","ferramenta","6899f22a877c5ab49c2d1c2d","2025-01-01","","","15.99","em_uso","","https://api.qrserver.com/v1/create-qr-code/?size=200x200&data=https%3A%2F%2Ffacilitagestor360.com.br%2Fpatrimony%2FGPS14256-14259","https://facilitagestor360.com.br/patrimony/GPS14256-14259","14842018000145","rafael.lobato@gpsfacility.com","","","","6911e82fbe5e27d355997d79","2025-11-10T13:27:11.032000","2025-11-10T13:27:11.032000","6890c7d607b2a1cba40dc72a","false"
"COLHER DE PEDREIRO  3","GPS14256-14258","ferramenta","6899f22a877c5ab49c2d1c2d","2025-01-01","","","15.99","em_uso","","https://api.qrserver.com/v1/create-qr-code/?size=200x200&data=https%3A%2F%2Ffacilitagestor360.com.br%2Fpatrimony%2FGPS14256-14258","https://facilitagestor360.com.br/patrimony/GPS14256-14258","14842018000145","rafael.lobato@gpsfacility.com","","","","6911e82fbe5e27d355997d78","2025-11-10T13:27:11.032000","2025-11-10T13:27:11.032000","6890c7d607b2a1cba40dc72a","false"
"COLHER DE PEDREIRO  1","GPS14256-14256","ferramenta","6899f22a877c5ab49c2d1c2d","2025-01-01","","","15.99","em_uso","","https://api.qrserver.com/v1/create-qr-code/?size=200x200&data=https%3A%2F%2Ffacilitagestor360.com.br%2Fpatrimony%2FGPS14256-14256","https://facilitagestor360.com.br/patrimony/GPS14256-14256","14842018000145","rafael.lobato@gpsfacility.com","","","","6911e82fbe5e27d355997d76","2025-11-10T13:27:11.031000","2025-11-10T13:27:11.031000","6890c7d607b2a1cba40dc72a","false"
"RÁDIO COMUNICADOR 3","GPS14255-14257","eletronico","6899f22a877c5ab49c2d1c2d","2025-01-01","","","99.9","em_uso","","https://api.qrserver.com/v1/create-qr-code/?size=200x200&data=https%3A%2F%2Ffacilitagestor360.com.br%2Fpatrimony%2FGPS14255-14257","https://facilitagestor360.com.br/patrimony/GPS14255-14257","14842018000145","rafael.lobato@gpsfacility.com","","","","6911e632e746be09c11728ce","2025-11-10T13:18:42.438000","2025-11-10T13:18:42.438000","6890c7d607b2a1cba40dc72a","false"
"RÁDIO COMUNICADOR 2","GPS14255-14256","eletronico","6899f22a877c5ab49c2d1c2d","2025-01-01","","","99.9","em_uso","","https://api.qrserver.com/v1/create-qr-code/?size=200x200&data=https%3A%2F%2Ffacilitagestor360.com.br%2Fpatrimony%2FGPS14255-14256","https://facilitagestor360.com.br/patrimony/GPS14255-14256","14842018000145","rafael.lobato@gpsfacility.com","","","","6911e632e746be09c11728cd","2025-11-10T13:18:42.438000","2025-11-10T13:18:42.438000","6890c7d607b2a1cba40dc72a","false"
"RÁDIO COMUNICADOR 1","GPS14255-14255","eletronico","6899f22a877c5ab49c2d1c2d","2025-01-01","","","99.9","em_uso","","https://api.qrserver.com/v1/create-qr-code/?size=200x200&data=https%3A%2F%2Ffacilitagestor360.com.br%2Fpatrimony%2FGPS14255-14255","https://facilitagestor360.com.br/patrimony/GPS14255-14255","14842018000145","rafael.lobato@gpsfacility.com","","","","6911e632e746be09c11728cc","2025-11-10T13:18:42.438000","2025-11-10T13:18:42.438000","6890c7d607b2a1cba40dc72a","false"
"RÁDIO COMUNICADOR 4","GPS14255-14258","eletronico","6899f22a877c5ab49c2d1c2d","2025-01-01","","","99.9","em_uso","","https://api.qrserver.com/v1/create-qr-code/?size=200x200&data=https%3A%2F%2Ffacilitagestor360.com.br%2Fpatrimony%2FGPS14255-14258","https://facilitagestor360.com.br/patrimony/GPS14255-14258","14842018000145","rafael.lobato@gpsfacility.com","","","","6911e632e746be09c11728cf","2025-11-10T13:18:42.438000","2025-11-10T13:18:42.438000","6890c7d607b2a1cba40dc72a","false"
"RÉGUA 1","GPS14254-14254","ferramenta","6899f22a877c5ab49c2d1c2d","2025-01-01","","","29.9","em_uso","","https://api.qrserver.com/v1/create-qr-code/?size=200x200&data=https%3A%2F%2Ffacilitagestor360.com.br%2Fpatrimony%2FGPS14254-14254","https://facilitagestor360.com.br/patrimony/GPS14254-14254","14842018000145","rafael.lobato@gpsfacility.com","","","","6911e4499f2c0498854a31a9","2025-11-10T13:10:33.296000","2025-11-10T13:10:33.296000","6890c7d607b2a1cba40dc72a","false"
"RÉGUA 2","GPS14254-14255","ferramenta","6899f22a877c5ab49c2d1c2d","2025-01-01","","","29.9","em_uso","","https://api.qrserver.com/v1/create-qr-code/?size=200x200&data=https%3A%2F%2Ffacilitagestor360.com.br%2Fpatrimony%2FGPS14254-14255","https://facilitagestor360.com.br/patrimony/GPS14254-14255","14842018000145","rafael.lobato@gpsfacility.com","","","","6911e4499f2c0498854a31aa","2025-11-10T13:10:33.296000","2025-11-10T13:10:33.296000","6890c7d607b2a1cba40dc72a","false"
"BETONEIRA","GPS14253","maquinario","6899f22a877c5ab49c2d1c2d","2025-01-01","","","2599","em_uso","","https://api.qrserver.com/v1/create-qr-code/?size=200x200&data=https%3A%2F%2Ffacilitagestor360.com.br%2Fpatrimony%2FGPS14253","https://facilitagestor360.com.br/patrimony/GPS14253","14842018000145","rafael.lobato@gpsfacility.com","","","","6911d95551d435959c571a82","2025-11-10T12:23:49.923000","2025-11-10T12:23:49.923000","6890c7d607b2a1cba40dc72a","false"
"COLHER CAFE LAGUNA 63906/080 TRAMONT  4","colher-004","mobiliario","6890f4b7060d99856d4d819a","2025-01-01","","","3.165","em_uso","","https://api.qrserver.com/v1/create-qr-code/?size=200x200&data=https%3A%2F%2Ffacilitagestor360.com.br%2Fpatrimony%2Fcolher-004","https://facilitagestor360.com.br/patrimony/colher-004","14842018000145","jose.moura@gpsfacility.com","","","","690e2904a3fc47e9da76ac9a","2025-11-07T17:14:44.405000","2025-11-07T17:14:44.405000","688be2e148da9608d122c190","false"
"COLHER CAFE LAGUNA 63906/080 TRAMONT  3","colher-003","mobiliario","6890f4b7060d99856d4d819a","2025-01-01","","","3.165","em_uso","","https://api.qrserver.com/v1/create-qr-code/?size=200x200&data=https%3A%2F%2Ffacilitagestor360.com.br%2Fpatrimony%2Fcolher-003","https://facilitagestor360.com.br/patrimony/colher-003","14842018000145","jose.moura@gpsfacility.com","","","","690e2904a3fc47e9da76ac99","2025-11-07T17:14:44.405000","2025-11-07T17:14:44.405000","688be2e148da9608d122c190","false"
"COLHER CAFE LAGUNA 63906/080 TRAMONT  5","colher-005","mobiliario","6890f4b7060d99856d4d819a","2025-01-01","","","3.165","em_uso","","https://api.qrserver.com/v1/create-qr-code/?size=200x200&data=https%3A%2F%2Ffacilitagestor360.com.br%2Fpatrimony%2Fcolher-005","https://facilitagestor360.com.br/patrimony/colher-005","14842018000145","jose.moura@gpsfacility.com","","","","690e2904a3fc47e9da76ac9b","2025-11-07T17:14:44.405000","2025-11-07T17:14:44.405000","688be2e148da9608d122c190","false"
"COLHER CAFE LAGUNA 63906/080 TRAMONT  7","colher-007","mobiliario","6890f4b7060d99856d4d819a","2025-01-01","","","3.165","em_uso","","https://api.qrserver.com/v1/create-qr-code/?size=200x200&data=https%3A%2F%2Ffacilitagestor360.com.br%2Fpatrimony%2Fcolher-007","https://facilitagestor360.com.br/patrimony/colher-007","14842018000145","jose.moura@gpsfacility.com","","","","690e2904a3fc47e9da76ac9d","2025-11-07T17:14:44.405000","2025-11-07T17:14:44.405000","688be2e148da9608d122c190","false"
"COLHER CAFE LAGUNA 63906/080 TRAMONT  8","colher-008","mobiliario","6890f4b7060d99856d4d819a","2025-01-01","","","3.165","em_uso","","https://api.qrserver.com/v1/create-qr-code/?size=200x200&data=https%3A%2F%2Ffacilitagestor360.com.br%2Fpatrimony%2Fcolher-008","https://facilitagestor360.com.br/patrimony/colher-008","14842018000145","jose.moura@gpsfacility.com","","","","690e2904a3fc47e9da76ac9e","2025-11-07T17:14:44.405000","2025-11-07T17:14:44.405000","688be2e148da9608d122c190","false"
"COLHER CAFE LAGUNA 63906/080 TRAMONT  9","colher-009","mobiliario","6890f4b7060d99856d4d819a","2025-01-01","","","3.165","em_uso","","https://api.qrserver.com/v1/create-qr-code/?size=200x200&data=https%3A%2F%2Ffacilitagestor360.com.br%2Fpatrimony%2Fcolher-009","https://facilitagestor360.com.br/patrimony/colher-009","14842018000145","jose.moura@gpsfacility.com","","","","690e2904a3fc47e9da76ac9f","2025-11-07T17:14:44.405000","2025-11-07T17:14:44.405000","688be2e148da9608d122c190","false"
"COLHER CAFE LAGUNA 63906/080 TRAMONT  6","colher-006","mobiliario","6890f4b7060d99856d4d819a","2025-01-01","","","3.165","em_uso","","https://api.qrserver.com/v1/create-qr-code/?size=200x200&data=https%3A%2F%2Ffacilitagestor360.com.br%2Fpatrimony%2Fcolher-006","https://facilitagestor360.com.br/patrimony/colher-006","14842018000145","jose.moura@gpsfacility.com","","","","690e2904a3fc47e9da76ac9c","2025-11-07T17:14:44.405000","2025-11-07T17:14:44.405000","688be2e148da9608d122c190","false"
"COLHER CAFE LAGUNA 63906/080 TRAMONT  10","colher-010","mobiliario","6890f4b7060d99856d4d819a","2025-01-01","","","3.165","em_uso","","https://api.qrserver.com/v1/create-qr-code/?size=200x200&data=https%3A%2F%2Ffacilitagestor360.com.br%2Fpatrimony%2Fcolher-010","https://facilitagestor360.com.br/patrimony/colher-010","14842018000145","jose.moura@gpsfacility.com","","","","690e2904a3fc47e9da76aca0","2025-11-07T17:14:44.405000","2025-11-07T17:14:44.405000","688be2e148da9608d122c190","false"
"COLHER CAFE LAGUNA 63906/080 TRAMONT  2","colher-002","mobiliario","6890f4b7060d99856d4d819a","2025-01-01","","","3.165","em_uso","","https://api.qrserver.com/v1/create-qr-code/?size=200x200&data=https%3A%2F%2Ffacilitagestor360.com.br%2Fpatrimony%2Fcolher-002","https://facilitagestor360.com.br/patrimony/colher-002","14842018000145","jose.moura@gpsfacility.com","","","","690e2904a3fc47e9da76ac98","2025-11-07T17:14:44.405000","2025-11-07T17:14:44.405000","688be2e148da9608d122c190","false"
"COLHER CAFE LAGUNA 63906/080 TRAMONT  1","colher-001","mobiliario","6890f4b7060d99856d4d819a","2025-01-01","","","3.165","em_uso","","https://api.qrserver.com/v1/create-qr-code/?size=200x200&data=https%3A%2F%2Ffacilitagestor360.com.br%2Fpatrimony%2Fcolher-001","https://facilitagestor360.com.br/patrimony/colher-001","14842018000145","jose.moura@gpsfacility.com","","","","690e2904a3fc47e9da76ac97","2025-11-07T17:14:44.404000","2025-11-07T17:14:44.404000","688be2e148da9608d122c190","false"
"ROCADEIRA LAT 2T 42,7CC 1,7HP 11000RPM","EQP-1756140964243-ZLRHAX","maquinario","68910533da4d76c7bafc37c7","2024-07-05","","","1110","em_uso","","https://api.qrserver.com/v1/create-qr-code/?size=200x200&data=https%3A%2F%2Fapp--facili-gestor360-4024db14.base44.app%2Fpatrimony%2FEQP-1756140964243-ZLRHAX","https://app--facili-gestor360-4024db14.base44.app/patrimony/EQP-1756140964243-ZLRHAX","14842018000145","jose.moura@gpsfacility.com","","","","68ac95a4874a78f608c70441","2025-08-25T16:56:04.589000","2025-08-25T16:56:04.589000","688be2e148da9608d122c190","false"
"ROCADEIRA LAT 2T 42,7CC 1,7HP 11000RPM 2","Roch-002","maquinario","689107ca1b93138c52fc9e00","2024-07-05","","","1110","em_uso","","https://api.qrserver.com/v1/create-qr-code/?size=200x200&data=https%3A%2F%2Fapp--facili-gestor360-4024db14.base44.app%2Fpatrimony%2FRoch-002","https://app--facili-gestor360-4024db14.base44.app/patrimony/Roch-002","14842018000145","jose.moura@gpsfacility.com","","","","68ac957d97f14c4422f1dbdd","2025-08-25T16:55:25.204000","2025-08-25T16:55:25.204000","688be2e148da9608d122c190","false"
"ROCADEIRA LAT 2T 42,7CC 1,7HP 11000RPM 1","Roch-001","maquinario","689107ca1b93138c52fc9e00","2024-07-05","","","1110","em_uso","","https://api.qrserver.com/v1/create-qr-code/?size=200x200&data=https%3A%2F%2Fapp--facili-gestor360-4024db14.base44.app%2Fpatrimony%2FRoch-001","https://app--facili-gestor360-4024db14.base44.app/patrimony/Roch-001","14842018000145","jose.moura@gpsfacility.com","","","","68ac957d97f14c4422f1dbdc","2025-08-25T16:55:25.204000","2025-08-25T16:55:25.204000","688be2e148da9608d122c190","false"
"ROCADEIRA LAT 2T 42,7CC 1,7HP 11000RPM","EQP-1756140872269-KTHXS0","maquinario","689107ca1b93138c52fc9e00","2024-07-09","","","1110","em_uso","","https://api.qrserver.com/v1/create-qr-code/?size=200x200&data=https%3A%2F%2Fapp--facili-gestor360-4024db14.base44.app%2Fpatrimony%2FEQP-1756140872269-KTHXS0","https://app--facili-gestor360-4024db14.base44.app/patrimony/EQP-1756140872269-KTHXS0","14842018000145","jose.moura@gpsfacility.com","","","","68ac9548307b2f2e0c9c9647","2025-08-25T16:54:32.636000","2025-08-25T16:54:32.636000","688be2e148da9608d122c190","false"
"ROCADEIRA LAT 2T 42,7CC 1,7HP 11000RPM","EQP-1756140828151-Z05YDK","maquinario","689107ca1b93138c52fc9e00","2024-07-09","","","1110","em_uso","","https://api.qrserver.com/v1/create-qr-code/?size=200x200&data=https%3A%2F%2Fapp--facili-gestor360-4024db14.base44.app%2Fpatrimony%2FEQP-1756140828151-Z05YDK","https://app--facili-gestor360-4024db14.base44.app/patrimony/EQP-1756140828151-Z05YDK","14842018000145","jose.moura@gpsfacility.com","","","","68ac951c53127b046484e477","2025-08-25T16:53:48.461000","2025-08-25T16:53:48.461000","688be2e148da9608d122c190","false"
"ROCADEIRA LAT 2T 42,7CC 1,7HP 11000RPM","EQP-1756140782963-TX1KYT","maquinario","6891061370cd170ef8d5319d","2024-07-09","","","1100","em_uso","","https://api.qrserver.com/v1/create-qr-code/?size=200x200&data=https%3A%2F%2Fapp--facili-gestor360-4024db14.base44.app%2Fpatrimony%2FEQP-1756140782963-TX1KYT","https://app--facili-gestor360-4024db14.base44.app/patrimony/EQP-1756140782963-TX1KYT","14842018000145","jose.moura@gpsfacility.com","","","","68ac94ef08a6b71724228641","2025-08-25T16:53:03.921000","2025-08-25T16:53:03.921000","688be2e148da9608d122c190","false"
"TELEFONE S/ FIO TS 5150 PRETO C/ IDENTIF. 4125150 / 7896637670562","EQP-1755540794459-6VIDVE","ferramenta","6899f22a877c5ab49c2d1c2d","2025-01-01","","","384.95","em_uso","","https://api.qrserver.com/v1/create-qr-code/?size=200x200&data=https%3A%2F%2Fapp--facili-gestor360-4024db14.base44.app%2Fpatrimony%2FEQP-1755540794459-6VIDVE","https://app--facili-gestor360-4024db14.base44.app/patrimony/EQP-1755540794459-6VIDVE","14842018000145","jose.moura@gpsfacility.com","","","","68a36d3a0a858c0f731c8276","2025-08-18T18:13:14.737000","2025-08-18T18:13:14.737000","688be2e148da9608d122c190","false"
"TELEFONE S/FIO TS 5121 RAMAL PRETO INTELBRAS-THO 4125121 / 7896637647571  2","TELEFONE -002","eletronico","6899f22a877c5ab49c2d1c2d","2024-01-01","","","211.63","em_uso","","https://api.qrserver.com/v1/create-qr-code/?size=200x200&data=https%3A%2F%2Fapp--facili-gestor360-4024db14.base44.app%2Fpatrimony%2FTELEFONE%2520-002","https://app--facili-gestor360-4024db14.base44.app/patrimony/TELEFONE%20-002","14842018000145","jose.moura@gpsfacility.com","","","","68a36d17d32cf8be8445934c","2025-08-18T18:12:39.216000","2025-08-18T18:12:39.216000","688be2e148da9608d122c190","false"
"TELEFONE S/FIO TS 5121 RAMAL PRETO INTELBRAS-THO 4125121 / 7896637647571  4","TELEFONE -004","eletronico","6899f22a877c5ab49c2d1c2d","2024-01-01","","","211.63","em_uso","","https://api.qrserver.com/v1/create-qr-code/?size=200x200&data=https%3A%2F%2Fapp--facili-gestor360-4024db14.base44.app%2Fpatrimony%2FTELEFONE%2520-004","https://app--facili-gestor360-4024db14.base44.app/patrimony/TELEFONE%20-004","14842018000145","jose.moura@gpsfacility.com","","","","68a36d17d32cf8be8445934e","2025-08-18T18:12:39.216000","2025-08-18T18:12:39.216000","688be2e148da9608d122c190","false"
"TELEFONE S/FIO TS 5121 RAMAL PRETO INTELBRAS-THO 4125121 / 7896637647571  1","TELEFONE -001","eletronico","6899f22a877c5ab49c2d1c2d","2024-01-01","","","211.63","em_uso","","https://api.qrserver.com/v1/create-qr-code/?size=200x200&data=https%3A%2F%2Fapp--facili-gestor360-4024db14.base44.app%2Fpatrimony%2FTELEFONE%2520-001","https://app--facili-gestor360-4024db14.base44.app/patrimony/TELEFONE%20-001","14842018000145","jose.moura@gpsfacility.com","","","","68a36d17d32cf8be8445934b","2025-08-18T18:12:39.216000","2025-08-18T18:12:39.216000","688be2e148da9608d122c190","false"
"TELEFONE S/FIO TS 5121 RAMAL PRETO INTELBRAS-THO 4125121 / 7896637647571  5","TELEFONE -005","eletronico","6899f22a877c5ab49c2d1c2d","2024-01-01","","","211.63","em_uso","","https://api.qrserver.com/v1/create-qr-code/?size=200x200&data=https%3A%2F%2Fapp--facili-gestor360-4024db14.base44.app%2Fpatrimony%2FTELEFONE%2520-005","https://app--facili-gestor360-4024db14.base44.app/patrimony/TELEFONE%20-005","14842018000145","jose.moura@gpsfacility.com","","","","68a36d17d32cf8be8445934f","2025-08-18T18:12:39.216000","2025-08-18T18:12:39.216000","688be2e148da9608d122c190","false"
"TELEFONE S/FIO TS 5121 RAMAL PRETO INTELBRAS-THO 4125121 / 7896637647571  6","TELEFONE -006","eletronico","6899f22a877c5ab49c2d1c2d","2024-01-01","","","211.63","em_uso","","https://api.qrserver.com/v1/create-qr-code/?size=200x200&data=https%3A%2F%2Fapp--facili-gestor360-4024db14.base44.app%2Fpatrimony%2FTELEFONE%2520-006","https://app--facili-gestor360-4024db14.base44.app/patrimony/TELEFONE%20-006","14842018000145","jose.moura@gpsfacility.com","","","","68a36d17d32cf8be84459350","2025-08-18T18:12:39.216000","2025-08-18T18:12:39.216000","688be2e148da9608d122c190","false"
"TELEFONE S/FIO TS 5121 RAMAL PRETO INTELBRAS-THO 4125121 / 7896637647571  3","TELEFONE -003","eletronico","6899f22a877c5ab49c2d1c2d","2024-01-01","","","211.63","em_uso","","https://api.qrserver.com/v1/create-qr-code/?size=200x200&data=https%3A%2F%2Fapp--facili-gestor360-4024db14.base44.app%2Fpatrimony%2FTELEFONE%2520-003","https://app--facili-gestor360-4024db14.base44.app/patrimony/TELEFONE%20-003","14842018000145","jose.moura@gpsfacility.com","","","","68a36d17d32cf8be8445934d","2025-08-18T18:12:39.216000","2025-08-18T18:12:39.216000","688be2e148da9608d122c190","false"
"SINO DE FAZENDA 1,5KG","EQP-1755540613157-0O4R2K","mobiliario","6899f22a877c5ab49c2d1c2d","2024-01-01","","","206.91","em_uso","","https://api.qrserver.com/v1/create-qr-code/?size=200x200&data=https%3A%2F%2Fapp--facili-gestor360-4024db14.base44.app%2Fpatrimony%2FEQP-1755540613157-0O4R2K","https://app--facili-gestor360-4024db14.base44.app/patrimony/EQP-1755540613157-0O4R2K","14842018000145","jose.moura@gpsfacility.com","","","","68a36c85bb773496c8bef571","2025-08-18T18:10:13.635000","2025-08-18T18:10:13.635000","688be2e148da9608d122c190","false"
"COMBO S/FIO TEC/MOUSE LOGITECH MK235 II","EQP-1755540518609-HLWUDP","eletronico","6899f22a877c5ab49c2d1c2d","2024-01-01","","","146.39","em_uso","","https://api.qrserver.com/v1/create-qr-code/?size=200x200&data=https%3A%2F%2Fapp--facili-gestor360-4024db14.base44.app%2Fpatrimony%2FEQP-1755540518609-HLWUDP","https://app--facili-gestor360-4024db14.base44.app/patrimony/EQP-1755540518609-HLWUDP","14842018000145","jose.moura@gpsfacility.com","","","","68a36c263afd446811aabfb5","2025-08-18T18:08:38.866000","2025-08-18T18:08:38.866000","688be2e148da9608d122c190","false"
"MONITOR ALLTEK 21.5 FHD 100HZ 5MS","EQP-1755540481991-I2SMG1","eletronico","6899f22a877c5ab49c2d1c2d","2025-01-01","","","512.83","em_uso","","https://api.qrserver.com/v1/create-qr-code/?size=200x200&data=https%3A%2F%2Fapp--facili-gestor360-4024db14.base44.app%2Fpatrimony%2FEQP-1755540481991-I2SMG1","https://app--facili-gestor360-4024db14.base44.app/patrimony/EQP-1755540481991-I2SMG1","14842018000145","jose.moura@gpsfacility.com","","","","68a36c02b67c90d0b4e9311a","2025-08-18T18:08:02.244000","2025-08-18T18:08:02.244000","688be2e148da9608d122c190","false"
"MONITOR ALLTEK 21.5 FHD 100HZ 5MS 1","Monitor-001","ferramenta","6899f22a877c5ab49c2d1c2d","2025-01-01","","","512.83","em_uso","","https://api.qrserver.com/v1/create-qr-code/?size=200x200&data=https%3A%2F%2Fapp--facili-gestor360-4024db14.base44.app%2Fpatrimony%2FMonitor-001","https://app--facili-gestor360-4024db14.base44.app/patrimony/Monitor-001","14842018000145","jose.moura@gpsfacility.com","","","","68a36bc2842d6e4021a72561","2025-08-18T18:06:58.599000","2025-08-18T18:06:58.599000","688be2e148da9608d122c190","false"
"HEADSET HP DHE-8009 P2 OFFICE","EQP-1755540371069-UMWQ19","eletronico","6899f22a877c5ab49c2d1c2d","2024-01-01","","","56.4","em_uso","","https://api.qrserver.com/v1/create-qr-code/?size=200x200&data=https%3A%2F%2Fapp--facili-gestor360-4024db14.base44.app%2Fpatrimony%2FEQP-1755540371069-UMWQ19","https://app--facili-gestor360-4024db14.base44.app/patrimony/EQP-1755540371069-UMWQ19","14842018000145","jose.moura@gpsfacility.com","","","","68a36b934dc8f7c135cb3b91","2025-08-18T18:06:11.311000","2025-08-18T18:06:11.311000","688be2e148da9608d122c190","false"
"COMBO S/FIO TEC/MOUSE LOGITECH MK235 II","EQP-1755540345328-WSWUTW","eletronico","6899f22a877c5ab49c2d1c2d","2024-01-01","","","145.98","em_uso","","https://api.qrserver.com/v1/create-qr-code/?size=200x200&data=https%3A%2F%2Fapp--facili-gestor360-4024db14.base44.app%2Fpatrimony%2FEQP-1755540345328-WSWUTW","https://app--facili-gestor360-4024db14.base44.app/patrimony/EQP-1755540345328-WSWUTW","14842018000145","jose.moura@gpsfacility.com","","","","68a36b796b859f0405ddbd18","2025-08-18T18:05:45.556000","2025-08-18T18:05:45.556000","688be2e148da9608d122c190","false"
"MONITOR ALLTEK 21.5 FHD 100HZ 5MS","EQP-1755540317405-CF5XJJ","eletronico","6899f22a877c5ab49c2d1c2d","2024-01-01","","","489.82","em_uso","","https://api.qrserver.com/v1/create-qr-code/?size=200x200&data=https%3A%2F%2Fapp--facili-gestor360-4024db14.base44.app%2Fpatrimony%2FEQP-1755540317405-CF5XJJ","https://app--facili-gestor360-4024db14.base44.app/patrimony/EQP-1755540317405-CF5XJJ","14842018000145","jose.moura@gpsfacility.com","","","","68a36b5dcf70a46db1131391","2025-08-18T18:05:17.887000","2025-08-18T18:05:17.887000","688be2e148da9608d122c190","false"
"CEL. SAMS. A06 128GB AZUL ESCURO ZF","EQP-1755540287903-YXY01F","eletronico","6899f22a877c5ab49c2d1c2d","2024-01-01","","","638.09","em_uso","","https://api.qrserver.com/v1/create-qr-code/?size=200x200&data=https%3A%2F%2Fapp--facili-gestor360-4024db14.base44.app%2Fpatrimony%2FEQP-1755540287903-YXY01F","https://app--facili-gestor360-4024db14.base44.app/patrimony/EQP-1755540287903-YXY01F","14842018000145","jose.moura@gpsfacility.com","","","","68a36b4060ad4e0720aec656","2025-08-18T18:04:48.190000","2025-08-18T18:04:48.190000","688be2e148da9608d122c190","false"
"MONITOR ALLTEK 21.5 FHD 100HZ 5MS","EQP-1755540238544-64Z3YP","eletronico","6899f22a877c5ab49c2d1c2d","2025-01-01","","","501.06","em_uso","","https://api.qrserver.com/v1/create-qr-code/?size=200x200&data=https%3A%2F%2Fapp--facili-gestor360-4024db14.base44.app%2Fpatrimony%2FEQP-1755540238544-64Z3YP","https://app--facili-gestor360-4024db14.base44.app/patrimony/EQP-1755540238544-64Z3YP","14842018000145","jose.moura@gpsfacility.com","","","","68a36b0e349b3b1c36e6780d","2025-08-18T18:03:58.829000","2025-08-18T18:03:58.829000","688be2e148da9608d122c190","false"
"CEL. SAMS. A06 128GB AZUL ESCURO ZF","EQP-1755540188450-IXWB3K","eletronico","6899f22a877c5ab49c2d1c2d","2025-01-01","","","754.46","em_uso","","https://api.qrserver.com/v1/create-qr-code/?size=200x200&data=https%3A%2F%2Fapp--facili-gestor360-4024db14.base44.app%2Fpatrimony%2FEQP-1755540188450-IXWB3K","https://app--facili-gestor360-4024db14.base44.app/patrimony/EQP-1755540188450-IXWB3K","14842018000145","jose.moura@gpsfacility.com","","","","68a36adc6b859f0405ddba3c","2025-08-18T18:03:08.706000","2025-08-18T18:03:08.706000","688be2e148da9608d122c190","false"
"COMBO S/FIO TEC/MOUSE LOGITECH MK345","EQP-1755540146306-EJOB6V","eletronico","6899f22a877c5ab49c2d1c2d","2025-01-01","","","171.57","em_uso","","https://api.qrserver.com/v1/create-qr-code/?size=200x200&data=https%3A%2F%2Fapp--facili-gestor360-4024db14.base44.app%2Fpatrimony%2FEQP-1755540146306-EJOB6V","https://app--facili-gestor360-4024db14.base44.app/patrimony/EQP-1755540146306-EJOB6V","14842018000145","jose.moura@gpsfacility.com","","","","68a36ab28fd674a67a8b75c4","2025-08-18T18:02:26.630000","2025-08-18T18:02:26.630000","688be2e148da9608d122c190","false"
"Suporte Vertical Para Dois Monitores De 14 A 32 Regulavel  1","SUPORTE-001","mobiliario","6899f22a877c5ab49c2d1c2d","2024-01-01","","","212.9","em_uso","","https://api.qrserver.com/v1/create-qr-code/?size=200x200&data=https%3A%2F%2Fapp--facili-gestor360-4024db14.base44.app%2Fpatrimony%2FSUPORTE-001","https://app--facili-gestor360-4024db14.base44.app/patrimony/SUPORTE-001","14842018000145","jose.moura@gpsfacility.com","","","","68a36a7620126e509f0a6623","2025-08-18T18:01:26.835000","2025-08-18T18:01:26.835000","688be2e148da9608d122c190","false"
"Suporte Vertical Para Dois Monitores De 14 A 32 Regulavel  2","SUPORTE-002","mobiliario","6899f22a877c5ab49c2d1c2d","2024-01-01","","","212.9","em_uso","","https://api.qrserver.com/v1/create-qr-code/?size=200x200&data=https%3A%2F%2Fapp--facili-gestor360-4024db14.base44.app%2Fpatrimony%2FSUPORTE-002","https://app--facili-gestor360-4024db14.base44.app/patrimony/SUPORTE-002","14842018000145","jose.moura@gpsfacility.com","","","","68a36a7620126e509f0a6624","2025-08-18T18:01:26.835000","2025-08-18T18:01:26.835000","688be2e148da9608d122c190","false"
"AirPods","EQP-1755539735935-4OIP1A","eletronico","6899f22a877c5ab49c2d1c2d","2025-01-01","","","1895","em_uso","","https://api.qrserver.com/v1/create-qr-code/?size=200x200&data=https%3A%2F%2Fapp--facili-gestor360-4024db14.base44.app%2Fpatrimony%2FEQP-1755539735935-4OIP1A","https://app--facili-gestor360-4024db14.base44.app/patrimony/EQP-1755539735935-4OIP1A","14842018000145","jose.moura@gpsfacility.com","","","","68a3691841169a993f469dca","2025-08-18T17:55:36.159000","2025-08-18T17:55:36.159000","688be2e148da9608d122c190","false"
"MACBOOK","EQP-1755539702228-97XXAQ","eletronico","6899f22a877c5ab49c2d1c2d","2025-01-01","","","6600","em_uso","","https://api.qrserver.com/v1/create-qr-code/?size=200x200&data=https%3A%2F%2Fapp--facili-gestor360-4024db14.base44.app%2Fpatrimony%2FEQP-1755539702228-97XXAQ","https://app--facili-gestor360-4024db14.base44.app/patrimony/EQP-1755539702228-97XXAQ","14842018000145","jose.moura@gpsfacility.com","","","","68a368f6ae56579680a0499f","2025-08-18T17:55:02.743000","2025-08-18T17:55:02.743000","688be2e148da9608d122c190","false"
"CONTENTOR 120L AMARELO","EQP-1755539436789-RCYCRX","ferramenta","6899f22a877c5ab49c2d1c2d","2024-01-01","","","452.54","em_uso","","https://api.qrserver.com/v1/create-qr-code/?size=200x200&data=https%3A%2F%2Fapp--facili-gestor360-4024db14.base44.app%2Fpatrimony%2FEQP-1755539436789-RCYCRX","https://app--facili-gestor360-4024db14.base44.app/patrimony/EQP-1755539436789-RCYCRX","14842018000145","jose.moura@gpsfacility.com","","","","68a367ed5fc6f3b4c53727c4","2025-08-18T17:50:37.117000","2025-08-18T17:50:37.117000","688be2e148da9608d122c190","false"
"BALDE ESPREMEDOR C/RODA E DRENO AM 1","Balde-001","ferramenta","6899f22a877c5ab49c2d1c2d","2024-01-01","","","574.6","em_uso","","https://api.qrserver.com/v1/create-qr-code/?size=200x200&data=https%3A%2F%2Fapp--facili-gestor360-4024db14.base44.app%2Fpatrimony%2FBalde-001","https://app--facili-gestor360-4024db14.base44.app/patrimony/Balde-001","14842018000145","jose.moura@gpsfacility.com","","","","68a367ade0205cf03df23408","2025-08-18T17:49:33.758000","2025-08-18T17:49:33.758000","688be2e148da9608d122c190","false"
"BALDE ESPREMEDOR C/RODA E DRENO AM 2","Balde-002","ferramenta","6899f22a877c5ab49c2d1c2d","2024-01-01","","","574.6","em_uso","","https://api.qrserver.com/v1/create-qr-code/?size=200x200&data=https%3A%2F%2Fapp--facili-gestor360-4024db14.base44.app%2Fpatrimony%2FBalde-002","https://app--facili-gestor360-4024db14.base44.app/patrimony/Balde-002","14842018000145","jose.moura@gpsfacility.com","","","","68a367ade0205cf03df23409","2025-08-18T17:49:33.758000","2025-08-18T17:49:33.758000","688be2e148da9608d122c190","false"
"ROCADEIRA LAT 2T 51,6CC 1,9HP 9500RPM","EQP-1755539321962-Y1HVKA","ferramenta","6899f22a877c5ab49c2d1c2d","2024-01-01","","","1235.24","em_uso","","https://api.qrserver.com/v1/create-qr-code/?size=200x200&data=https%3A%2F%2Fapp--facili-gestor360-4024db14.base44.app%2Fpatrimony%2FEQP-1755539321962-Y1HVKA","https://app--facili-gestor360-4024db14.base44.app/patrimony/EQP-1755539321962-Y1HVKA","14842018000145","jose.moura@gpsfacility.com","","","","68a3677a8fd674a67a8b6884","2025-08-18T17:48:42.252000","2025-08-18T17:48:42.252000","688be2e148da9608d122c190","false"
"ENCERADEIRA IND 50CM CL500 STHIL CLEAN","EQP-1755539272639-0K2T32","ferramenta","6899f22a877c5ab49c2d1c2d","2024-01-01","","","3831.76","em_uso","","https://api.qrserver.com/v1/create-qr-code/?size=200x200&data=https%3A%2F%2Fapp--facili-gestor360-4024db14.base44.app%2Fpatrimony%2FEQP-1755539272639-0K2T32","https://app--facili-gestor360-4024db14.base44.app/patrimony/EQP-1755539272639-0K2T32","14842018000145","jose.moura@gpsfacility.com","","","","68a36748ff9f732121153d0d","2025-08-18T17:47:52.903000","2025-08-18T17:47:52.903000","688be2e148da9608d122c190","false"
"MEDIDOR DIST LASER GLM50-12 (0,05 A 50M)","EQP-1755539233254-WN3YE3","ferramenta","6899f22a877c5ab49c2d1c2d","2025-01-01","","","534.52","em_uso","","https://api.qrserver.com/v1/create-qr-code/?size=200x200&data=https%3A%2F%2Fapp--facili-gestor360-4024db14.base44.app%2Fpatrimony%2FEQP-1755539233254-WN3YE3","https://app--facili-gestor360-4024db14.base44.app/patrimony/EQP-1755539233254-WN3YE3","14842018000145","jose.moura@gpsfacility.com","","","","68a36721349b3b1c36e64b85","2025-08-18T17:47:13.597000","2025-08-18T17:47:13.597000","688be2e148da9608d122c190","false"
"COMPACTADOR SOLO 4T 4HP 149CC 3400RPM C/HORIMETRO,RODAS,COBERTURA,EMBREAGEM","EQP-1755539021803-9RNRF5","ferramenta","6899f22a877c5ab49c2d1c2d","2025-01-01","","","10230","em_uso","","https://api.qrserver.com/v1/create-qr-code/?size=200x200&data=https%3A%2F%2Fapp--facili-gestor360-4024db14.base44.app%2Fpatrimony%2FEQP-1755539021803-9RNRF5","https://app--facili-gestor360-4024db14.base44.app/patrimony/EQP-1755539021803-9RNRF5","14842018000145","jose.moura@gpsfacility.com","","","","68a3664e013c1dc6c0d476fd","2025-08-18T17:43:42.370000","2025-08-18T17:43:42.370000","688be2e148da9608d122c190","false"
"MONITOR ALLTEK 21.5 FHD 100HZ 5MS","EQP-1755538619012-LNZBIQ","eletronico","6899f22a877c5ab49c2d1c2d","2024-01-01","","","489.82","em_uso","","https://api.qrserver.com/v1/create-qr-code/?size=200x200&data=https%3A%2F%2Fapp--facili-gestor360-4024db14.base44.app%2Fpatrimony%2FEQP-1755538619012-LNZBIQ","https://app--facili-gestor360-4024db14.base44.app/patrimony/EQP-1755538619012-LNZBIQ","14842018000145","jose.moura@gpsfacility.com","","","","68a364bbff687daa3cfca482","2025-08-18T17:36:59.280000","2025-08-18T17:36:59.280000","688be2e148da9608d122c190","false"
"MAXITERMO C/TORNEIRA 6LT 1362PRT TERMOLA 3","TORNEIRA-003","mobiliario","6890f4b7060d99856d4d819a","2025-01-01","","","259.9","em_uso","","https://api.qrserver.com/v1/create-qr-code/?size=200x200&data=https%3A%2F%2Fapp--facili-gestor360-4024db14.base44.app%2Fpatrimony%2FTORNEIRA-003","https://app--facili-gestor360-4024db14.base44.app/patrimony/TORNEIRA-003","14842018000145","jose.moura@gpsfacility.com","","","","68a364521bc4776b540532e0","2025-08-18T17:35:14.519000","2025-08-18T17:35:14.519000","688be2e148da9608d122c190","false"
"MAXITERMO C/TORNEIRA 6LT 1362PRT TERMOLA 4","TORNEIRA-004","mobiliario","6890f4b7060d99856d4d819a","2025-01-01","","","259.9","em_uso","","https://api.qrserver.com/v1/create-qr-code/?size=200x200&data=https%3A%2F%2Fapp--facili-gestor360-4024db14.base44.app%2Fpatrimony%2FTORNEIRA-004","https://app--facili-gestor360-4024db14.base44.app/patrimony/TORNEIRA-004","14842018000145","jose.moura@gpsfacility.com","","","","68a364521bc4776b540532e1","2025-08-18T17:35:14.519000","2025-08-18T17:35:14.519000","688be2e148da9608d122c190","false"
"MAXITERMO C/TORNEIRA 6LT 1362PRT TERMOLA 2","TORNEIRA-002","mobiliario","6890f4b7060d99856d4d819a","2025-01-01","","","259.9","em_uso","","https://api.qrserver.com/v1/create-qr-code/?size=200x200&data=https%3A%2F%2Fapp--facili-gestor360-4024db14.base44.app%2Fpatrimony%2FTORNEIRA-002","https://app--facili-gestor360-4024db14.base44.app/patrimony/TORNEIRA-002","14842018000145","jose.moura@gpsfacility.com","","","","68a364521bc4776b540532df","2025-08-18T17:35:14.519000","2025-08-18T17:35:14.519000","688be2e148da9608d122c190","false"
"MAXITERMO C/TORNEIRA 6LT 1362PRT TERMOLA 1","TORNEIRA-001","mobiliario","6890f4b7060d99856d4d819a","2025-01-01","","","259.9","em_uso","","https://api.qrserver.com/v1/create-qr-code/?size=200x200&data=https%3A%2F%2Fapp--facili-gestor360-4024db14.base44.app%2Fpatrimony%2FTORNEIRA-001","https://app--facili-gestor360-4024db14.base44.app/patrimony/TORNEIRA-001","14842018000145","jose.moura@gpsfacility.com","","","","68a364521bc4776b540532de","2025-08-18T17:35:14.518000","2025-08-18T17:35:14.518000","688be2e148da9608d122c190","false"
"CARRO AGUA 60KG","EQP-1755538400214-FQAT9E","maquinario","6890f430af56e52f005ac934","2025-01-01","","","248.55","em_uso","","https://api.qrserver.com/v1/create-qr-code/?size=200x200&data=https%3A%2F%2Fapp--facili-gestor360-4024db14.base44.app%2Fpatrimony%2FEQP-1755538400214-FQAT9E","https://app--facili-gestor360-4024db14.base44.app/patrimony/EQP-1755538400214-FQAT9E","14842018000145","jose.moura@gpsfacility.com","","","","68a363e02e02b458d73b32da","2025-08-18T17:33:20.477000","2025-08-18T17:33:20.477000","688be2e148da9608d122c190","false"
"CARRO PLATAF ACO 500KG 125X65CM","EQP-1755538322999-1GWUC4","maquinario","6890f430af56e52f005ac934","2025-01-01","","","1258","em_uso","","https://api.qrserver.com/v1/create-qr-code/?size=200x200&data=https%3A%2F%2Fapp--facili-gestor360-4024db14.base44.app%2Fpatrimony%2FEQP-1755538322999-1GWUC4","https://app--facili-gestor360-4024db14.base44.app/patrimony/EQP-1755538322999-1GWUC4","14842018000145","jose.moura@gpsfacility.com","","","","68a36393d32cf8be84452d6d","2025-08-18T17:32:03.562000","2025-08-18T17:32:03.562000","688be2e148da9608d122c190","false"
"Combo Teclado e Mouse sem fio Logitech MK235 Cinza Preto Preto","EQP-1755537892823-1ZV0YB","eletronico","6899f22a877c5ab49c2d1c2d","2024-01-01","","","135.99","em_uso","","https://api.qrserver.com/v1/create-qr-code/?size=200x200&data=https%3A%2F%2Fapp--facili-gestor360-4024db14.base44.app%2Fpatrimony%2FEQP-1755537892823-1ZV0YB","https://app--facili-gestor360-4024db14.base44.app/patrimony/EQP-1755537892823-1ZV0YB","14842018000145","jose.moura@gpsfacility.com","","","","68a361e5ff9f732121150f5a","2025-08-18T17:24:53.053000","2025-08-18T17:24:53.053000","688be2e148da9608d122c190","false"
"MARTELETE PERFURADOR 720W GBH 220 SDS PLUS","EQP-1755537857315-Y7PY4C","ferramenta","6899f22a877c5ab49c2d1c2d","2025-01-01","","","3455","em_uso","","https://api.qrserver.com/v1/create-qr-code/?size=200x200&data=https%3A%2F%2Fapp--facili-gestor360-4024db14.base44.app%2Fpatrimony%2FEQP-1755537857315-Y7PY4C","https://app--facili-gestor360-4024db14.base44.app/patrimony/EQP-1755537857315-Y7PY4C","14842018000145","jose.moura@gpsfacility.com","","","","68a361c1990e1fabb7dc3a58","2025-08-18T17:24:17.591000","2025-08-18T17:46:02.886000","688be2e148da9608d122c190","false"
"PURIFICADOR FR-600 BR SPECIALE 220V/50-60HZ TIPO DOME IBBL","EQP-1755537798028-FRM2WR","mobiliario","6899f22a877c5ab49c2d1c2d","2025-01-01","","","1262","em_uso","","https://api.qrserver.com/v1/create-qr-code/?size=200x200&data=https%3A%2F%2Fapp--facili-gestor360-4024db14.base44.app%2Fpatrimony%2FEQP-1755537798028-FRM2WR","https://app--facili-gestor360-4024db14.base44.app/patrimony/EQP-1755537798028-FRM2WR","14842018000145","jose.moura@gpsfacility.com","","","","68a361860a858c0f731c3fe1","2025-08-18T17:23:18.291000","2025-08-18T17:23:18.291000","688be2e148da9608d122c190","false"
"CAMERA INTELBRAS WIFI FULL HD IMX 2.8MM 10M (29409) 2","CAMERA-002","mobiliario","6899f22a877c5ab49c2d1c2d","2025-01-01","","","670","em_uso","","https://api.qrserver.com/v1/create-qr-code/?size=200x200&data=https%3A%2F%2Fapp--facili-gestor360-4024db14.base44.app%2Fpatrimony%2FCAMERA-002","https://app--facili-gestor360-4024db14.base44.app/patrimony/CAMERA-002","14842018000145","jose.moura@gpsfacility.com","","","","68a3612acf70a46db1129a03","2025-08-18T17:21:46.207000","2025-08-18T17:21:46.207000","688be2e148da9608d122c190","false"
"CAMERA INTELBRAS WIFI FULL HD IMX 2.8MM 10M (29409) 3","CAMERA-003","mobiliario","6899f22a877c5ab49c2d1c2d","2025-01-01","","","670","em_uso","","https://api.qrserver.com/v1/create-qr-code/?size=200x200&data=https%3A%2F%2Fapp--facili-gestor360-4024db14.base44.app%2Fpatrimony%2FCAMERA-003","https://app--facili-gestor360-4024db14.base44.app/patrimony/CAMERA-003","14842018000145","jose.moura@gpsfacility.com","","","","68a3612acf70a46db1129a04","2025-08-18T17:21:46.207000","2025-08-18T17:21:46.207000","688be2e148da9608d122c190","false"
"CAMERA INTELBRAS WIFI FULL HD IMX 2.8MM 10M (29409) 1","CAMERA-001","mobiliario","6899f22a877c5ab49c2d1c2d","2025-01-01","","","670","em_uso","","https://api.qrserver.com/v1/create-qr-code/?size=200x200&data=https%3A%2F%2Fapp--facili-gestor360-4024db14.base44.app%2Fpatrimony%2FCAMERA-001","https://app--facili-gestor360-4024db14.base44.app/patrimony/CAMERA-001","14842018000145","jose.moura@gpsfacility.com","","","","68a3612acf70a46db1129a02","2025-08-18T17:21:46.207000","2025-08-18T17:21:46.207000","688be2e148da9608d122c190","false"
"MARTELO DEMOLIDOR 1-1/8 28,6MM","EQP-1755537643799-W91I6F","ferramenta","6899f22a877c5ab49c2d1c2d","2025-01-01","","","7790","em_uso","","https://api.qrserver.com/v1/create-qr-code/?size=200x200&data=https%3A%2F%2Fapp--facili-gestor360-4024db14.base44.app%2Fpatrimony%2FEQP-1755537643799-W91I6F","https://app--facili-gestor360-4024db14.base44.app/patrimony/EQP-1755537643799-W91I6F","14842018000145","jose.moura@gpsfacility.com","","","","68a360ec0a858c0f731c3717","2025-08-18T17:20:44.109000","2025-08-18T17:20:44.109000","688be2e148da9608d122c190","false"
" Placa: RED8D58 - COMPASS LONGITUDE D - Lotacao: 5","EQP-1755537600332-IOS6K4","veiculo","6899f22a877c5ab49c2d1c2d","2025-01-01","","","113900","em_uso","","https://api.qrserver.com/v1/create-qr-code/?size=200x200&data=https%3A%2F%2Fapp--facili-gestor360-4024db14.base44.app%2Fpatrimony%2FEQP-1755537600332-IOS6K4","https://app--facili-gestor360-4024db14.base44.app/patrimony/EQP-1755537600332-IOS6K4","14842018000145","jose.moura@gpsfacility.com","","","","68a360c0a4570b90c0285e60","2025-08-18T17:20:00.636000","2025-08-18T17:20:00.636000","688be2e148da9608d122c190","false"
"ARMARIO ALTO MISTO 25MM NG","EQP-1755537500906-4J8A9Y","mobiliario","6899f22a877c5ab49c2d1c2d","2024-01-01","","","463","em_uso","","https://api.qrserver.com/v1/create-qr-code/?size=200x200&data=https%3A%2F%2Fapp--facili-gestor360-4024db14.base44.app%2Fpatrimony%2FEQP-1755537500906-4J8A9Y","https://app--facili-gestor360-4024db14.base44.app/patrimony/EQP-1755537500906-4J8A9Y","14842018000145","jose.moura@gpsfacility.com","","","","68a3605df7d20ab5b4f92b43","2025-08-18T17:18:21.223000","2025-08-18T17:18:21.223000","688be2e148da9608d122c190","false"
"IPHONE Xr","EQP-1755537375003-22NEFO","eletronico","6899f22a877c5ab49c2d1c2d","2024-01-01","","","1125","em_uso","","https://api.qrserver.com/v1/create-qr-code/?size=200x200&data=https%3A%2F%2Fapp--facili-gestor360-4024db14.base44.app%2Fpatrimony%2FEQP-1755537375003-22NEFO","https://app--facili-gestor360-4024db14.base44.app/patrimony/EQP-1755537375003-22NEFO","14842018000145","jose.moura@gpsfacility.com","","","","68a35fdfd32cf8be84450afc","2025-08-18T17:16:15.598000","2025-08-18T17:16:15.598000","688be2e148da9608d122c190","false"
"VASILHAMES - GAS  10","Bojão-010","maquinario","6890f1bca3dba7a7a0d73095","2024-01-27","","","150","em_uso","","https://api.qrserver.com/v1/create-qr-code/?size=200x200&data=https%3A%2F%2Fapp--facili-gestor360-4024db14.base44.app%2Fpatrimony%2FBoj%25C3%25A3o-010","https://app--facili-gestor360-4024db14.base44.app/patrimony/Boj%C3%A3o-010","14842018000145","jose.moura@gpsfacility.com","","","","68a35f76a8672ea7a8baf2d7","2025-08-18T17:14:30.125000","2025-08-18T17:14:30.125000","688be2e148da9608d122c190","false"
"VASILHAMES - GAS  1","Bojão-001","maquinario","6890f1bca3dba7a7a0d73095","2024-01-27","","","150","em_uso","","https://api.qrserver.com/v1/create-qr-code/?size=200x200&data=https%3A%2F%2Fapp--facili-gestor360-4024db14.base44.app%2Fpatrimony%2FBoj%25C3%25A3o-001","https://app--facili-gestor360-4024db14.base44.app/patrimony/Boj%C3%A3o-001","14842018000145","jose.moura@gpsfacility.com","","","","68a35f76a8672ea7a8baf2ce","2025-08-18T17:14:30.125000","2025-08-18T17:14:30.125000","688be2e148da9608d122c190","false"
"VASILHAMES - GAS  8","Bojão-008","maquinario","6890f1bca3dba7a7a0d73095","2024-01-27","","","150","em_uso","","https://api.qrserver.com/v1/create-qr-code/?size=200x200&data=https%3A%2F%2Fapp--facili-gestor360-4024db14.base44.app%2Fpatrimony%2FBoj%25C3%25A3o-008","https://app--facili-gestor360-4024db14.base44.app/patrimony/Boj%C3%A3o-008","14842018000145","jose.moura@gpsfacility.com","","","","68a35f76a8672ea7a8baf2d5","2025-08-18T17:14:30.125000","2025-08-18T17:14:30.125000","688be2e148da9608d122c190","false"
"VASILHAMES - GAS  6","Bojão-006","maquinario","6890f1bca3dba7a7a0d73095","2024-01-27","","","150","em_uso","","https://api.qrserver.com/v1/create-qr-code/?size=200x200&data=https%3A%2F%2Fapp--facili-gestor360-4024db14.base44.app%2Fpatrimony%2FBoj%25C3%25A3o-006","https://app--facili-gestor360-4024db14.base44.app/patrimony/Boj%C3%A3o-006","14842018000145","jose.moura@gpsfacility.com","","","","68a35f76a8672ea7a8baf2d3","2025-08-18T17:14:30.125000","2025-08-18T17:14:30.125000","688be2e148da9608d122c190","false"
"VASILHAMES - GAS  2","Bojão-002","maquinario","6890f1bca3dba7a7a0d73095","2024-01-27","","","150","em_uso","","https://api.qrserver.com/v1/create-qr-code/?size=200x200&data=https%3A%2F%2Fapp--facili-gestor360-4024db14.base44.app%2Fpatrimony%2FBoj%25C3%25A3o-002","https://app--facili-gestor360-4024db14.base44.app/patrimony/Boj%C3%A3o-002","14842018000145","jose.moura@gpsfacility.com","","","","68a35f76a8672ea7a8baf2cf","2025-08-18T17:14:30.125000","2025-08-18T17:14:30.125000","688be2e148da9608d122c190","false"
"VASILHAMES - GAS  11","Bojão-011","maquinario","6890f1bca3dba7a7a0d73095","2024-01-27","","","150","em_uso","","https://api.qrserver.com/v1/create-qr-code/?size=200x200&data=https%3A%2F%2Fapp--facili-gestor360-4024db14.base44.app%2Fpatrimony%2FBoj%25C3%25A3o-011","https://app--facili-gestor360-4024db14.base44.app/patrimony/Boj%C3%A3o-011","14842018000145","jose.moura@gpsfacility.com","","","","68a35f76a8672ea7a8baf2d8","2025-08-18T17:14:30.125000","2025-08-18T17:14:30.125000","688be2e148da9608d122c190","false"
"VASILHAMES - GAS  4","Bojão-004","maquinario","6890f1bca3dba7a7a0d73095","2024-01-27","","","150","em_uso","","https://api.qrserver.com/v1/create-qr-code/?size=200x200&data=https%3A%2F%2Fapp--facili-gestor360-4024db14.base44.app%2Fpatrimony%2FBoj%25C3%25A3o-004","https://app--facili-gestor360-4024db14.base44.app/patrimony/Boj%C3%A3o-004","14842018000145","jose.moura@gpsfacility.com","","","","68a35f76a8672ea7a8baf2d1","2025-08-18T17:14:30.125000","2025-08-18T17:14:30.125000","688be2e148da9608d122c190","false"
"VASILHAMES - GAS  3","Bojão-003","maquinario","6890f1bca3dba7a7a0d73095","2024-01-27","","","150","em_uso","","https://api.qrserver.com/v1/create-qr-code/?size=200x200&data=https%3A%2F%2Fapp--facili-gestor360-4024db14.base44.app%2Fpatrimony%2FBoj%25C3%25A3o-003","https://app--facili-gestor360-4024db14.base44.app/patrimony/Boj%C3%A3o-003","14842018000145","jose.moura@gpsfacility.com","","","","68a35f76a8672ea7a8baf2d0","2025-08-18T17:14:30.125000","2025-08-18T17:14:30.125000","688be2e148da9608d122c190","false"
"VASILHAMES - GAS  7","Bojão-007","maquinario","6890f1bca3dba7a7a0d73095","2024-01-27","","","150","em_uso","","https://api.qrserver.com/v1/create-qr-code/?size=200x200&data=https%3A%2F%2Fapp--facili-gestor360-4024db14.base44.app%2Fpatrimony%2FBoj%25C3%25A3o-007","https://app--facili-gestor360-4024db14.base44.app/patrimony/Boj%C3%A3o-007","14842018000145","jose.moura@gpsfacility.com","","","","68a35f76a8672ea7a8baf2d4","2025-08-18T17:14:30.125000","2025-08-18T17:14:30.125000","688be2e148da9608d122c190","false"
"VASILHAMES - GAS  12","Bojão-012","maquinario","6890f1bca3dba7a7a0d73095","2024-01-27","","","150","em_uso","","https://api.qrserver.com/v1/create-qr-code/?size=200x200&data=https%3A%2F%2Fapp--facili-gestor360-4024db14.base44.app%2Fpatrimony%2FBoj%25C3%25A3o-012","https://app--facili-gestor360-4024db14.base44.app/patrimony/Boj%C3%A3o-012","14842018000145","jose.moura@gpsfacility.com","","","","68a35f76a8672ea7a8baf2d9","2025-08-18T17:14:30.125000","2025-08-18T17:14:30.125000","688be2e148da9608d122c190","false"
"VASILHAMES - GAS  9","Bojão-009","maquinario","6890f1bca3dba7a7a0d73095","2024-01-27","","","150","em_uso","","https://api.qrserver.com/v1/create-qr-code/?size=200x200&data=https%3A%2F%2Fapp--facili-gestor360-4024db14.base44.app%2Fpatrimony%2FBoj%25C3%25A3o-009","https://app--facili-gestor360-4024db14.base44.app/patrimony/Boj%C3%A3o-009","14842018000145","jose.moura@gpsfacility.com","","","","68a35f76a8672ea7a8baf2d6","2025-08-18T17:14:30.125000","2025-08-18T17:14:30.125000","688be2e148da9608d122c190","false"
"VASILHAMES - GAS  5","Bojão-005","maquinario","6890f1bca3dba7a7a0d73095","2024-01-27","","","150","em_uso","","https://api.qrserver.com/v1/create-qr-code/?size=200x200&data=https%3A%2F%2Fapp--facili-gestor360-4024db14.base44.app%2Fpatrimony%2FBoj%25C3%25A3o-005","https://app--facili-gestor360-4024db14.base44.app/patrimony/Boj%C3%A3o-005","14842018000145","jose.moura@gpsfacility.com","","","","68a35f76a8672ea7a8baf2d2","2025-08-18T17:14:30.125000","2025-08-18T17:14:30.125000","688be2e148da9608d122c190","false"
"Micro Pc Lenovo M900 I5-6500t Ddr 4 8 Gb Ssd 240Gb Wifi","EQP-1755537159979-AFB0YP","eletronico","6899f22a877c5ab49c2d1c2d","2024-01-01","","","1199.37","em_uso","","https://api.qrserver.com/v1/create-qr-code/?size=200x200&data=https%3A%2F%2Fapp--facili-gestor360-4024db14.base44.app%2Fpatrimony%2FEQP-1755537159979-AFB0YP","https://app--facili-gestor360-4024db14.base44.app/patrimony/EQP-1755537159979-AFB0YP","14842018000145","jose.moura@gpsfacility.com","","","","68a35f08006b1534c2af475e","2025-08-18T17:12:40.275000","2025-08-18T17:12:40.275000","688be2e148da9608d122c190","false"
"CONJUNTO ANGULAR FACIL 1,50X1,50 1","Mesa-001","mobiliario","6899f22a877c5ab49c2d1c2d","2024-01-01","","","670","em_uso","","https://api.qrserver.com/v1/create-qr-code/?size=200x200&data=https%3A%2F%2Fapp--facili-gestor360-4024db14.base44.app%2Fpatrimony%2FMesa-001","https://app--facili-gestor360-4024db14.base44.app/patrimony/Mesa-001","14842018000145","jose.moura@gpsfacility.com","","","","68a35ec1e5728359fd1344fa","2025-08-18T17:11:29.458000","2025-08-18T17:11:29.458000","688be2e148da9608d122c190","false"
"CONJUNTO ANGULAR FACIL 1,50X1,50 2","Mesa-002","mobiliario","6899f22a877c5ab49c2d1c2d","2024-01-01","","","670","em_uso","","https://api.qrserver.com/v1/create-qr-code/?size=200x200&data=https%3A%2F%2Fapp--facili-gestor360-4024db14.base44.app%2Fpatrimony%2FMesa-002","https://app--facili-gestor360-4024db14.base44.app/patrimony/Mesa-002","14842018000145","jose.moura@gpsfacility.com","","","","68a35ec1e5728359fd1344fb","2025-08-18T17:11:29.458000","2025-08-18T17:11:29.458000","688be2e148da9608d122c190","false"
"CADEIRA LUXO ACOLIC PRETA 2","Cadeira-002","mobiliario","6899f22a877c5ab49c2d1c2d","2024-01-01","","","840","em_uso","","https://api.qrserver.com/v1/create-qr-code/?size=200x200&data=https%3A%2F%2Fapp--facili-gestor360-4024db14.base44.app%2Fpatrimony%2FCadeira-002","https://app--facili-gestor360-4024db14.base44.app/patrimony/Cadeira-002","14842018000145","jose.moura@gpsfacility.com","","","","68a35e4ab29142dd60b3400a","2025-08-18T17:09:30.997000","2025-08-18T17:09:30.997000","688be2e148da9608d122c190","false"
"CADEIRA LUXO ACOLIC PRETA 1","Cadeira-001","mobiliario","6899f22a877c5ab49c2d1c2d","2024-01-01","","","840","em_uso","","https://api.qrserver.com/v1/create-qr-code/?size=200x200&data=https%3A%2F%2Fapp--facili-gestor360-4024db14.base44.app%2Fpatrimony%2FCadeira-001","https://app--facili-gestor360-4024db14.base44.app/patrimony/Cadeira-001","14842018000145","jose.moura@gpsfacility.com","","","","68a35e4ab29142dd60b34009","2025-08-18T17:09:30.997000","2025-08-18T17:09:30.997000","688be2e148da9608d122c190","false"
"CADEIRA PRESIDENTE OFFICE PRETA 1","Giratoria-001","mobiliario","6899f22a877c5ab49c2d1c2d","2024-01-01","","","450.5","em_uso","","https://api.qrserver.com/v1/create-qr-code/?size=200x200&data=https%3A%2F%2Fapp--facili-gestor360-4024db14.base44.app%2Fpatrimony%2FGiratoria-001","https://app--facili-gestor360-4024db14.base44.app/patrimony/Giratoria-001","14842018000145","jose.moura@gpsfacility.com","","","","68a35e1e9773c85a9e401d15","2025-08-18T17:08:46.651000","2025-08-18T17:08:46.651000","688be2e148da9608d122c190","false"
"CADEIRA PRESIDENTE OFFICE PRETA 2","Giratoria-002","mobiliario","6899f22a877c5ab49c2d1c2d","2024-01-01","","","450.5","em_uso","","https://api.qrserver.com/v1/create-qr-code/?size=200x200&data=https%3A%2F%2Fapp--facili-gestor360-4024db14.base44.app%2Fpatrimony%2FGiratoria-002","https://app--facili-gestor360-4024db14.base44.app/patrimony/Giratoria-002","14842018000145","jose.moura@gpsfacility.com","","","","68a35e1e9773c85a9e401d16","2025-08-18T17:08:46.651000","2025-08-18T17:08:46.651000","688be2e148da9608d122c190","false"
"BAIA INIC FECHADA 0,80CM 15MM PRETO","EQP-1755536836377-XJ9AM0","mobiliario","6899f22a877c5ab49c2d1c2d","2024-01-01","","","259","em_uso","","https://api.qrserver.com/v1/create-qr-code/?size=200x200&data=https%3A%2F%2Fapp--facili-gestor360-4024db14.base44.app%2Fpatrimony%2FEQP-1755536836377-XJ9AM0","https://app--facili-gestor360-4024db14.base44.app/patrimony/EQP-1755536836377-XJ9AM0","14842018000145","jose.moura@gpsfacility.com","","","","68a35dc46b792449da10d956","2025-08-18T17:07:16.653000","2025-08-18T17:07:16.653000","688be2e148da9608d122c190","false"
"BAIA CONT FECHADA 0,80CM 15MM PRETO 1","baia-001","mobiliario","6899f22a877c5ab49c2d1c2d","2024-01-01","","","187","em_uso","","https://api.qrserver.com/v1/create-qr-code/?size=200x200&data=https%3A%2F%2Fapp--facili-gestor360-4024db14.base44.app%2Fpatrimony%2Fbaia-001","https://app--facili-gestor360-4024db14.base44.app/patrimony/baia-001","14842018000145","jose.moura@gpsfacility.com","","","","68a35d9fa2e31d5a6945fb99","2025-08-18T17:06:39.170000","2025-08-18T17:06:39.170000","688be2e148da9608d122c190","false"
"BAIA CONT FECHADA 0,80CM 15MM PRETO 3","baia-003","mobiliario","6899f22a877c5ab49c2d1c2d","2024-01-01","","","187","em_uso","","https://api.qrserver.com/v1/create-qr-code/?size=200x200&data=https%3A%2F%2Fapp--facili-gestor360-4024db14.base44.app%2Fpatrimony%2Fbaia-003","https://app--facili-gestor360-4024db14.base44.app/patrimony/baia-003","14842018000145","jose.moura@gpsfacility.com","","","","68a35d9fa2e31d5a6945fb9b","2025-08-18T17:06:39.170000","2025-08-18T17:06:39.170000","688be2e148da9608d122c190","false"
"BAIA CONT FECHADA 0,80CM 15MM PRETO 2","baia-002","mobiliario","6899f22a877c5ab49c2d1c2d","2024-01-01","","","187","em_uso","","https://api.qrserver.com/v1/create-qr-code/?size=200x200&data=https%3A%2F%2Fapp--facili-gestor360-4024db14.base44.app%2Fpatrimony%2Fbaia-002","https://app--facili-gestor360-4024db14.base44.app/patrimony/baia-002","14842018000145","jose.moura@gpsfacility.com","","","","68a35d9fa2e31d5a6945fb9a","2025-08-18T17:06:39.170000","2025-08-18T17:06:39.170000","688be2e148da9608d122c190","false"
"SOFA VITORIA 3 LUGARES PRT","EQP-1755536737649-Y1NHE7","mobiliario","6899f22a877c5ab49c2d1c2d","2024-01-01","","","665","em_uso","","https://api.qrserver.com/v1/create-qr-code/?size=200x200&data=https%3A%2F%2Fapp--facili-gestor360-4024db14.base44.app%2Fpatrimony%2FEQP-1755536737649-Y1NHE7","https://app--facili-gestor360-4024db14.base44.app/patrimony/EQP-1755536737649-Y1NHE7","14842018000145","jose.moura@gpsfacility.com","","","","68a35d614d6620a64b17b98d","2025-08-18T17:05:37.975000","2025-08-18T17:05:37.975000","688be2e148da9608d122c190","false"
"SOFA VITORIA 1 LUGAR PRT","EQP-1755536700239-12KLIS","mobiliario","6899f22a877c5ab49c2d1c2d","2024-01-01","","","478","em_uso","","https://api.qrserver.com/v1/create-qr-code/?size=200x200&data=https%3A%2F%2Fapp--facili-gestor360-4024db14.base44.app%2Fpatrimony%2FEQP-1755536700239-12KLIS","https://app--facili-gestor360-4024db14.base44.app/patrimony/EQP-1755536700239-12KLIS","14842018000145","jose.moura@gpsfacility.com","","","","68a35d3c6f75a09ae3570fe7","2025-08-18T17:05:00.502000","2025-08-18T17:05:00.502000","688be2e148da9608d122c190","false"
"Computador 3040 i5 8gb 500 hd","EQP-1755536608664-X3HN2T","eletronico","6899f22a877c5ab49c2d1c2d","2024-01-01","","","1997","em_uso","","https://api.qrserver.com/v1/create-qr-code/?size=200x200&data=https%3A%2F%2Fapp--facili-gestor360-4024db14.base44.app%2Fpatrimony%2FEQP-1755536608664-X3HN2T","https://app--facili-gestor360-4024db14.base44.app/patrimony/EQP-1755536608664-X3HN2T","14842018000145","jose.moura@gpsfacility.com","","","","68a35ce1baf4b8fdc9ac084a","2025-08-18T17:03:29.246000","2025-08-18T17:03:29.246000","688be2e148da9608d122c190","false"
"BULE C/BICO 700ML 1204 FORMA  4","Bule-004","mobiliario","6890f4b7060d99856d4d819a","2025-01-27","","","241.6","em_uso","","https://api.qrserver.com/v1/create-qr-code/?size=200x200&data=https%3A%2F%2Fapp--facili-gestor360-4024db14.base44.app%2Fpatrimony%2FBule-004","https://app--facili-gestor360-4024db14.base44.app/patrimony/Bule-004","14842018000145","jose.moura@gpsfacility.com","","","","68a35c980a103947d7838c9d","2025-08-18T17:02:16.011000","2025-08-18T17:02:16.011000","688be2e148da9608d122c190","false"
"BULE C/BICO 700ML 1204 FORMA  1","Bule-001","mobiliario","6890f4b7060d99856d4d819a","2025-01-27","","","241.6","em_uso","","https://api.qrserver.com/v1/create-qr-code/?size=200x200&data=https%3A%2F%2Fapp--facili-gestor360-4024db14.base44.app%2Fpatrimony%2FBule-001","https://app--facili-gestor360-4024db14.base44.app/patrimony/Bule-001","14842018000145","jose.moura@gpsfacility.com","","","","68a35c980a103947d7838c9a","2025-08-18T17:02:16.011000","2025-08-18T17:02:16.011000","688be2e148da9608d122c190","false"
"BULE C/BICO 700ML 1204 FORMA  3","Bule-003","mobiliario","6890f4b7060d99856d4d819a","2025-01-27","","","241.6","em_uso","","https://api.qrserver.com/v1/create-qr-code/?size=200x200&data=https%3A%2F%2Fapp--facili-gestor360-4024db14.base44.app%2Fpatrimony%2FBule-003","https://app--facili-gestor360-4024db14.base44.app/patrimony/Bule-003","14842018000145","jose.moura@gpsfacility.com","","","","68a35c980a103947d7838c9c","2025-08-18T17:02:16.011000","2025-08-18T17:02:16.011000","688be2e148da9608d122c190","false"
"BULE C/BICO 700ML 1204 FORMA  2","Bule-002","mobiliario","6890f4b7060d99856d4d819a","2025-01-27","","","241.6","em_uso","","https://api.qrserver.com/v1/create-qr-code/?size=200x200&data=https%3A%2F%2Fapp--facili-gestor360-4024db14.base44.app%2Fpatrimony%2FBule-002","https://app--facili-gestor360-4024db14.base44.app/patrimony/Bule-002","14842018000145","jose.moura@gpsfacility.com","","","","68a35c980a103947d7838c9b","2025-08-18T17:02:16.011000","2025-08-18T17:02:16.011000","688be2e148da9608d122c190","false"
"BANDEJA BUENA RET S/EMB 61712/481 1","Bandeja-red-001","mobiliario","6890f4b7060d99856d4d819a","2025-01-27","","","121.8","em_uso","","https://api.qrserver.com/v1/create-qr-code/?size=200x200&data=https%3A%2F%2Fapp--facili-gestor360-4024db14.base44.app%2Fpatrimony%2FBandeja-red-001","https://app--facili-gestor360-4024db14.base44.app/patrimony/Bandeja-red-001","14842018000145","jose.moura@gpsfacility.com","","","","68a35c4fd0f44e7baa8166e0","2025-08-18T17:01:03.918000","2025-08-18T17:01:03.918000","688be2e148da9608d122c190","false"
"BANDEJA BUENA RET S/EMB 61712/481 2","Bandeja-red-002","mobiliario","6890f4b7060d99856d4d819a","2025-01-27","","","121.8","em_uso","","https://api.qrserver.com/v1/create-qr-code/?size=200x200&data=https%3A%2F%2Fapp--facili-gestor360-4024db14.base44.app%2Fpatrimony%2FBandeja-red-002","https://app--facili-gestor360-4024db14.base44.app/patrimony/Bandeja-red-002","14842018000145","jose.moura@gpsfacility.com","","","","68a35c4fd0f44e7baa8166e1","2025-08-18T17:01:03.918000","2025-08-18T17:01:03.918000","688be2e148da9608d122c190","false"
"BANDEJA BUENA RET S/EMB 61712/481 3","Bandeja-red-003","mobiliario","6890f4b7060d99856d4d819a","2025-01-27","","","121.8","em_uso","","https://api.qrserver.com/v1/create-qr-code/?size=200x200&data=https%3A%2F%2Fapp--facili-gestor360-4024db14.base44.app%2Fpatrimony%2FBandeja-red-003","https://app--facili-gestor360-4024db14.base44.app/patrimony/Bandeja-red-003","14842018000145","jose.moura@gpsfacility.com","","","","68a35c4fd0f44e7baa8166e2","2025-08-18T17:01:03.918000","2025-08-18T17:01:03.918000","688be2e148da9608d122c190","false"
"BANDEJA BUENA RET S/EMB 61712/481 6","Bandeja-red-006","mobiliario","6890f4b7060d99856d4d819a","2025-01-27","","","121.8","em_uso","","https://api.qrserver.com/v1/create-qr-code/?size=200x200&data=https%3A%2F%2Fapp--facili-gestor360-4024db14.base44.app%2Fpatrimony%2FBandeja-red-006","https://app--facili-gestor360-4024db14.base44.app/patrimony/Bandeja-red-006","14842018000145","jose.moura@gpsfacility.com","","","","68a35c4fd0f44e7baa8166e5","2025-08-18T17:01:03.918000","2025-08-18T17:01:03.918000","688be2e148da9608d122c190","false"
"BANDEJA BUENA RET S/EMB 61712/481 8","Bandeja-red-008","mobiliario","6890f4b7060d99856d4d819a","2025-01-27","","","121.8","em_uso","","https://api.qrserver.com/v1/create-qr-code/?size=200x200&data=https%3A%2F%2Fapp--facili-gestor360-4024db14.base44.app%2Fpatrimony%2FBandeja-red-008","https://app--facili-gestor360-4024db14.base44.app/patrimony/Bandeja-red-008","14842018000145","jose.moura@gpsfacility.com","","","","68a35c4fd0f44e7baa8166e7","2025-08-18T17:01:03.918000","2025-08-18T17:01:03.918000","688be2e148da9608d122c190","false"
"BANDEJA BUENA RET S/EMB 61712/481 5","Bandeja-red-005","mobiliario","6890f4b7060d99856d4d819a","2025-01-27","","","121.8","em_uso","","https://api.qrserver.com/v1/create-qr-code/?size=200x200&data=https%3A%2F%2Fapp--facili-gestor360-4024db14.base44.app%2Fpatrimony%2FBandeja-red-005","https://app--facili-gestor360-4024db14.base44.app/patrimony/Bandeja-red-005","14842018000145","jose.moura@gpsfacility.com","","","","68a35c4fd0f44e7baa8166e4","2025-08-18T17:01:03.918000","2025-08-18T17:01:03.918000","688be2e148da9608d122c190","false"
"BANDEJA BUENA RET S/EMB 61712/481 4","Bandeja-red-004","mobiliario","6890f4b7060d99856d4d819a","2025-01-27","","","121.8","em_uso","","https://api.qrserver.com/v1/create-qr-code/?size=200x200&data=https%3A%2F%2Fapp--facili-gestor360-4024db14.base44.app%2Fpatrimony%2FBandeja-red-004","https://app--facili-gestor360-4024db14.base44.app/patrimony/Bandeja-red-004","14842018000145","jose.moura@gpsfacility.com","","","","68a35c4fd0f44e7baa8166e3","2025-08-18T17:01:03.918000","2025-08-18T17:01:03.918000","688be2e148da9608d122c190","false"
"BANDEJA BUENA RET S/EMB 61712/481 7","Bandeja-red-007","mobiliario","6890f4b7060d99856d4d819a","2025-01-27","","","121.8","em_uso","","https://api.qrserver.com/v1/create-qr-code/?size=200x200&data=https%3A%2F%2Fapp--facili-gestor360-4024db14.base44.app%2Fpatrimony%2FBandeja-red-007","https://app--facili-gestor360-4024db14.base44.app/patrimony/Bandeja-red-007","14842018000145","jose.moura@gpsfacility.com","","","","68a35c4fd0f44e7baa8166e6","2025-08-18T17:01:03.918000","2025-08-18T17:01:03.918000","688be2e148da9608d122c190","false"
"BANDEJA 40CM SE 1681/040 ARIENZO PROM BRINOX - GTIN: 7896502800766 4","BANDEJA-004","mobiliario","6890f4b7060d99856d4d819a","2024-01-27","","","79.8","em_uso","","https://api.qrserver.com/v1/create-qr-code/?size=200x200&data=https%3A%2F%2Fapp--facili-gestor360-4024db14.base44.app%2Fpatrimony%2FBANDEJA-004","https://app--facili-gestor360-4024db14.base44.app/patrimony/BANDEJA-004","14842018000145","jose.moura@gpsfacility.com","","","","68a35bf3f257dfe1a3a94414","2025-08-18T16:59:31.745000","2025-08-18T16:59:31.745000","688be2e148da9608d122c190","false"
"BANDEJA 40CM SE 1681/040 ARIENZO PROM BRINOX - GTIN: 7896502800766 5","BANDEJA-005","mobiliario","6890f4b7060d99856d4d819a","2024-01-27","","","79.8","em_uso","","https://api.qrserver.com/v1/create-qr-code/?size=200x200&data=https%3A%2F%2Fapp--facili-gestor360-4024db14.base44.app%2Fpatrimony%2FBANDEJA-005","https://app--facili-gestor360-4024db14.base44.app/patrimony/BANDEJA-005","14842018000145","jose.moura@gpsfacility.com","","","","68a35bf3f257dfe1a3a94415","2025-08-18T16:59:31.745000","2025-08-18T16:59:31.745000","688be2e148da9608d122c190","false"
"BANDEJA 40CM SE 1681/040 ARIENZO PROM BRINOX - GTIN: 7896502800766 6","BANDEJA-006","mobiliario","6890f4b7060d99856d4d819a","2024-01-27","","","79.8","em_uso","","https://api.qrserver.com/v1/create-qr-code/?size=200x200&data=https%3A%2F%2Fapp--facili-gestor360-4024db14.base44.app%2Fpatrimony%2FBANDEJA-006","https://app--facili-gestor360-4024db14.base44.app/patrimony/BANDEJA-006","14842018000145","jose.moura@gpsfacility.com","","","","68a35bf3f257dfe1a3a94416","2025-08-18T16:59:31.745000","2025-08-18T16:59:31.745000","688be2e148da9608d122c190","false"
"BANDEJA 40CM SE 1681/040 ARIENZO PROM BRINOX - GTIN: 7896502800766 3","BANDEJA-003","mobiliario","6890f4b7060d99856d4d819a","2024-01-27","","","79.8","em_uso","","https://api.qrserver.com/v1/create-qr-code/?size=200x200&data=https%3A%2F%2Fapp--facili-gestor360-4024db14.base44.app%2Fpatrimony%2FBANDEJA-003","https://app--facili-gestor360-4024db14.base44.app/patrimony/BANDEJA-003","14842018000145","jose.moura@gpsfacility.com","","","","68a35bf3f257dfe1a3a94413","2025-08-18T16:59:31.745000","2025-08-18T16:59:31.745000","688be2e148da9608d122c190","false"
"BANDEJA 40CM SE 1681/040 ARIENZO PROM BRINOX - GTIN: 7896502800766 1","BANDEJA-001","mobiliario","6890f4b7060d99856d4d819a","2024-01-27","","","79.8","em_uso","","https://api.qrserver.com/v1/create-qr-code/?size=200x200&data=https%3A%2F%2Fapp--facili-gestor360-4024db14.base44.app%2Fpatrimony%2FBANDEJA-001","https://app--facili-gestor360-4024db14.base44.app/patrimony/BANDEJA-001","14842018000145","jose.moura@gpsfacility.com","","","","68a35bf3f257dfe1a3a94411","2025-08-18T16:59:31.745000","2025-08-18T16:59:31.745000","688be2e148da9608d122c190","false"
"BANDEJA 40CM SE 1681/040 ARIENZO PROM BRINOX - GTIN: 7896502800766 7","BANDEJA-007","mobiliario","6890f4b7060d99856d4d819a","2024-01-27","","","79.8","em_uso","","https://api.qrserver.com/v1/create-qr-code/?size=200x200&data=https%3A%2F%2Fapp--facili-gestor360-4024db14.base44.app%2Fpatrimony%2FBANDEJA-007","https://app--facili-gestor360-4024db14.base44.app/patrimony/BANDEJA-007","14842018000145","jose.moura@gpsfacility.com","","","","68a35bf3f257dfe1a3a94417","2025-08-18T16:59:31.745000","2025-08-18T16:59:31.745000","688be2e148da9608d122c190","false"
"BANDEJA 40CM SE 1681/040 ARIENZO PROM BRINOX - GTIN: 7896502800766 8","BANDEJA-008","mobiliario","6890f4b7060d99856d4d819a","2024-01-27","","","79.8","em_uso","","https://api.qrserver.com/v1/create-qr-code/?size=200x200&data=https%3A%2F%2Fapp--facili-gestor360-4024db14.base44.app%2Fpatrimony%2FBANDEJA-008","https://app--facili-gestor360-4024db14.base44.app/patrimony/BANDEJA-008","14842018000145","jose.moura@gpsfacility.com","","","","68a35bf3f257dfe1a3a94418","2025-08-18T16:59:31.745000","2025-08-18T16:59:31.745000","688be2e148da9608d122c190","false"
"BANDEJA 40CM SE 1681/040 ARIENZO PROM BRINOX - GTIN: 7896502800766 2","BANDEJA-002","mobiliario","6890f4b7060d99856d4d819a","2024-01-27","","","79.8","em_uso","","https://api.qrserver.com/v1/create-qr-code/?size=200x200&data=https%3A%2F%2Fapp--facili-gestor360-4024db14.base44.app%2Fpatrimony%2FBANDEJA-002","https://app--facili-gestor360-4024db14.base44.app/patrimony/BANDEJA-002","14842018000145","jose.moura@gpsfacility.com","","","","68a35bf3f257dfe1a3a94412","2025-08-18T16:59:31.745000","2025-08-18T16:59:31.745000","688be2e148da9608d122c190","false"
"ACUCAREIRO ITATIAIA INOX 210G 1103 VIEL 4","ACUCAREIRO-004","mobiliario","6890f4b7060d99856d4d819a","2024-01-27","","","89.9","em_uso","","https://api.qrserver.com/v1/create-qr-code/?size=200x200&data=https%3A%2F%2Fapp--facili-gestor360-4024db14.base44.app%2Fpatrimony%2FACUCAREIRO-004","https://app--facili-gestor360-4024db14.base44.app/patrimony/ACUCAREIRO-004","14842018000145","jose.moura@gpsfacility.com","","","","68a35bcbfaa60b2c4ac9c6de","2025-08-18T16:58:51.254000","2025-08-18T16:58:51.254000","688be2e148da9608d122c190","false"
"ACUCAREIRO ITATIAIA INOX 210G 1103 VIEL 3","ACUCAREIRO-003","mobiliario","6890f4b7060d99856d4d819a","2024-01-27","","","89.9","em_uso","","https://api.qrserver.com/v1/create-qr-code/?size=200x200&data=https%3A%2F%2Fapp--facili-gestor360-4024db14.base44.app%2Fpatrimony%2FACUCAREIRO-003","https://app--facili-gestor360-4024db14.base44.app/patrimony/ACUCAREIRO-003","14842018000145","jose.moura@gpsfacility.com","","","","68a35bcbfaa60b2c4ac9c6dd","2025-08-18T16:58:51.254000","2025-08-18T16:58:51.254000","688be2e148da9608d122c190","false"
"ACUCAREIRO ITATIAIA INOX 210G 1103 VIEL 2","ACUCAREIRO-002","mobiliario","6890f4b7060d99856d4d819a","2024-01-27","","","89.9","em_uso","","https://api.qrserver.com/v1/create-qr-code/?size=200x200&data=https%3A%2F%2Fapp--facili-gestor360-4024db14.base44.app%2Fpatrimony%2FACUCAREIRO-002","https://app--facili-gestor360-4024db14.base44.app/patrimony/ACUCAREIRO-002","14842018000145","jose.moura@gpsfacility.com","","","","68a35bcbfaa60b2c4ac9c6dc","2025-08-18T16:58:51.254000","2025-08-18T16:58:51.254000","688be2e148da9608d122c190","false"
"ACUCAREIRO ITATIAIA INOX 210G 1103 VIEL 5","ACUCAREIRO-005","mobiliario","6890f4b7060d99856d4d819a","2024-01-27","","","89.9","em_uso","","https://api.qrserver.com/v1/create-qr-code/?size=200x200&data=https%3A%2F%2Fapp--facili-gestor360-4024db14.base44.app%2Fpatrimony%2FACUCAREIRO-005","https://app--facili-gestor360-4024db14.base44.app/patrimony/ACUCAREIRO-005","14842018000145","jose.moura@gpsfacility.com","","","","68a35bcbfaa60b2c4ac9c6df","2025-08-18T16:58:51.254000","2025-08-18T16:58:51.254000","688be2e148da9608d122c190","false"
"ACUCAREIRO ITATIAIA INOX 210G 1103 VIEL 7","ACUCAREIRO-007","mobiliario","6890f4b7060d99856d4d819a","2024-01-27","","","89.9","em_uso","","https://api.qrserver.com/v1/create-qr-code/?size=200x200&data=https%3A%2F%2Fapp--facili-gestor360-4024db14.base44.app%2Fpatrimony%2FACUCAREIRO-007","https://app--facili-gestor360-4024db14.base44.app/patrimony/ACUCAREIRO-007","14842018000145","jose.moura@gpsfacility.com","","","","68a35bcbfaa60b2c4ac9c6e1","2025-08-18T16:58:51.254000","2025-08-18T16:58:51.254000","688be2e148da9608d122c190","false"
"ACUCAREIRO ITATIAIA INOX 210G 1103 VIEL 8","ACUCAREIRO-008","mobiliario","6890f4b7060d99856d4d819a","2024-01-27","","","89.9","em_uso","","https://api.qrserver.com/v1/create-qr-code/?size=200x200&data=https%3A%2F%2Fapp--facili-gestor360-4024db14.base44.app%2Fpatrimony%2FACUCAREIRO-008","https://app--facili-gestor360-4024db14.base44.app/patrimony/ACUCAREIRO-008","14842018000145","jose.moura@gpsfacility.com","","","","68a35bcbfaa60b2c4ac9c6e2","2025-08-18T16:58:51.254000","2025-08-18T16:58:51.254000","688be2e148da9608d122c190","false"
"ACUCAREIRO ITATIAIA INOX 210G 1103 VIEL 1","ACUCAREIRO-001","mobiliario","6890f4b7060d99856d4d819a","2024-01-27","","","89.9","em_uso","","https://api.qrserver.com/v1/create-qr-code/?size=200x200&data=https%3A%2F%2Fapp--facili-gestor360-4024db14.base44.app%2Fpatrimony%2FACUCAREIRO-001","https://app--facili-gestor360-4024db14.base44.app/patrimony/ACUCAREIRO-001","14842018000145","jose.moura@gpsfacility.com","","","","68a35bcbfaa60b2c4ac9c6db","2025-08-18T16:58:51.254000","2025-08-18T16:58:51.254000","688be2e148da9608d122c190","false"
"ACUCAREIRO ITATIAIA INOX 210G 1103 VIEL 6","ACUCAREIRO-006","mobiliario","6890f4b7060d99856d4d819a","2024-01-27","","","89.9","em_uso","","https://api.qrserver.com/v1/create-qr-code/?size=200x200&data=https%3A%2F%2Fapp--facili-gestor360-4024db14.base44.app%2Fpatrimony%2FACUCAREIRO-006","https://app--facili-gestor360-4024db14.base44.app/patrimony/ACUCAREIRO-006","14842018000145","jose.moura@gpsfacility.com","","","","68a35bcbfaa60b2c4ac9c6e0","2025-08-18T16:58:51.254000","2025-08-18T16:58:51.254000","688be2e148da9608d122c190","false"
"MONITOR ALLTEK 21.5 FHD 100HZ 5MS 1","MONITOR-001","eletronico","6899f22a877c5ab49c2d1c2d","2023-01-01","","","512.83","em_uso","","https://api.qrserver.com/v1/create-qr-code/?size=200x200&data=https%3A%2F%2Fapp--facili-gestor360-4024db14.base44.app%2Fpatrimony%2FMONITOR-001","https://app--facili-gestor360-4024db14.base44.app/patrimony/MONITOR-001","14842018000145","jose.moura@gpsfacility.com","","","","68a35b73f7459805da759df9","2025-08-18T16:57:23.655000","2025-08-18T16:57:23.655000","688be2e148da9608d122c190","false"
"MONITOR ALLTEK 21.5 FHD 100HZ 5MS 2","MONITOR-002","eletronico","6899f22a877c5ab49c2d1c2d","2023-01-01","","","512.83","em_uso","","https://api.qrserver.com/v1/create-qr-code/?size=200x200&data=https%3A%2F%2Fapp--facili-gestor360-4024db14.base44.app%2Fpatrimony%2FMONITOR-002","https://app--facili-gestor360-4024db14.base44.app/patrimony/MONITOR-002","14842018000145","jose.moura@gpsfacility.com","","","","68a35b73f7459805da759dfa","2025-08-18T16:57:23.655000","2025-08-18T16:57:23.655000","688be2e148da9608d122c190","false"
"FOGAO 4BC (M14) STORI MAX P7 30X30 QS/QD P.PANELA METALMAQ 4","FOGÃO-004","maquinario","6890f1bca3dba7a7a0d73095","2024-01-27","","","2100","em_uso","","https://api.qrserver.com/v1/create-qr-code/?size=200x200&data=https%3A%2F%2Fapp--facili-gestor360-4024db14.base44.app%2Fpatrimony%2FFOG%25C3%2583O-004","https://app--facili-gestor360-4024db14.base44.app/patrimony/FOG%C3%83O-004","14842018000145","jose.moura@gpsfacility.com","","","","68a35954739e02352d5a273e","2025-08-18T16:48:20.411000","2025-08-18T16:48:20.411000","688be2e148da9608d122c190","false"
"FOGAO 4BC (M14) STORI MAX P7 30X30 QS/QD P.PANELA METALMAQ 5","FOGÃO-005","maquinario","6890f1bca3dba7a7a0d73095","2024-01-27","","","2100","em_uso","","https://api.qrserver.com/v1/create-qr-code/?size=200x200&data=https%3A%2F%2Fapp--facili-gestor360-4024db14.base44.app%2Fpatrimony%2FFOG%25C3%2583O-005","https://app--facili-gestor360-4024db14.base44.app/patrimony/FOG%C3%83O-005","14842018000145","jose.moura@gpsfacility.com","","","","68a35954739e02352d5a273f","2025-08-18T16:48:20.411000","2025-08-18T16:48:20.411000","688be2e148da9608d122c190","false"
"FOGAO 4BC (M14) STORI MAX P7 30X30 QS/QD P.PANELA METALMAQ 6","FOGÃO-006","maquinario","6890f1bca3dba7a7a0d73095","2024-01-27","","","2100","em_uso","","https://api.qrserver.com/v1/create-qr-code/?size=200x200&data=https%3A%2F%2Fapp--facili-gestor360-4024db14.base44.app%2Fpatrimony%2FFOG%25C3%2583O-006","https://app--facili-gestor360-4024db14.base44.app/patrimony/FOG%C3%83O-006","14842018000145","jose.moura@gpsfacility.com","","","","68a35954739e02352d5a2740","2025-08-18T16:48:20.411000","2025-08-18T16:48:20.411000","688be2e148da9608d122c190","false"
"FOGAO 4BC (M14) STORI MAX P7 30X30 QS/QD P.PANELA METALMAQ 3","FOGÃO-003","maquinario","6890f1bca3dba7a7a0d73095","2024-01-27","","","2100","em_uso","","https://api.qrserver.com/v1/create-qr-code/?size=200x200&data=https%3A%2F%2Fapp--facili-gestor360-4024db14.base44.app%2Fpatrimony%2FFOG%25C3%2583O-003","https://app--facili-gestor360-4024db14.base44.app/patrimony/FOG%C3%83O-003","14842018000145","jose.moura@gpsfacility.com","","","","68a35954739e02352d5a273d","2025-08-18T16:48:20.411000","2025-08-18T16:48:20.411000","688be2e148da9608d122c190","false"
"FOGAO 4BC (M14) STORI MAX P7 30X30 QS/QD P.PANELA METALMAQ 2","FOGÃO-002","maquinario","6890f1bca3dba7a7a0d73095","2024-01-27","","","2100","em_uso","","https://api.qrserver.com/v1/create-qr-code/?size=200x200&data=https%3A%2F%2Fapp--facili-gestor360-4024db14.base44.app%2Fpatrimony%2FFOG%25C3%2583O-002","https://app--facili-gestor360-4024db14.base44.app/patrimony/FOG%C3%83O-002","14842018000145","jose.moura@gpsfacility.com","","","","68a35954739e02352d5a273c","2025-08-18T16:48:20.411000","2025-08-18T16:48:20.411000","688be2e148da9608d122c190","false"
"FOGAO 4BC (M14) STORI MAX P7 30X30 QS/QD P.PANELA METALMAQ 1","FOGÃO-001","maquinario","6890f1bca3dba7a7a0d73095","2024-01-27","","","2100","em_uso","","https://api.qrserver.com/v1/create-qr-code/?size=200x200&data=https%3A%2F%2Fapp--facili-gestor360-4024db14.base44.app%2Fpatrimony%2FFOG%25C3%2583O-001","https://app--facili-gestor360-4024db14.base44.app/patrimony/FOG%C3%83O-001","14842018000145","jose.moura@gpsfacility.com","","","","68a35954739e02352d5a273b","2025-08-18T16:48:20.411000","2025-08-18T16:48:20.411000","688be2e148da9608d122c190","false"
"CAFETEIRA PROFISSIONAL 8LTX2 RESERVATORIO 220V - CF.4.822","EQP-1755535534378-80CQQJ","maquinario","6890f4b7060d99856d4d819a","2025-08-01","","","2550","em_uso","","https://api.qrserver.com/v1/create-qr-code/?size=200x200&data=https%3A%2F%2Fapp--facili-gestor360-4024db14.base44.app%2Fpatrimony%2FEQP-1755535534378-80CQQJ","https://app--facili-gestor360-4024db14.base44.app/patrimony/EQP-1755535534378-80CQQJ","14842018000145","jose.moura@gpsfacility.com","","","","68a358aee98efbdf3c6155e5","2025-08-18T16:45:34.706000","2025-08-18T16:45:34.706000","688be2e148da9608d122c190","false"
"CAFETEIRA PROFISSIONAL 8LTX2 RESERVATORIO 220V - CF.4.822","EQP-1755535456065-IGSF3I","maquinario","6890f4b7060d99856d4d819a","2025-01-31","","","2220","em_uso","","https://api.qrserver.com/v1/create-qr-code/?size=200x200&data=https%3A%2F%2Fapp--facili-gestor360-4024db14.base44.app%2Fpatrimony%2FEQP-1755535456065-IGSF3I","https://app--facili-gestor360-4024db14.base44.app/patrimony/EQP-1755535456065-IGSF3I","14842018000145","jose.moura@gpsfacility.com","","","","68a35860dfb4b2d402572210","2025-08-18T16:44:16.395000","2025-08-18T16:44:16.395000","688be2e148da9608d122c190","false"
"CAFETEIRA PROFISSIONAL 8LTX2 RESERVATORIO 220V - CF.4.822","-001","maquinario","6890f4b7060d99856d4d819a","2025-01-31","","","2115","em_uso","","https://api.qrserver.com/v1/create-qr-code/?size=200x200&data=https%3A%2F%2Fapp--facili-gestor360-4024db14.base44.app%2Fpatrimony%2F-001","https://app--facili-gestor360-4024db14.base44.app/patrimony/-001","14842018000145","jose.moura@gpsfacility.com","","","","68a35827c917273d22dca465","2025-08-18T16:43:19.153000","2025-08-18T16:43:19.153000","688be2e148da9608d122c190","false"
"CAFETEIRA PROFISSIONAL 8LTX2 RESERVATORIO 220V - CF.4.822","-002","maquinario","6890f4b7060d99856d4d819a","2025-01-31","","","2115","em_uso","","https://api.qrserver.com/v1/create-qr-code/?size=200x200&data=https%3A%2F%2Fapp--facili-gestor360-4024db14.base44.app%2Fpatrimony%2F-002","https://app--facili-gestor360-4024db14.base44.app/patrimony/-002","14842018000145","jose.moura@gpsfacility.com","","","","68a35827c917273d22dca466","2025-08-18T16:43:19.153000","2025-08-18T16:43:19.153000","688be2e148da9608d122c190","false"
"CAFETEIRA PROFISSIONAL 8LTX2 RESERVATORIO 220V - CF.4.822","-003","maquinario","6890f4b7060d99856d4d819a","2025-01-31","","","2115","em_uso","","https://api.qrserver.com/v1/create-qr-code/?size=200x200&data=https%3A%2F%2Fapp--facili-gestor360-4024db14.base44.app%2Fpatrimony%2F-003","https://app--facili-gestor360-4024db14.base44.app/patrimony/-003","14842018000145","jose.moura@gpsfacility.com","","","","68a35827c917273d22dca467","2025-08-18T16:43:19.153000","2025-08-18T16:43:19.153000","688be2e148da9608d122c190","false"
"CAFETEIRA PROFISSIONAL 8LTX2 RESERVATORIO 220V ","EQP-1755535316319-K02B2N","maquinario","6890f1bca3dba7a7a0d73095","2024-01-24","","","2280","em_uso","","https://api.qrserver.com/v1/create-qr-code/?size=200x200&data=https%3A%2F%2Fapp--facili-gestor360-4024db14.base44.app%2Fpatrimony%2FEQP-1755535316319-K02B2N","https://app--facili-gestor360-4024db14.base44.app/patrimony/EQP-1755535316319-K02B2N","14842018000145","jose.moura@gpsfacility.com","","","","68a357d464a92f5b302abd24","2025-08-18T16:41:56.861000","2025-08-18T16:41:56.861000","688be2e148da9608d122c190","false"
"CAFETEIRA PROFISSIONAL 6LTX2 RESERVATORIO 220V","EQP-1755535283945-SEXD9M","maquinario","6890f1bca3dba7a7a0d73095","2024-01-24","","","2200","em_uso","","https://api.qrserver.com/v1/create-qr-code/?size=200x200&data=https%3A%2F%2Fapp--facili-gestor360-4024db14.base44.app%2Fpatrimony%2FEQP-1755535283945-SEXD9M","https://app--facili-gestor360-4024db14.base44.app/patrimony/EQP-1755535283945-SEXD9M","14842018000145","jose.moura@gpsfacility.com","","","","68a357b45b25ba6756023b23","2025-08-18T16:41:24.280000","2025-08-18T16:41:24.280000","688be2e148da9608d122c190","false"
"GARRAFA TERMICA MAGIC PUMP PTO 1L ","EQP-1755534705793-CT5A71","outros","6890f388f3819f21201abd21","2025-08-19","","","57.92","em_uso","","https://api.qrserver.com/v1/create-qr-code/?size=200x200&data=https%3A%2F%2Fapp--facili-gestor360-4024db14.base44.app%2Fpatrimony%2FEQP-1755534705793-CT5A71","https://app--facili-gestor360-4024db14.base44.app/patrimony/EQP-1755534705793-CT5A71","14842018000145","jose.moura@gpsfacility.com","","","","68a3557284f536ba7708d9dd","2025-08-18T16:31:46.408000","2025-08-18T16:31:46.408000","688be2e148da9608d122c190","false"
"GARRAFA TERMICA MAGIC PUMP PTA 1,8LT  1","Garaga-001","outros","6890f388f3819f21201abd21","2025-08-19","","","85.33","em_uso","","https://api.qrserver.com/v1/create-qr-code/?size=200x200&data=https%3A%2F%2Fapp--facili-gestor360-4024db14.base44.app%2Fpatrimony%2FGaraga-001","https://app--facili-gestor360-4024db14.base44.app/patrimony/Garaga-001","14842018000145","jose.moura@gpsfacility.com","","","","68a3553104b245f9676b8105","2025-08-18T16:30:41.325000","2025-08-18T16:30:41.325000","688be2e148da9608d122c190","false"
"GARRAFA TERMICA MAGIC PUMP PTA 1,8LT  3","Garaga-003","outros","6890f388f3819f21201abd21","2025-08-19","","","85.33","em_uso","","https://api.qrserver.com/v1/create-qr-code/?size=200x200&data=https%3A%2F%2Fapp--facili-gestor360-4024db14.base44.app%2Fpatrimony%2FGaraga-003","https://app--facili-gestor360-4024db14.base44.app/patrimony/Garaga-003","14842018000145","jose.moura@gpsfacility.com","","","","68a3553104b245f9676b8107","2025-08-18T16:30:41.325000","2025-08-18T16:30:41.325000","688be2e148da9608d122c190","false"
"GARRAFA TERMICA MAGIC PUMP PTA 1,8LT  2","Garaga-002","outros","6890f388f3819f21201abd21","2025-08-19","","","85.33","em_uso","","https://api.qrserver.com/v1/create-qr-code/?size=200x200&data=https%3A%2F%2Fapp--facili-gestor360-4024db14.base44.app%2Fpatrimony%2FGaraga-002","https://app--facili-gestor360-4024db14.base44.app/patrimony/Garaga-002","14842018000145","jose.moura@gpsfacility.com","","","","68a3553104b245f9676b8106","2025-08-18T16:30:41.325000","2025-08-18T16:30:41.325000","688be2e148da9608d122c190","false"
"GARRAFA TERMICA MAGIC PUMP PTA 1,8LT  4","Garaga-004","outros","6890f388f3819f21201abd21","2025-08-19","","","85.33","em_uso","","https://api.qrserver.com/v1/create-qr-code/?size=200x200&data=https%3A%2F%2Fapp--facili-gestor360-4024db14.base44.app%2Fpatrimony%2FGaraga-004","https://app--facili-gestor360-4024db14.base44.app/patrimony/Garaga-004","14842018000145","jose.moura@gpsfacility.com","","","","68a3553104b245f9676b8108","2025-08-18T16:30:41.325000","2025-08-18T16:30:41.325000","688be2e148da9608d122c190","false"
"GARRAFA TERMICA MAGIC PUMP PTA 1,8LT  5","Garaga-005","outros","6890f388f3819f21201abd21","2025-08-19","","","85.33","em_uso","","https://api.qrserver.com/v1/create-qr-code/?size=200x200&data=https%3A%2F%2Fapp--facili-gestor360-4024db14.base44.app%2Fpatrimony%2FGaraga-005","https://app--facili-gestor360-4024db14.base44.app/patrimony/Garaga-005","14842018000145","jose.moura@gpsfacility.com","","","","68a3553104b245f9676b8109","2025-08-18T16:30:41.325000","2025-08-18T16:30:41.325000","688be2e148da9608d122c190","false"
"CAFETEIRA PROFISSIONAL 8LTX2 RESERVATORIO 220V - CF.4.822","caf001","mobiliario","6890f4b7060d99856d4d819a","2025-08-04","","","2550","em_uso","","https://api.qrserver.com/v1/create-qr-code/?size=200x200&data=https%3A%2F%2Fapp--facili-gestor360-4024db14.base44.app%2Fpatrimony%2Fcaf001","https://app--facili-gestor360-4024db14.base44.app/patrimony/caf001","14842018000145","rafael.lobato@gpsfacility.com","","","","6890e5d29e003789195a3b5f","2025-08-04T16:54:42.768000","2025-08-18T16:45:46.301000","6890c7d607b2a1cba40dc72a","false"